word	corpus	hit_id	词义	判定	判据	信度
STRENGTHEN	L1	59	加强	A3	"strengthen it you"	H
STRENGTHEN	L1	400	加强	A3	"strengthen the Personal"	H
STRENGTHEN	L1	528	加强	A3	"strengthen your argument"	H
STRENGTHEN	L1	718	加强	A3	"strengthen your position"	H
STRENGTHEN	L1	454	加强	A3	"strengthen your argument"	H
STRENGTHEN	L1	541	加强	A3	"strengthen your credibility"	H
STRENGTHEN	L1	790	加强	A3	"strengthen paragraph transitions"	H
STRENGTHEN	L1	61	加强	A3	"strengthen the essay"	H
STRENGTHEN	L1	391	加强	A3	"strengthen it Even"	H
STRENGTHEN	L1	67	加强	A3	"strengthen the logical"	H
STRENGTHEN	L1	750	加强	A3	"strengthen the connection"	H
STRENGTHEN	L1	78	加强	A3	"strengthen the piece"	H
STRENGTHEN	L1	277	加强	A3	"strengthen your argument"	H
STRENGTHEN	L1	257	加强	A3	"strengthen your credibility"	H
STRENGTHEN	L1	610	加强	A3	"strengthen it As"	H
STRENGTHEN	L1	67	加强	A3	"strengthen for your"	H
STRENGTHEN	L1	462	加强	A3	"strengthen your credibility"	H
STRENGTHEN	L1	98	加强	A3	"strengthen your evidence"	H
STRENGTHEN	L1	492	加强	A3	"strengthen your credibility"	H
STRENGTHEN	L1	382	加强	A3	"strengthen rather than"	H
STRENGTHEN	L1	197	加强	A3	"strengthen the Logical"	H
STRENGTHEN	L1	51	加强	A3	"strengthen it for"	H
STRENGTHEN	L1	42	加强	A3	"strengthen the essay"	H
STRENGTHEN	L1	356	加强	A3	"strengthen your evidence"	H
STRENGTHEN	L1	749	加强	A3	"strengthen topic sentences"	H
STRENGTHEN	L1	347	加强	A3	"strengthen your argument"	H
STRENGTHEN	L1	547	加强	A3	"strengthen the Conclusion"	H
STRENGTHEN	L1	152	加强	A3	"strengthen your argument"	H
STRENGTHEN	L1	423	加强	A3	"strengthen your examples"	H
STRENGTHEN	L1	700	加强	A3	"strengthen the essay"	H
STRENGTHEN	L1	554	加强	A3	"strengthen your historical"	H
STRENGTHEN	L1	52	加强	A3	"strengthen the logic"	H
STRENGTHEN	L1	731	加强	A3	"strengthen the distinction"	H
STRENGTHEN	L1	259	加强	A3	"strengthen the Logical"	H
STRENGTHEN	L1	497	加强	A3	"strengthen your credibility"	H
STRENGTHEN	L1	431	加强	A3	"strengthen the causal"	H
STRENGTHEN	L1	496	加强	A3	"strengthen your position"	H
STRENGTHEN	L1	719	加强	A3	"strengthen your numerical"	H
STRENGTHEN	L1	760	加强	A3	"strengthen credibility This"	H
STRENGTHEN	L1	70	加强	A3	"strengthen for revision"	H
STRENGTHEN	L1	718	加强	A3	"strengthen your credibility"	H
STRENGTHEN	L1	187	加强	A3	"strengthen the Logical"	H
STRENGTHEN	L1	442	加强	A3	"strengthen the case"	H
STRENGTHEN	L1	514	加强	A3	"strengthen your credibility"	H
STRENGTHEN	L1	62	加强	A3	"strengthen the essay"	H
STRENGTHEN	L1	46	加强	A3	"strengthen both your"	H
STRENGTHEN	L1	582	加强	A3	"strengthen transitions between"	H
STRENGTHEN	L1	381	加强	A3	"strengthen your credibility"	H
STRENGTHEN	L1	653	加强	A3	"strengthen the Ending"	H
STRENGTHEN	L1	75	加强	A3	"strengthen the logical"	H
STRENGTHEN	L1	48	加强	A3	"strengthen its argument"	H
STRENGTHEN	L1	69	加强	A3	"strengthen in revision"	H
STRENGTHEN	L1	163	加强	A3	"strengthen the Logical"	H
STRENGTHEN	L1	392	加强	A3	"strengthen your credibility"	H
STRENGTHEN	L1	49	加强	A3	"strengthen your argument"	H
STRENGTHEN	L1	243	加强	A3	"strengthen your credibility"	H
STRENGTHEN	L1	40	加强	A3	"strengthen its academic"	H
STRENGTHEN	L1	72	加强	A3	"strengthen this piece"	H
STRENGTHEN	L1	273	加强	A3	"strengthen Your Evidence"	H
STRENGTHEN	L1	365	加强	A3	"strengthen this significantly"	H
STRENGTHEN	L1	465	加强	A3	"strengthen it since"	H
STRENGTHEN	L1	302	加强	A3	"strengthen your credibility"	H
STRENGTHEN	L1	289	加强	A3	"strengthen your claims"	H
STRENGTHEN	L1	476	加强	A3	"strengthen Structure and"	H
STRENGTHEN	L1	323	加强	A3	"strengthen your claims"	H
STRENGTHEN	L1	392	加强	A3	"strengthen your credibility"	H
STRENGTHEN	L1	54	加强	A3	"strengthen it you"	H
STRENGTHEN	L1	542	加强	A3	"strengthen your credibility"	H
STRENGTHEN	L1	54	加强	A3	"strengthen this piece"	H
STRENGTHEN	L1	469	加强	A3	"strengthen a conclusion"	H
STRENGTHEN	L1	686	加强	A3	"strengthen your position"	H
STRENGTHEN	L1	53	加强	A3	"strengthen this piece"	H
STRENGTHEN	L1	735	加强	A3	"strengthen the conclusion"	H
STRENGTHEN	L1	82	加强	A3	"strengthen it you"	H
STRENGTHEN	L1	561	加强	A3	"strengthen your credibility"	H
STRENGTHEN	L1	46	加强	A3	"strengthen this piece"	H
STRENGTHEN	L1	460	加强	A3	"strengthen the Conclusion"	H
STRENGTHEN	L1	87	加强	A3	"strengthen evidence and"	H
STRENGTHEN	L1	802	加强	A3	"strengthen the conclusion"	H
STRENGTHEN	L1	70	加强	A3	"strengthen it you"	H
STRENGTHEN	L1	580	加强	A3	"strengthen the Argument"	H
STRENGTHEN	L1	55	加强	A3	"strengthen your thesis"	H
STRENGTHEN	L1	730	加强	A3	"strengthen your thesis"	H
STRENGTHEN	L1	69	加强	A3	"strengthen your argumentative"	H
STRENGTHEN	L1	44	加强	A3	"strengthen it you"	H
STRENGTHEN	L1	733	加强	A3	"strengthen the conclusion"	H
STRENGTHEN	L1	56	加强	A3	"strengthen in revision"	H
STRENGTHEN	L1	211	加强	A3	"strengthen this by"	H
STRENGTHEN	L1	438	加强	A3	"strengthen your credibility"	H
STRENGTHEN	L1	45	加强	A3	"strengthen this as"	H
STRENGTHEN	L1	583	加强	A3	"strengthen your argumentative"	H
STRENGTHEN	L1	54	加强	A3	"strengthen in revision"	H
STRENGTHEN	L1	673	加强	A3	"strengthen transitions between"	H
STRENGTHEN	L1	65	加强	A3	"strengthen it focus"	H
STRENGTHEN	L1	287	加强	A3	"strengthen your paragraphs"	H
STRENGTHEN	L1	50	加强	A3	"strengthen it you"	H
STRENGTHEN	L1	450	加强	A3	"strengthen the argument"	H
STRENGTHEN	L1	329	加强	A3	"strengthen your credibility"	H
STRENGTHEN	L1	736	加强	A3	"strengthen your entertainment"	H
STRENGTHEN	L1	84	加强	A3	"strengthen your claims"	H
STRENGTHEN	L1	750	加强	A3	"strengthen the conclusion"	H
STRENGTHEN	L1	813	加强	A3	"strengthen the essay"	H
STRENGTHEN	L1	411	加强	A3	"strengthen your argument"	H
STRENGTHEN	L1	342	加强	A3	"strengthen it with"	H
STRENGTHEN	L1	395	加强	A3	"strengthen your credibility"	H
STRENGTHEN	L1	694	加强	A3	"strengthen and fairly"	H
STRENGTHEN	L1	293	加强	A3	"strengthen the Values"	H
STRENGTHEN	L1	65	加强	A3	"strengthen in revision"	H
STRENGTHEN	L1	396	加强	A3	"strengthen credibility The"	H
STRENGTHEN	L1	594	加强	A3	"strengthen Your Conclusion"	H
STRENGTHEN	L1	653	加强	A3	"strengthen source attribution"	H
STRENGTHEN	L1	262	加强	A3	"strengthen this argument"	H
STRENGTHEN	L1	705	加强	A3	"strengthen the analytical"	H
STRENGTHEN	L1	446	加强	A3	"strengthen your conclusion"	H
STRENGTHEN	L1	487	加强	A3	"strengthen the Personal"	H
STRENGTHEN	L1	378	加强	A3	"strengthen this by"	H
STRENGTHEN	L1	562	加强	A3	"strengthen your introduction"	H
STRENGTHEN	L1	341	加强	A3	"strengthen this by"	H
STRENGTHEN	L1	720	加强	A3	"strengthen the counterargument"	H
STRENGTHEN	L1	567	加强	A3	"strengthen this section"	H
STRENGTHEN	L1	742	加强	A3	"strengthen the incapacitation"	H
STRENGTHEN	L1	48	加强	A3	"strengthen for your"	H
STRENGTHEN	L1	163	加强	A3	"strengthen the Argument"	H
STRENGTHEN	L1	301	加强	A3	"strengthen your credibility"	H
STRENGTHEN	L1	406	加强	A3	"strengthen it by"	H
STRENGTHEN	L1	463	加强	A3	"strengthen the connection"	H
STRENGTHEN	L1	719	加强	A3	"strengthen the connection"	H
STRENGTHEN	L1	413	加强	A3	"strengthen your critical"	H
STRENGTHEN	L1	445	加强	A3	"strengthen mionorities minorities"	H
STRENGTHEN	L1	705	加强	A3	"strengthen the conclusion"	H
STRENGTHEN	L1	666	加强	A3	"strengthen the moral"	H
STRENGTHEN	L1	64	加强	A3	"strengthen before your"	H
STRENGTHEN	L1	379	加强	A3	"strengthen this section"	H
STRENGTHEN	L1	633	加强	A3	"strengthen the Argument"	H
STRENGTHEN	L1	777	加强	A3	"strengthen the counterargument"	H
STRENGTHEN	L1	304	加强	A3	"strengthen your argument"	H
STRENGTHEN	L1	585	加强	A3	"strengthen your argument"	H
STRENGTHEN	L1	784	加强	A3	"strengthen or cut"	H
STRENGTHEN	L1	353	加强	A3	"strengthen these moments"	H
STRENGTHEN	L1	600	加强	A3	"strengthen the Conclusion"	H
STRENGTHEN	L1	682	加强	A3	"strengthen rebuttals with"	H
STRENGTHEN	L1	757	加强	A3	"strengthen the analysis"	H
STRENGTHEN	L1	599	加强	A3	"strengthen the Legal"	H
STRENGTHEN	L1	622	加强	A3	"strengthen the Cancer"	H
STRENGTHEN	L1	716	加强	A3	"strengthen your framing"	H
STRENGTHEN	L1	732	加强	A3	"strengthen the cost"	H
STRENGTHEN	L1	837	加强	A3	"strengthen transitions between"	H
STRENGTHEN	L1	42	加强	A3	"strengthen the essay"	H
STRENGTHEN	L1	404	加强	A3	"strengthen this section"	H
STRENGTHEN	L1	285	加强	A3	"strengthen your case"	H
STRENGTHEN	L1	296	加强	A3	"strengthen Paragraph Unity"	H
STRENGTHEN	L1	751	加强	A3	"strengthen your credibility"	H
STRENGTHEN	L1	51	加强	A3	"strengthen the piece"	H
STRENGTHEN	L1	426	加强	A3	"strengthen your argument"	H
STRENGTHEN	L1	578	加强	A3	"strengthen your proposal"	H
STRENGTHEN	L1	260	加强	A3	"strengthen the Comparison"	H
STRENGTHEN	L1	309	加强	A3	"strengthen this connection"	H
STRENGTHEN	L1	605	加强	A3	"strengthen the logical"	H
STRENGTHEN	L1	285	加强	A3	"strengthen Paragraph Unity"	H
STRENGTHEN	L1	523	加强	A3	"strengthen every section"	H
STRENGTHEN	L1	706	加强	A3	"strengthen the Conclusion"	H
STRENGTHEN	L1	62	加强	A3	"strengthen the essay"	H
STRENGTHEN	L1	251	加强	A3	"strengthen this section"	H
STRENGTHEN	L1	52	加强	A3	"strengthen its argumentative"	H
STRENGTHEN	L1	196	加强	A3	"strengthen Your Thesis"	H
STRENGTHEN	L1	224	加强	A3	"strengthen the argument"	H
STRENGTHEN	L1	435	加强	A3	"strengthen the Refutation"	H
STRENGTHEN	L1	696	加强	A3	"strengthen the Conclusion"	H
STRENGTHEN	L1	647	加强	A3	"strengthen the Thesis"	H
STRENGTHEN	L1	193	加强	A3	"strengthen your introduction"	H
STRENGTHEN	L1	295	加强	A3	"strengthen this Sharpen"	H
STRENGTHEN	L1	692	加强	A3	"strengthen your credibility"	H
STRENGTHEN	L1	718	加强	A3	"strengthen transitions between"	H
STRENGTHEN	L1	77	加强	A3	"strengthen Missing Citations"	H
STRENGTHEN	L1	551	加强	A3	"strengthen your credibility"	H
STRENGTHEN	L1	727	加强	A3	"strengthen the underdeveloped"	H
STRENGTHEN	L1	47	加强	A3	"strengthen this piece"	H
STRENGTHEN	L1	450	加强	A3	"strengthen your point"	H
STRENGTHEN	L1	47	加强	A3	"strengthen its argumentative"	H
STRENGTHEN	L1	433	加强	A3	"strengthen the analytical"	H
STRENGTHEN	L1	720	加强	A3	"strengthen your rebuttal"	H
STRENGTHEN	L1	353	加强	A3	"strengthen the logical"	H
STRENGTHEN	L1	736	加强	A3	"strengthen the link"	H
STRENGTHEN	L1	388	加强	A3	"strengthen your credibility"	H
STRENGTHEN	L1	310	加强	A3	"strengthen and Cite"	H
STRENGTHEN	L1	52	加强	A3	"strengthen it significantly"	H
STRENGTHEN	L1	503	加强	A3	"strengthen your argument"	H
STRENGTHEN	L1	567	加强	A3	"strengthen your position"	H
STRENGTHEN	L1	231	加强	A3	"strengthen that side"	H
STRENGTHEN	L1	249	加强	A3	"strengthen Paragraph Structure"	H
STRENGTHEN	L1	348	加强	A3	"strengthen your argument"	H
STRENGTHEN	L1	439	加强	A3	"strengthen your argument"	H
STRENGTHEN	L1	49	加强	A3	"strengthen this piece"	H
STRENGTHEN	L1	401	加强	A3	"strengthen your credibility"	H
STRENGTHEN	L1	602	加强	A3	"strengthen the conclusion"	H
STRENGTHEN	L1	733	加强	A3	"strengthen the causal"	H
STRENGTHEN	L1	762	加强	A3	"strengthen the conclusion"	H
STRENGTHEN	L1	449	加强	A3	"strengthen your credibility"	H
STRENGTHEN	L1	711	加强	A3	"strengthen the evidentiary"	H
STRENGTHEN	L1	703	加强	A3	"strengthen the conclusion"	H
STRENGTHEN	L1	609	加强	A3	"strengthen credibility Fact"	H
STRENGTHEN	L1	50	加强	A3	"strengthen its argument"	H
STRENGTHEN	L1	256	加强	A3	"strengthen this by"	H
STRENGTHEN	L1	442	加强	A3	"strengthen this section"	H
STRENGTHEN	L1	512	加强	A3	"strengthen your argument"	H
STRENGTHEN	L1	341	加强	A3	"strengthen your claims"	H
STRENGTHEN	L1	175	加强	A3	"strengthen Your Thesis"	H
STRENGTHEN	L1	274	加强	A3	"strengthen your argument"	H
STRENGTHEN	L1	65	加强	A3	"strengthen Thesis and"	H
STRENGTHEN	L1	733	加强	A3	"strengthen your thesis"	H
STRENGTHEN	L1	70	加强	A3	"strengthen in revision"	H
STRENGTHEN	L1	696	加强	A3	"strengthen transitions so"	H
STRENGTHEN	L1	60	加强	A3	"strengthen this piece"	H
STRENGTHEN	L1	334	加强	A3	"strengthen Your Evidence"	H
STRENGTHEN	L1	60	加强	A3	"strengthen this work"	H
STRENGTHEN	L1	59	加强	A3	"strengthen the next"	H
STRENGTHEN	L1	316	加强	A3	"strengthen Your Use"	H
STRENGTHEN	L1	145	加强	A3	"strengthen your credibility"	H
STRENGTHEN	L1	433	加强	A3	"strengthen your credibility"	H
STRENGTHEN	L1	763	加强	A3	"strengthen your conclusion"	H
STRENGTHEN	L1	55	加强	A3	"strengthen its argumentative"	H
STRENGTHEN	L1	431	加强	A3	"strengthen your argument"	H
STRENGTHEN	L1	768	加强	A3	"strengthen credibility You"	H
STRENGTHEN	L1	644	加强	A3	"strengthen your argument"	H
STRENGTHEN	L1	542	加强	A3	"strengthen it Consider"	H
STRENGTHEN	L1	360	加强	A3	"strengthen your credibility"	H
STRENGTHEN	L1	433	加强	A3	"strengthen them further"	H
STRENGTHEN	L1	341	加强	A3	"strengthen your rebuttal"	H
STRENGTHEN	L1	259	加强	A3	"strengthen it Your"	H
STRENGTHEN	L1	83	加强	A3	"strengthen this piece"	H
STRENGTHEN	L1	559	加强	A3	"strengthen the Conclusion"	H
STRENGTHEN	L1	57	加强	A3	"strengthen this piece"	H
STRENGTHEN	L1	689	加强	A3	"strengthen paragraph unity"	H
STRENGTHEN	L1	705	加强	A3	"strengthen credibility significantly"	H
STRENGTHEN	L1	72	加强	A3	"strengthen and Clarify"	H
STRENGTHEN	L1	443	加强	A3	"strengthen this section"	H
STRENGTHEN	L1	677	加强	A3	"strengthen the retribution"	H
STRENGTHEN	L1	57	加强	A3	"strengthen it you"	H
STRENGTHEN	L1	179	加强	A3	"strengthen the Logic"	H
STRENGTHEN	L1	77	加强	A3	"strengthen it significantly"	H
STRENGTHEN	L1	44	加强	A3	"strengthen this piece"	H
STRENGTHEN	L1	63	加强	A3	"strengthen the argumentative"	H
STRENGTHEN	L1	732	加强	A3	"strengthen the conclusion"	H
STRENGTHEN	L1	219	加强	A3	"strengthen it Consider"	H
STRENGTHEN	L1	561	加强	A3	"strengthen topic sentences"	H
STRENGTHEN	L1	733	加强	A3	"strengthen logical connections"	H
STRENGTHEN	L1	605	加强	A3	"strengthen citations Sentence"	H
STRENGTHEN	L1	249	加强	A3	"strengthen the Logic"	H
STRENGTHEN	L1	353	加强	A3	"strengthen focus Weak"	H
STRENGTHEN	L1	545	加强	A3	"strengthen your Jefferson"	H
STRENGTHEN	L1	174	加强	A3	"strengthen the structure"	H
STRENGTHEN	L1	59	加强	A3	"strengthen the thesis"	H
STRENGTHEN	L1	248	加强	A3	"strengthen organization The"	H
STRENGTHEN	L1	69	加强	A3	"strengthen the argument"	H
STRENGTHEN	L1	55	加强	A3	"strengthen your argument"	H
STRENGTHEN	L1	226	加强	A3	"strengthen paragraph organization"	H
STRENGTHEN	L1	246	加强	A3	"strengthen the conclusion"	H
STRENGTHEN	L1	77	加强	A3	"strengthen the thesis"	H
STRENGTHEN	L1	271	加强	A3	"strengthen the logic"	H
STRENGTHEN	L1	648	加强	A3	"strengthen transitions between"	H
STRENGTHEN	L1	420	加强	A3	"strengthen the essay"	H
STRENGTHEN	L1	690	加强	A3	"strengthen tone and"	H
STRENGTHEN	L1	53	加强	A3	"strengthen logic organizing"	H
STRENGTHEN	L1	358	加强	A3	"strengthen your reasoning"	H
STRENGTHEN	L1	168	加强	A3	"strengthen logic and"	H
STRENGTHEN	L1	683	加强	A3	"strengthen the conclusion"	H
STRENGTHEN	L1	44	加强	A3	"strengthen your evidence"	H
STRENGTHEN	L1	61	加强	A3	"strengthen are thesis"	H
STRENGTHEN	L1	72	加强	A3	"strengthen the thesis"	H
STRENGTHEN	L1	74	加强	A3	"strengthen the thesis"	H
STRENGTHEN	L1	269	加强	A3	"strengthen development add"	H
STRENGTHEN	L1	350	加强	A3	"strengthen your evidence"	H
STRENGTHEN	L1	368	加强	A3	"strengthen style and"	H
STRENGTHEN	L1	149	加强	A3	"strengthen organization The"	H
STRENGTHEN	L1	200	加强	A3	"strengthen organization The"	H
STRENGTHEN	L1	356	加强	A3	"strengthen the essay"	H
STRENGTHEN	L1	486	加强	A3	"strengthen the essay"	H
STRENGTHEN	L1	171	加强	A3	"strengthen organization The"	H
STRENGTHEN	L1	56	加强	A3	"strengthen your argument"	H
STRENGTHEN	L1	631	加强	A3	"strengthen the conclusion"	H
STRENGTHEN	L1	283	加强	A3	"strengthen paragraph development"	H
STRENGTHEN	L1	173	加强	A3	"strengthen the thesis"	H
STRENGTHEN	L1	370	加强	A3	"strengthen the argument"	H
STRENGTHEN	L1	271	加强	A3	"strengthen organization and"	H
STRENGTHEN	L1	54	加强	A3	"strengthen the logic"	H
STRENGTHEN	L1	64	加强	A3	"strengthen your reasoning"	H
STRENGTHEN	L1	631	加强	A3	"strengthen your argument"	H
STRENGTHEN	L1	54	加强	A3	"strengthen the thesis"	H
STRENGTHEN	L1	147	加强	A3	"strengthen the thesis"	H
STRENGTHEN	L1	41	加强	A3	"strengthen the thesis"	H
STRENGTHEN	L1	176	加强	A3	"strengthen organization The"	H
STRENGTHEN	L1	169	加强	A3	"strengthen the thesis"	H
STRENGTHEN	L1	72	加强	A3	"strengthen accuracy and"	H
STRENGTHEN	L1	155	加强	A3	"strengthen the thesis"	H
STRENGTHEN	L1	250	加强	A3	"strengthen paragraph development"	H
STRENGTHEN	L1	80	加强	A3	"strengthen the thesis"	H
STRENGTHEN	L1	74	加强	A3	"strengthen the thesis"	H
STRENGTHEN	L1	54	加强	A3	"strengthen the argument"	H
STRENGTHEN	L1	406	加强	A3	"strengthen the essay"	H
STRENGTHEN	L1	505	加强	A3	"strengthen style by"	H
STRENGTHEN	L1	47	加强	A3	"strengthen are argument"	H
STRENGTHEN	L1	55	加强	A3	"strengthen the thesis"	H
STRENGTHEN	L1	718	加强	A3	"strengthen paragraph unity"	H
STRENGTHEN	L1	125	加强	A3	"strengthen the thesis"	H
STRENGTHEN	L1	773	加强	A3	"strengthen the thesis"	H
STRENGTHEN	L1	196	加强	A3	"strengthen organization At"	H
STRENGTHEN	L1	155	加强	A3	"strengthen it as"	H
STRENGTHEN	L1	673	加强	A3	"strengthen your essay"	H
STRENGTHEN	L1	61	加强	A3	"strengthen the thesis"	H
STRENGTHEN	L1	220	加强	A3	"strengthen the essay"	H
STRENGTHEN	L1	57	加强	A3	"strengthen your evidence"	H
STRENGTHEN	L1	634	加强	A3	"strengthen your credibility"	H
STRENGTHEN	L1	68	加强	A3	"strengthen the thesis"	H
STRENGTHEN	L1	59	加强	A3	"strengthen evidence and"	H
STRENGTHEN	L1	72	加强	A3	"strengthen the thesis"	H
STRENGTHEN	L1	421	加强	A3	"strengthen this paragraph"	H
STRENGTHEN	L1	185	加强	A3	"strengthen the essay"	H
STRENGTHEN	L1	421	加强	A3	"strengthen the argument"	H
STRENGTHEN	L1	77	加强	A3	"strengthen the thesis"	H
STRENGTHEN	L1	68	加强	A3	"strengthen the essay"	H
STRENGTHEN	L1	56	加强	A3	"strengthen your evidence"	H
STRENGTHEN	L1	64	加强	A3	"strengthen the argument"	H
STRENGTHEN	L1	248	加强	A3	"strengthen paragraph structure"	H
STRENGTHEN	L1	163	加强	A3	"strengthen the thesis"	H
STRENGTHEN	L1	228	加强	A3	"strengthen global political"	H
STRENGTHEN	L1	58	加强	A3	"strengthen are argument"	H
STRENGTHEN	L1	68	加强	A3	"strengthen the argument"	H
STRENGTHEN	L1	148	加强	A3	"strengthen the essay"	H
STRENGTHEN	L1	150	加强	A3	"strengthen historical accuracy"	H
STRENGTHEN	L1	686	加强	A3	"strengthen the conclusion"	H
STRENGTHEN	L1	125	加强	A3	"strengthen the thesis"	H
STRENGTHEN	L1	84	加强	A3	"strengthen and clarify"	H
STRENGTHEN	L1	61	加强	A3	"strengthen the thesis"	H
STRENGTHEN	L1	62	加强	A3	"strengthen are organization"	H
STRENGTHEN	L1	200	加强	A3	"strengthen paragraph structure"	H
STRENGTHEN	L1	203	加强	A3	"strengthen paragraph organization"	H
STRENGTHEN	L1	136	加强	A3	"strengthen the thesis"	H
STRENGTHEN	L1	48	加强	A3	"strengthen the thesis"	H
STRENGTHEN	L1	219	加强	A3	"strengthen logic and"	H
STRENGTHEN	L1	448	加强	A3	"strengthen analysis You"	H
STRENGTHEN	L1	63	加强	A3	"strengthen your use"	H
STRENGTHEN	L1	808	加强	A3	"strengthen analysis after"	H
STRENGTHEN	L1	55	加强	A3	"strengthen style and"	H
STRENGTHEN	L1	281	加强	A3	"strengthen their case"	H
STRENGTHEN	L1	603	加强	A3	"strengthen style and"	H
STRENGTHEN	L1	582	加强	A3	"strengthen your essay"	H
STRENGTHEN	L1	245	加强	A3	"strengthen evidence and"	H
STRENGTHEN	L1	576	加强	A3	"strengthen paragraph development"	H
STRENGTHEN	L1	82	加强	A3	"strengthen the thesis"	H
STRENGTHEN	L1	751	加强	A3	"strengthen fairness Proofread"	H
STRENGTHEN	L1	417	加强	A3	"strengthen the logic"	H
STRENGTHEN	L1	144	加强	A3	"strengthen the thesis"	H
STRENGTHEN	L1	314	加强	A3	"strengthen evidence and"	H
STRENGTHEN	L1	272	加强	A3	"strengthen paragraph unity"	H
STRENGTHEN	L1	701	加强	A3	"strengthen the counterargument"	H
STRENGTHEN	L1	288	加强	A3	"strengthen the logic"	H
STRENGTHEN	L1	684	加强	A3	"strengthen it by"	H
STRENGTHEN	L1	395	加强	A3	"strengthen the thesis"	H
STRENGTHEN	L1	248	加强	A3	"strengthen organization Your"	H
STRENGTHEN	L1	693	加强	A3	"strengthen the counterargument"	H
STRENGTHEN	L1	271	加强	A3	"strengthen the thesis"	H
STRENGTHEN	L1	214	加强	A3	"strengthen academic tone"	H
STRENGTHEN	L1	81	加强	A3	"strengthen the thesis"	H
STRENGTHEN	L1	646	加强	A3	"strengthen the conclusion"	H
STRENGTHEN	L1	49	加强	A3	"strengthen evidence and"	H
STRENGTHEN	L1	61	加强	A3	"strengthen the academic"	H
STRENGTHEN	L1	407	加强	A3	"strengthen your treatment"	H
STRENGTHEN	L1	78	加强	A3	"strengthen evidence The"	H
STRENGTHEN	L1	63	加强	A3	"strengthen reasoning improving"	H
STRENGTHEN	L1	634	加强	A3	"strengthen the introduction"	H
STRENGTHEN	L1	764	加强	A3	"strengthen transitions and"	H
STRENGTHEN	L1	63	加强	A3	"strengthen your thesis"	H
STRENGTHEN	L1	201	加强	A3	"strengthen the thesis"	H
STRENGTHEN	L1	513	加强	A3	"strengthen the counterargument"	H
STRENGTHEN	L1	148	加强	A3	"strengthen the thesis"	H
STRENGTHEN	L1	184	加强	A3	"strengthen organization and"	H
STRENGTHEN	L1	59	加强	A3	"strengthen are thesis"	H
STRENGTHEN	L1	72	加强	A3	"strengthen families and"	H
STRENGTHEN	L1	216	加强	A3	"strengthen families by"	H
STRENGTHEN	L1	564	加强	A3	"strengthen the logic"	H
STRENGTHEN	L1	498	加强	A3	"strengthen paragraph development"	H
STRENGTHEN	L1	57	加强	A3	"strengthen evidence improving"	H
STRENGTHEN	L1	481	加强	A3	"strengthen academic tone"	H
STRENGTHEN	L1	49	加强	A3	"strengthen evidence Strengths"	H
STRENGTHEN	L1	258	加强	A3	"strengthen the paper"	H
STRENGTHEN	L1	75	加强	A3	"strengthen style and"	H
STRENGTHEN	L1	355	加强	A3	"strengthen the use"	H
STRENGTHEN	L1	389	加强	A3	"strengthen analysis instead"	H
STRENGTHEN	L1	732	加强	A3	"strengthen the conclusion"	H
STRENGTHEN	L1	149	加强	A3	"strengthen the opposing"	H
STRENGTHEN	L1	445	加强	A3	"strengthen the body"	H
STRENGTHEN	L1	62	加强	A3	"strengthen the thesis"	H
STRENGTHEN	L1	297	加强	A3	"strengthen organization Right"	H
STRENGTHEN	L1	72	加强	A3	"strengthen paragraph level"	H
STRENGTHEN	L1	688	加强	A3	"strengthen their own"	H
STRENGTHEN	L1	86	加强	A3	"strengthen precision in"	H
STRENGTHEN	L1	486	加强	A3	"strengthen evidence and"	H
STRENGTHEN	L1	768	加强	A3	"strengthen the conclusion"	H
STRENGTHEN	L1	444	加强	A3	"strengthen analysis Often"	H
STRENGTHEN	L1	241	加强	A3	"strengthen analytical focus"	H
STRENGTHEN	L1	779	加强	A3	"strengthen academic tone"	H
STRENGTHEN	L1	362	加强	A3	"strengthen logical precision"	H
STRENGTHEN	L1	250	加强	A3	"strengthen paragraph organization"	H
STRENGTHEN	L1	771	加强	A3	"strengthen the conclusion"	H
STRENGTHEN	L1	216	加强	A3	"strengthen organization The"	H
STRENGTHEN	L1	56	加强	A3	"strengthen evidence and"	H
STRENGTHEN	L1	390	加强	A3	"strengthen evidence and"	H
STRENGTHEN	L1	361	加强	A3	"strengthen sociological analysis"	H
STRENGTHEN	L1	59	加强	A3	"strengthen your thesis"	H
STRENGTHEN	L1	554	加强	A3	"strengthen the essay"	H
STRENGTHEN	L1	321	加强	A3	"strengthen transitions and"	H
STRENGTHEN	L1	436	加强	A3	"strengthen evidence and"	H
STRENGTHEN	L1	248	加强	A3	"strengthen the historical"	H
STRENGTHEN	L1	292	加强	A3	"strengthen logic and"	H
STRENGTHEN	L1	51	加强	A3	"strengthen the argument"	H
STRENGTHEN	L1	723	加强	A3	"strengthen the conclusion"	H
STRENGTHEN	L1	69	加强	A3	"strengthen your thesis"	H
STRENGTHEN	L1	95	加强	A3	"strengthen the thesis"	H
STRENGTHEN	L1	735	加强	A3	"strengthen the counterargument"	H
STRENGTHEN	L1	139	加强	A3	"strengthen the thesis"	H
STRENGTHEN	L1	47	加强	A3	"strengthen your reasoning"	H
STRENGTHEN	L1	361	加强	A3	"strengthen reasoning and"	H
STRENGTHEN	L1	70	加强	A3	"strengthen the thesis"	H
STRENGTHEN	L1	722	加强	A3	"strengthen analysis in"	H
STRENGTHEN	L1	75	加强	A3	"strengthen your thesis"	H
STRENGTHEN	L1	462	加强	A3	"strengthen your credibility"	H
STRENGTHEN	L1	64	加强	A3	"strengthen your thesis"	H
STRENGTHEN	L1	504	加强	A3	"strengthen your essay"	H
STRENGTHEN	L1	474	加强	A3	"strengthen reasoning Some"	H
STRENGTHEN	L1	238	加强	A3	"strengthen logic and"	H
STRENGTHEN	L1	58	加强	A3	"strengthen your thesis"	H
STRENGTHEN	L1	317	加强	A3	"strengthen evidence and"	H
STRENGTHEN	L1	189	加强	A3	"strengthen logic and"	H
STRENGTHEN	L1	51	加强	A3	"strengthen your reasoning"	H
STRENGTHEN	L1	176	加强	A3	"strengthen the argument"	H
STRENGTHEN	L1	183	加强	A3	"strengthen your thesis"	H
STRENGTHEN	L1	239	加强	A3	"strengthen the paper"	H
STRENGTHEN	L1	219	加强	A3	"strengthen organization Your"	H
STRENGTHEN	L1	144	加强	A3	"strengthen communities contribute"	H
STRENGTHEN	L1	348	加强	A3	"strengthen evidence by"	H
STRENGTHEN	L1	54	加强	A3	"strengthen your argument"	H
STRENGTHEN	L1	438	加强	A3	"strengthen logic within"	H
STRENGTHEN	L1	740	加强	A3	"strengthen counterargument refutation"	H
STRENGTHEN	L1	378	加强	A3	"strengthen your evidence"	H
STRENGTHEN	L1	589	加强	A3	"strengthen the essay"	H
STRENGTHEN	L1	62	加强	A3	"strengthen the thesis"	H
STRENGTHEN	L1	480	加强	A3	"strengthen your credibility"	H
STRENGTHEN	L1	51	加强	A3	"strengthen style mechanics"	H
STRENGTHEN	L1	675	加强	A3	"strengthen the conclusion"	H
STRENGTHEN	L1	70	加强	A3	"strengthen your thesis"	H
STRENGTHEN	L1	51	加强	A3	"strengthen correctness and"	H
STRENGTHEN	L1	283	加强	A3	"strengthen analysis You"	H
STRENGTHEN	L1	408	加强	A3	"strengthen tone and"	H
STRENGTHEN	L1	151	加强	A3	"strengthen paragraph development"	H
STRENGTHEN	L1	55	加强	A3	"strengthen the argument"	H
STRENGTHEN	L1	577	加强	A3	"strengthen logic and"	H
STRENGTHEN	L1	47	加强	A3	"strengthen your academic"	H
STRENGTHEN	L1	202	加强	A3	"strengthen organization and"	H
STRENGTHEN	L1	82	加强	A3	"strengthen the overall"	H
STRENGTHEN	L1	249	加强	A3	"strengthen the argument"	H
STRENGTHEN	L1	444	加强	A3	"strengthen evidence and"	H
STRENGTHEN	L1	57	加强	A3	"strengthen your thesis"	H
STRENGTHEN	L1	54	加强	A3	"strengthen the thesis"	H
STRENGTHEN	L1	682	加强	A3	"strengthen the conclusion"	H
STRENGTHEN	L1	484	加强	A3	"strengthen it further"	H
STRENGTHEN	L1	712	加强	A3	"strengthen the conclusion"	H
STRENGTHEN	L1	51	加强	A3	"strengthen organization and"	H
STRENGTHEN	L1	255	加强	A3	"strengthen evidence and"	H
STRENGTHEN	L1	65	加强	A3	"strengthen your evidence"	H
STRENGTHEN	L1	85	加强	A3	"strengthen your position"	H
STRENGTHEN	L1	145	加强	A3	"strengthen the thesis"	H
STRENGTHEN	L1	256	加强	A3	"strengthen organization The"	H
STRENGTHEN	L1	54	加强	A3	"strengthen the thesis"	H
STRENGTHEN	L1	147	加强	A3	"strengthen fraud enforcement"	H
STRENGTHEN	L1	55	加强	A3	"strengthen the thesis"	H
STRENGTHEN	L1	74	加强	A3	"strengthen your thesis"	H
loosely	L1	51	松散地	G1-Global Structure	"of loosely connected"	H
loosely	L1	526	松散地	G1-Global Structure	"multiple loosely related"	H
loosely	L1	207	松散地	G1-Global Structure	"three loosely connected"	H
loosely	L1	253	松散地	G1-Global Structure	"two loosely related"	H
loosely	L1	378	松散地	G1-Global Structure	"of loosely connected"	H
loosely	L1	517	松散地	G1-Global Structure	"used loosely make"	H
loosely	L1	160	松散地	G1-Global Structure	"frame loosely attached"	H
loosely	L1	44	松散地	G1-Global Structure	"of loosely connected"	H
loosely	L1	38	松散地	G1-Global Structure	"of loosely related"	H
loosely	L1	43	松散地	G1-Global Structure	"of loosely connected"	H
loosely	L1	42	松散地	G1-Global Structure	"of loosely connected"	H
loosely	L1	50	松散地	G1-Global Structure	"of loosely connected"	H
loosely	L1	41	松散地	G1-Global Structure	"of loosely connected"	H
loosely	L1	254	松散地	G1-Global Structure	"organized loosely around"	H
loosely	L1	111	松散地	G1-Global Structure	"essays loosely connected"	H
loosely	L1	41	松散地	G1-Global Structure	"of loosely connected"	H
loosely	L1	35	松散地	G1-Global Structure	"of loosely connected"	H
loosely	L1	361	松散地	G1-Global Structure	"four loosely connected"	H
loosely	L1	339	松散地	G1-Global Structure	"multiple loosely connected"	H
loosely	L1	155	松散地	G1-Global Structure	"relate loosely to"	H
loosely	L1	569	松散地	G1-Global Structure	"several loosely connected"	H
loosely	L1	274	松散地	G1-Global Structure	"three loosely connected"	H
loosely	L1	298	松散地	G1-Global Structure	"feel loosely connected"	H
loosely	L1	345	松散地	G1-Global Structure	"than loosely related"	H
loosely	L1	162	松散地	G1-Global Structure	"of loosely related"	H
loosely	L1	40	松散地	G1-Global Structure	"but loosely connected"	H
loosely	L1	56	松散地	G1-Global Structure	"of loosely connected"	H
loosely	L1	51	松散地	G1-Global Structure	"of loosely connected"	H
loosely	L1	243	松散地	G1-Global Structure	"essays loosely stitched"	H
loosely	L1	479	松散地	G1-Global Structure	"but loosely connected"	H
loosely	L1	205	松散地	G1-Global Structure	"or loosely explained"	H
loosely	L1	708	松散地	G2-Local Structure	"and loosely connected"	H
loosely	L1	607	松散地	G2-Local Structure	"and loosely connected"	H
loosely	L1	456	松散地	G2-Local Structure	"or loosely connected"	H
loosely	L1	263	松散地	G2-Local Structure	"feel loosely connected"	H
loosely	L1	288	松散地	G1-Global Structure	"are loosely connected"	H
loosely	L1	570	松散地	G2-Local Structure	"too loosely connected"	H
loosely	L1	157	松散地	G1-Global Structure	"many loosely connected"	H
loosely	L1	708	松散地	G1-Global Structure	"feels loosely connected"	H
loosely	L1	785	松散地	G1-Global Structure	"many loosely developed"	H
emotionally	German	217	情绪化地	G2-Wording	"emotionally it needs"	M
emotionally	German	12	感情上	NA	"emotionally powerful story"	H
emotionally	German	587	感情上	NA	"emotionally engaging readers"	H
emotionally	German	436	情绪化地	G2-Wording	"emotionally strong but"	H
emotionally	German	15	感情上	NA	"emotionally resonant topic"	H
emotionally	German	692	感情上	NA	"emotionally effective but"	H
emotionally	German	17	感情上	NA	"emotionally resonant topic"	H
emotionally	German	12	情绪化地	G2-Wording	"emotionally engaged essay"	M
emotionally	German	687	情绪化地	G2-Wording	"emotionally loaded language"	H
emotionally	German	646	情绪化地	G2-Wording	"emotionally charged testimony"	H
emotionally	German	457	情绪化地	G2-Wording	"emotionally loaded rather"	H
emotionally	German	698	情绪化地	G2-Wording	"emotionally loaded phrases"	H
emotionally	German	451	情绪化地	G2-Wording	"emotionally charged colloquialisms"	H
emotionally	German	719	情绪化地	G2-Wording	"emotionally loaded language"	H
emotionally	German	325	感情上	NA	"emotionally powerful but"	H
emotionally	German	519	情绪化地	G2-Wording	"emotionally understandable are"	M
emotionally	German	741	情绪化地	G2-Wording	"emotionally charged language"	H
emotionally	German	688	情绪化地	G2-Wording	"emotionally loaded language"	H
emotionally	German	373	情绪化地	G2-Wording	"emotionally charged language"	H
emotionally	German	432	感情上	NA	"emotionally powerful but"	H
emotionally	German	537	情绪化地	G2-Wording	"emotionally loaded phrases"	H
emotionally	German	270	情绪化地	G2-Wording	"emotionally strong for"	M
emotionally	German	395	情绪化地	G2-Wording	"emotionally charged or"	H
emotionally	German	77	感情上	NA	"emotionally convincing The"	H
emotionally	German	153	情绪化地	G2-Wording	"emotionally loaded For"	H
emotionally	German	649	情绪化地	G2-Wording	"emotionally loaded If"	H
emotionally	German	326	情绪化地	G2-Wording	"emotionally loaded words"	H
emotionally	German	234	情感上	NA	"emotionally and politically"	H
emotionally	German	102	情绪化地	G2-Wording	"emotionally Ambitious topic"	M
emotionally	German	40	感情上	NA	"emotionally powerful and"	H
emotionally	German	574	情绪化地	G2-Wording	"emotionally strong use"	M
emotionally	German	715	情绪化地	G2-Wording	"emotionally strong but"	H
emotionally	German	65	感情上	NA	"emotionally effective Clear"	H
emotionally	German	100	情绪化地	G2-Wording	"emotionally Phrases like"	M
emotionally	German	117	情绪化地	G2-Wording	"emotionally and ethically"	M
emotionally	German	796	情绪化地	G2-Wording	"emotionally loaded language"	H
emotionally	German	555	情绪化地	G2-Wording	"emotionally loaded or"	H
emotionally	German	146	感情上	NA	"emotionally powerful claims"	H
emotionally	German	349	感情上	NA	"emotionally persuasive but"	H
emotionally	German	301	情绪化地	G2-Wording	"emotionally loaded Be"	H
emotionally	German	771	情绪化地	G2-Wording	"emotionally loaded phrases"	H
emotionally	German	99	情感上	NA	"emotionally different in"	H
emotionally	German	532	情绪化地	G2-Wording	"emotionally loaded for"	H
emotionally	German	185	情感上	NA	"emotionally and financially"	H
emotionally	German	684	情绪化地	G2-Wording	"emotionally absolute claims"	H
emotionally	German	115	感情上	NA	"emotionally invested which"	H
emotionally	German	12	情绪化地	G2-Wording	"emotionally charged topic"	H
abstract	L1	754	抽象的	G1-Development	"abstract claim concrete"	H
abstract	L1	33	抽象的	G1-Development	"abstract argument concrete"	H
abstract	L1	440	抽象的	G1-Development	"abstract reasoning it"	H
abstract	L1	444	抽象的	G1-Development	"abstract claims in"	H
abstract	L1	464	抽象的	G1-Development	"abstract no historical"	H
abstract	L1	522	抽象的	G1-Development	"abstract logic and"	H
abstract	L1	143	抽象的	G1-Development	"abstract rather than"	H
abstract	L1	370	抽象的	G1-Development	"abstract lists Academic"	H
abstract	L1	530	抽象的	G1-Development	"abstract a specific"	H
abstract	L1	481	抽象的	G1-Development	"abstract claims are"	H
abstract	L1	36	抽象的	G1-Development	"abstract argument which"	H
abstract	L1	434	抽象的	G1-Development	"abstract claims about"	H
abstract	L1	196	抽象的	G1-Development	"abstract claims in"	H
abstract	L1	259	抽象的	G1-Development	"abstract closest friend"	H
abstract	L1	42	抽象的	G1-Development	"abstract physics to"	H
abstract	L1	34	抽象的	G1-Development	"abstract argument in"	H
abstract	L1	650	抽象的	G1-Development	"abstract claims about"	H
abstract	L1	95	抽象的	G1-Development	"abstract Specific examples"	H
abstract	L1	780	抽象的	G1-Development	"abstract claims With"	H
abstract	L1	55	抽象的	NA	"abstract debate with"	H
abstract	L1	57	抽象的	NA	"abstract debate Below"	H
abstract	L1	638	抽象的	G1-Development	"abstract Consider ending"	H
abstract	L1	576	抽象的	G1-Development	"abstract discussion Watch"	H
abstract	L1	76	抽象的	NA	"abstract policy debate"	H
abstract	L1	27	抽象的	NA	"abstract policy debate"	H
abstract	L1	76	抽象的	NA	"abstract issue before"	H
abstract	L1	126	抽象的	G1-Development	"abstract safety concerns"	H
abstract	L1	88	抽象的	G1-Development	"abstract statistics couldn"	H
abstract	L1	486	抽象的	G1-Development	"abstract points in"	H
abstract	L1	94	抽象的	G1-Development	"abstract By the"	H
abstract	L1	736	抽象的	G1-Development	"abstract claims Show"	H
abstract	L1	458	抽象的	G1-Development	"abstract argument concrete"	H
abstract	L1	547	抽象的	G1-Development	"abstract principle Style"	H
abstract	L1	498	抽象的	G2-Wording	"abstract or difficult"	H
abstract	L1	570	抽象的	G2-Wording	"abstract phrasing Grammar"	H
abstract	L1	197	抽象的	G2-Wording	"abstract words evil"	H
abstract	L1	42	抽象的	G1-Development	"abstract thinking To"	H
abstract	L1	302	抽象的	G1-Development	"abstract and unclear"	H
abstract	L1	711	抽象的	G2-Wording	"abstract Simplify The"	H
abstract	L1	524	抽象的	G1-Development	"abstract phrases like"	H
abstract	L1	109	抽象的	G1-Development	"abstract Readers can"	H
abstract	L1	611	抽象的	G1-Development	"abstract For example"	H
abstract	L1	113	抽象的	G1-Development	"abstract claims This"	H
abstract	L1	750	抽象的	G1-Development	"abstract way it"	H
abstract	L1	124	抽象的	G1-Development	"abstract claims Clear"	H
abstract	L1	45	抽象的	G1-Development	"abstract Readers can"	H
abstract	L1	41	抽象的	G1-Development	"abstract and your"	H
abstract	L1	307	抽象的	G2-Wording	"abstract language about"	H
tool	Chinese	563	工具	NA	"grammar checking tool"	H
tool	Chinese	565	工具	NA	"grammar checking tool"	H
tool	Chinese	182	工具	NA	"tool for a"	H
tool	Chinese	109	工具	NA	"tool whose moral"	H
tool	Chinese	705	工具	NA	"tool to gain"	H
tool	Chinese	655	工具	NA	"grammar checking tool"	H
tool	Chinese	177	工具	NA	"tool not a"	H
tool	Chinese	140	工具	NA	"tool it is"	H
tool	Chinese	755	工具	NA	"tool like Grammarly"	H
tool	Chinese	28	工具	NA	"tool and a"	H
tool	Chinese	136	工具	NA	"tool but you"	H
tool	Chinese	498	工具	NA	"tool is missing"	H
tool	Chinese	343	工具	NA	"tool and television"	H
tool	Chinese	179	工具	NA	"tool for prevention"	H
tool	Chinese	573	工具	NA	"tool and the"	H
tool	Chinese	441	工具	NA	"tool for understanding"	H
tool	Chinese	171	工具	NA	"tool historical examples"	H
tool	Chinese	149	工具	NA	"tool for modern"	H
tool	Chinese	804	工具	NA	"tool Build the"	H
tool	Chinese	633	工具	NA	"grammar checking tool"	H
tool	Chinese	559	工具	NA	"grammar checking tool"	H
tool	Chinese	649	工具	NA	"grammar checking tool"	H
tool	Chinese	599	工具	NA	"grammar checking tool"	H
tool	Chinese	495	工具	NA	"grammar checking tool"	H
tool	Chinese	438	工具	NA	"grammar checking tool"	H
tool	Chinese	629	工具	NA	"grammar checking tool"	H
tool	Chinese	626	工具	NA	"grammar checking tool"	H
tool	Chinese	632	工具	NA	"grammar checking tool"	H
tool	Chinese	604	工具	NA	"grammar checking tool"	H
tool	Chinese	626	工具	NA	"grammar checking tool"	H
tool	Chinese	682	工具	NA	"grammar checking tool"	H
tool	Chinese	664	工具	NA	"grammar checking tool"	H
tool	Chinese	620	工具	NA	"grammar checking tool"	H
tool	Chinese	659	工具	NA	"grammar checking tool"	H
tool	Chinese	646	工具	NA	"grammar checking tool"	H
tool	Chinese	438	工具	NA	"grammar checking tool"	H
tool	Chinese	556	工具	NA	"grammar checking tool"	H
tool	Chinese	583	工具	NA	"grammar checking tool"	H
tool	Chinese	657	工具	NA	"grammar checking tool"	H
tool	Chinese	622	工具	NA	"grammar checking tool"	H
tool	Chinese	447	工具	NA	"tool for disaster"	H
tool	Chinese	474	工具	NA	"tool for disaster"	H
tool	Chinese	680	工具	NA	"tool in modern"	H
tool	Chinese	718	工具	NA	"tool people need"	H
tool	Chinese	562	工具	NA	"tool the moral"	H
tool	Chinese	753	工具	NA	"tool whether it"	H
tool	Chinese	616	工具	NA	"tool that serves"	H
tool	Chinese	646	工具	NA	"tool and whether"	H
tool	Chinese	405	工具	NA	"tool Television is"	H
tool	Chinese	412	工具	NA	"tool Possessives plurals"	H
tool	Chinese	312	工具	NA	"tool indeed full"	H
tool	Chinese	334	工具	NA	"tool began a"	H
tool	Chinese	531	工具	NA	"tool that would"	H
tool	Chinese	483	工具	NA	"tool an incredibly"	H
tool	Chinese	487	工具	NA	"tool they is"	H
tool	Chinese	375	工具	NA	"tool of political"	H
tool	Chinese	173	工具	NA	"tool for addressing"	H
authority	L1	383	权威	G1-Ideas	"appeal to authority"	H
authority	L1	398	权威性	G2-Wording	"external authority to"	M
authority	L1	757	权威性	G2-Wording	"your authority as"	H
authority	L1	549	权威性	G2-Wording	"more authority than"	M
authority	L1	407	权威性	G2-Wording	"cultural authority longevity"	M
authority	L1	771	权威性	G1-Development	"its authority in"	H
authority	L1	442	权威	G1-Ideas	"appeal to authority"	H
authority	L1	335	权威性	G2-Wording	"an authority figure"	M
authority	L1	342	权威	G1-Ideas	"appeal to authority"	H
authority	L1	391	权力	NA	"religious authority to"	H
authority	L1	513	权力	NA	"parental authority religious"	H
authority	L1	85	权威性	G2-Wording	"you authority to"	M
authority	L1	178	权威性	G2-Wording	"your authority on"	H
authority	L1	51	权威	G1-Ideas	"appeal to authority"	H
authority	L1	184	权威	G1-Ideas	"appeal to authority"	H
authority	L1	270	权威	G1-Ideas	"appeal to authority"	H
authority	L1	706	权威	G1-Ideas	"appeal to authority"	H
authority	L1	87	权威性	G1-Development	"Personal authority Your"	H
authority	L1	246	权威性	G2-Wording	"your authority right"	H
authority	L1	331	权威	G1-Ideas	"appeal to authority"	H
authority	L1	144	权力	NA	"moral authority to"	H
authority	L1	786	权威性	G2-Wording	"your authority in"	H
authority	L1	771	权威性	G2-Wording	"s authority question"	M
authority	L1	195	权威	G1-Ideas	"appeal to authority"	H
authority	L1	130	权力	NA	"constitutional authority to"	H
authority	L1	659	权威性	G2-Wording	"s authority Errors"	H
authority	L1	449	权威性	G2-Wording	"your authority Here"	H
authority	L1	301	权威性	G2-Wording	"its authority in"	H
authority	L1	562	权威性	G2-Wording	"s authority Since"	H
authority	L1	175	权威性	G2-Wording	"the authority of"	H
authority	L1	630	权威性	G2-Wording	"the authority of"	H
authority	L1	422	权威性	G2-Wording	"your authority the"	H
authority	L1	452	权威性	G2-Wording	"the authority of"	H
authority	L1	493	权力	NA	"religious authority You"	H
authority	L1	662	权威性	G2-Wording	"your authority Aim"	H
authority	L1	431	权威性	G2-Wording	"adds authority Also"	M
authority	L1	546	权威性	G2-Wording	"an authority figure"	M
authority	L1	629	权威性	G2-Wording	"that authority Sentence"	M
authority	L1	545	权威性	G2-Wording	"your authority Aim"	H
authority	L1	155	权威性	G2-Wording	"support authority and"	M
authority	L1	327	权力	NA	"religious authority survey"	H
authority	L1	363	权威	G1-Ideas	"appeal to authority"	H
authority	L1	371	权威性	G2-Wording	"the authority is"	M
authority	L1	717	权威性	G2-Wording	"evidence authority and"	M
authority	L1	234	权威性	G2-Wording	"by authority Dr"	M
authority	L1	358	权威性	G2-Wording	"your authority A"	H
authority	L1	620	权威性	G2-Wording	"your authority Some"	H
authority	L1	163	权威	G1-Ideas	"appeal to authority"	H
authority	L1	229	权威	G1-Ideas	"appeal to authority"	H
authority	L1	306	权威	G1-Ideas	"appeal to authority"	H
authority	L1	666	权威	G1-Ideas	"appeal to authority"	H
authority	L1	695	权威	G1-Ideas	"appeal to authority"	H
authority	L1	635	权威性	G2-Wording	"your authority Keep"	H
authority	L1	649	权威性	G2-Wording	"and authority spelling"	H
authority	L1	525	权威性	G2-Wording	"your authority because"	H
authority	L1	362	权威性	G2-Wording	"essay authority However"	M
authority	L1	77	权威性	G1-Development	"firsthand authority Your"	H
authority	L1	624	权威性	G2-Wording	"your authority A"	H
authority	L1	458	权威性	G2-Wording	"on authority Rather"	M
authority	L1	390	权威性	G2-Wording	"loses authority You"	M
authority	L1	479	权威性	G2-Wording	"the authority of"	H
authority	L1	574	权威性	G2-Wording	"s authority These"	H
authority	L1	689	权威性	G2-Wording	"your authority Let"	H
authority	L1	136	权威性	G2-Wording	"judges authority to"	M
authority	L1	622	权威性	G2-Wording	"weaken authority Aim"	H
casual	L1	502	随意的	G2-Wording	"casual asides that"	H
casual	L1	643	随意的	G2-Wording	"casual for academic"	H
casual	L1	696	随意的	G2-Wording	"casual conversations about"	H
casual	L1	611	随意的	G2-Wording	"casual idioms replace"	H
casual	L1	743	随意的	G2-Wording	"casual asides and"	H
casual	L1	515	随意的	G2-Wording	"casual conversational asides"	H
casual	L1	567	随意的	G2-Wording	"casual choices that"	H
casual	L1	718	随意的	G2-Wording	"casual phrasing into"	H
casual	L1	222	日常的	NA	"casual sex more"	H
casual	L1	325	日常的	NA	"casual sex declining"	H
casual	L1	348	随意的	G2-Wording	"casual and delays"	H
casual	L1	495	随意的	G2-Wording	"casual for an"	H
casual	L1	519	随意的	G2-Wording	"casual and academic"	H
casual	L1	563	随意的	G2-Wording	"casual almost sermon"	H
casual	L1	538	随意的	G2-Wording	"casual asides The"	H
casual	L1	509	随意的	G2-Wording	"casual asides Notable"	H
casual	L1	640	随意的	G2-Wording	"casual persuasive writing"	H
casual	L1	539	随意的	G2-Wording	"casual conversational asides"	H
casual	L1	588	随意的	G2-Wording	"casual phrasing stupendous"	H
casual	L1	261	日常的	NA	"casual contact Therefore"	H
casual	L1	305	日常的	NA	"casual contact then"	H
casual	L1	339	日常的	NA	"Casual sex is"	H
casual	L1	563	日常的	NA	"Casual sex is"	H
casual	L1	662	日常的	NA	"Casual sex is"	H
casual	L1	536	随意的	G2-Wording	"casual for academic"	H
casual	L1	671	随意的	G2-Wording	"casual phrasing get"	H
casual	L1	585	随意的	G2-Wording	"casual and effective"	H
casual	L1	469	随意的	G2-Wording	"casual immersive storytelling"	H
casual	L1	504	随意的	G2-Wording	"casual rhetorical questions"	H
casual	L1	556	随意的	G2-Wording	"casual to the"	H
casual	L1	697	随意的	G2-Wording	"casual and formal"	H
casual	L1	556	随意的	G2-Wording	"casual voice and"	H
casual	L1	631	随意的	G2-Wording	"casual walk dishonesty"	H
casual	L1	648	随意的	G2-Wording	"casual phrasing society"	H
casual	L1	263	随意的	G2-Wording	"casual note that"	H
casual	L1	293	随意的	G2-Wording	"casual language with"	H
casual	L1	395	随意的	G2-Wording	"casual and sometimes"	H
casual	L1	680	随意的	G2-Wording	"casual Revision priorities"	H
casual	L1	84	日常的	NA	"casual sex rarely"	H
casual	L1	134	日常的	NA	"casual sex rarely"	H
casual	L1	148	日常的	NA	"casual sex and"	H
casual	L1	364	随意的	G2-Wording	"casual and may"	H
casual	L1	319	随意的	G2-Wording	"casual for formal"	H
casual	L1	722	随意的	G2-Wording	"casual A stronger"	H
casual	L1	390	随意的	G2-Wording	"casual thru use"	H
casual	L1	307	随意的	G2-Wording	"casual or unrestricted"	H
casual	L1	670	随意的	G2-Wording	"casual wording with"	H
casual	L1	121	随意的	G2-Wording	"casual workplace contact"	H
casual	L1	555	日常的	NA	"casual contact and"	H
casual	L1	741	日常的	NA	"casual contact discrimination"	H
casual	L1	98	日常的	NA	"casual sex is"	H
casual	L1	429	日常的	NA	"casual sex is"	H
casual	L1	437	日常的	NA	"casual sexual relationships"	H
casual	L1	584	日常的	NA	"Casual sex is"	H
casual	L1	590	日常的	NA	"Casual sex is"	H
casual	L1	673	随意的	G2-Wording	"casual opinion such"	H
casual	L1	424	随意的	G2-Wording	"casual for an"	H
casual	L1	451	随意的	G2-Wording	"casual phrasing with"	H
casual	L1	705	随意的	G2-Wording	"casual phrases with"	H
casual	L1	293	随意的	G2-Wording	"casual and consequence"	H
casual	L1	380	随意的	G2-Wording	"casual judgmental or"	H
casual	L1	539	随意的	G2-Wording	"casual or imprecise"	H
casual	L1	547	随意的	G2-Wording	"casual phrasing with"	H
meaning	Generic	466	意思	G2-Wording	"word meaning entirely"	M
meaning	Generic	440	意思	G2-Wording	"in meaning A"	M
meaning	Generic	663	意思	G2-Wording	"your meaning for"	H
meaning	Generic	493	意思	G2-Wording	"the meaning significantly"	H
meaning	Generic	463	意思	G2-Wording	"your meaning Spelling"	H
meaning	Generic	623	意思	G2-Wording	"phrase meaning who"	M
meaning	Generic	422	意思	G2-Wording	"your meaning Not"	M
meaning	Generic	592	意思	G2-Wording	"intended meaning achie"	H
meaning	Generic	626	意思	G2-Wording	"intended meaning here"	H
meaning	Generic	93	意思	G2-Wording	"your meaning Content"	H
meaning	Generic	568	意思	G2-Wording	"the meaning significantly"	H
meaning	Generic	553	意思	G2-Wording	"the meaning is"	H
meaning	Generic	317	含义	NA	"the meaning of"	H
meaning	Generic	593	意思	G2-Wording	"intended meaning Action"	H
meaning	Generic	744	意思	G2-Wording	"the meaning of"	H
meaning	Generic	441	意思	G2-Wording	"its meaning for"	M
meaning	Generic	306	意思	G2-Wording	"the meaning less"	H
meaning	Generic	548	意思	G2-Wording	"intended meaning Grammar"	H
meaning	Generic	577	意思	G2-Wording	"its meaning Original"	M
meaning	Generic	250	含义	NA	"Introduction meaning of"	H
meaning	Generic	231	意思	G2-Wording	"your meaning but"	M
meaning	Generic	365	意思	G2-Wording	"Your meaning is"	M
meaning	Generic	468	意思	G2-Wording	"Your meaning is"	M
meaning	Generic	465	意思	G2-Wording	"the meaning unclear"	H
meaning	Generic	486	意思	G2-Wording	"in meaning and"	M
meaning	Generic	517	意思	G2-Wording	"in meaning when"	M
meaning	Generic	479	意思	G2-Wording	"the meaning hard"	H
meaning	Generic	476	意思	G2-Wording	"your meaning but"	M
meaning	Generic	571	意思	G2-Wording	"your meaning or"	M
meaning	Generic	528	意思	G2-Wording	"on meaning I"	M
meaning	Generic	638	意思	G2-Wording	"Your meaning is"	M
meaning	Generic	525	意思	G2-Wording	"make meaning unclear"	H
meaning	Generic	590	意思	G2-Wording	"Your meaning is"	M
meaning	Generic	550	意思	G2-Wording	"your meaning completely"	M
meaning	Generic	539	意思	G2-Wording	"on meaning Please"	M
meaning	Generic	545	意思	G2-Wording	"Your meaning is"	M
meaning	Generic	455	意思	G2-Wording	"your meaning but"	M
meaning	Generic	666	意思	G2-Wording	"your meaning Suggestions"	M
meaning	Generic	520	意思	G2-Wording	"Your meaning is"	M
meaning	Generic	704	意思	G2-Wording	"by meaning Revision"	M
meaning	Generic	549	意思	G2-Wording	"your meaning is"	M
meaning	Generic	606	意思	G2-Wording	"femine Meaning gentle"	M
meaning	Generic	624	意思	G2-Wording	"feminine meaning gentle"	M
meaning	Generic	481	意思	G2-Wording	"Your meaning is"	M
meaning	Generic	463	意思	G2-Wording	"your meaning but"	M
meaning	Generic	531	意思	G2-Wording	"your meaning but"	M
meaning	Generic	683	意思	G2-Wording	"the meaning find"	M
meaning	Generic	616	意思	G2-Wording	"on meaning ammend"	M
meaning	Generic	630	意思	G2-Wording	"on meaning before"	M
meaning	Generic	588	意思	G2-Wording	"Clarify meaning in"	M
meaning	Generic	478	意思	G2-Wording	"Your meaning is"	M
meaning	Generic	607	意思	G2-Wording	"right meaning perhaps"	M
meaning	Generic	453	意思	G2-Wording	"your meaning but"	M
meaning	Generic	606	意思	G2-Wording	"your meaning completely"	M
meaning	Generic	435	意思	G2-Wording	"the meaning unclear"	H
meaning	Generic	564	意思	G2-Wording	"your meaning completely"	M
meaning	Generic	349	意思	G2-Wording	"your meaning completely"	M
meaning	Generic	262	意思	G2-Wording	"historical meaning Explain"	M
meaning	Generic	293	意思	G2-Wording	"s meaning today"	M
confusing	Generic	562	令人困惑的	G2-Wording	"is confusing Decide"	M
confusing	Generic	126	令人困惑的	G2-Wording	"opening confusing for"	M
confusing	Generic	603	令人困惑的	G2-Wording	"is confusing simplify"	H
confusing	Generic	431	令人困惑的	G1-Ideas	"a confusing sentence"	H
confusing	Generic	741	令人困惑的	G2-Wording	"catch confusing constructions"	H
confusing	Generic	542	令人困惑的	G2-Correctness-Mechanics	"sometimes confusing eg"	H
confusing	Generic	120	令人困惑的	G1-Ideas	"a confusing reading"	H
confusing	Generic	195	令人困惑的	G1-Ideas	"is confusing In"	H
confusing	Generic	76	令人困惑的	G1-Ideas	"but confusing image"	H
confusing	Generic	327	令人困惑的	G2-Wording	"is confusing likely"	H
confusing	Generic	545	令人困惑的	G2-Wording	"is confusing and"	H
confusing	Generic	722	令人困惑的	G2-Wording	"the confusing timeline"	M
confusing	Generic	438	令人困惑的	G2-Wording	"is confusing Perhaps"	H
confusing	Generic	271	令人困惑的	G2-Wording	"somewhat confusing claim"	M
confusing	Generic	364	令人困惑的	G2-Wording	"currently confusing Reconsider"	M
confusing	Generic	567	令人困惑的	G2-Wording	"is confusing consider"	M
confusing	Generic	611	令人困惑的	G2-Wording	"is confusing Do"	H
confusing	Generic	537	令人困惑的	G2-Wording	"is confusing do"	H
confusing	Generic	613	令人困惑的	G2-Wording	"somewhat confusing point"	M
confusing	Generic	361	令人困惑的	G2-Wording	"is confusing and"	M
confusing	Generic	219	令人困惑的	G1-Ideas	"from confusing yourself"	H
confusing	Generic	363	令人困惑的	G2-Wording	"and confusing Trying"	H
confusing	Generic	252	令人困惑的	G2-Wording	"is confusing and"	H
confusing	Generic	710	令人困惑的	G2-Wording	"the confusing insensitive"	M
confusing	Generic	108	令人困惑的	G2-Wording	"is confusing and"	M
confusing	Generic	560	令人困惑的	G2-Correctness-Mechanics	"and confusing eg"	H
confusing	Generic	504	令人困惑的	G2-Wording	"is confusing babies"	M
confusing	Generic	108	令人困惑的	G2-Wording	"bit confusing do"	H
confusing	Generic	311	令人困惑的	G1-Ideas	"is confusing and"	H
confusing	Generic	757	令人困惑的	G2-Wording	"the confusing rape"	M
confusing	Generic	304	令人困惑的	G1-Ideas	"is confusing and"	H
confusing	Generic	346	令人困惑的	G1-Ideas	"a confusing sentence"	H
confusing	Generic	526	令人困惑的	G2-Wording	"is confusing as"	M
confusing	Generic	74	令人困惑的	G2-Wording	"is confusing it"	H
confusing	Generic	223	令人困惑的	G2-Wording	"is confusing in"	M
confusing	Generic	145	令人困惑的	G2-Wording	"is confusing I"	H
confusing	Generic	162	令人困惑的	G1-Ideas	"little confusing because"	H
confusing	Generic	610	令人困惑的	G2-Wording	"is confusing You"	H
confusing	Generic	374	令人困惑的	G2-Wording	"is confusing and"	M
confusing	Generic	356	令人困惑的	G2-Wording	"a Confusing words"	M
confusing	Generic	447	令人困惑的	G2-Wording	"or confusing for"	H
confusing	Generic	550	令人困惑的	G2-Wording	"is confusing because"	M
confusing	Generic	578	令人困惑的	G2-Wording	"or confusing divide"	H
confusing	Generic	324	令人困惑的	G2-Wording	"incomplete confusing or"	M
confusing	Generic	689	令人困惑的	G2-Wording	"is confusing and"	H
confusing	Generic	374	令人困惑的	G2-Wording	"is confusing and"	M
confusing	Generic	395	令人困惑的	G2-Wording	"grammatically confusing Because"	H
confusing	Generic	650	令人困惑的	G2-Wording	"and confusing Break"	H
confusing	Generic	585	令人困惑的	G2-Wording	"and confusing For"	H
confusing	Generic	544	令人困惑的	G2-Wording	"or confusing divide"	H
confusing	Generic	586	令人困惑的	G2-Wording	"is confusing Because"	H
confusing	Generic	539	令人困惑的	G2-Wording	"apostrophes confusing sentence"	M
confusing	Generic	281	令人困惑的	G1-Ideas	"is confusing and"	H
confusing	Generic	650	令人困惑的	G2-Wording	"is confusing Try"	M
confusing	Generic	418	令人困惑的	G2-Wording	"seems confusing season"	H
confusing	Generic	97	令人困惑的	G2-Wording	"is confusing Hapeo"	H
inconsistent	L1	648	不一致的	G2-Correctness-Grammar	"Inconsistent incorrect quotation"	M
inconsistent	L1	600	不一致的	G2-Wording	"inconsistent with the"	H
inconsistent	L1	713	不一致的	G2-Correctness-Grammar	"inconsistent and interrupt"	M
inconsistent	L1	661	不一致的	G2-Correctness-Grammar	"Inconsistent verb tense"	H
inconsistent	L1	63	不一致的	G1-Ideas	"inconsistent In your"	M
inconsistent	L1	579	不一致的	G2-Correctness-Mechanics	"inconsistent capitalization of"	H
inconsistent	L1	535	不一致的	G2-Wording	"inconsistent with the"	H
inconsistent	L1	623	不一致的	G2-Correctness-Mechanics	"inconsistent spacing eg"	H
inconsistent	L1	553	不一致的	G2-Correctness-Mechanics	"inconsistent punctuation appear"	H
inconsistent	L1	554	不一致的	G2-Wording	"inconsistent register the"	H
inconsistent	L1	628	不一致的	G2-Correctness-Grammar	"inconsistent eg Due"	M
inconsistent	L1	664	不一致的	G2-Correctness-Grammar	"Inconsistent verb tense"	H
inconsistent	L1	584	不一致的	G2-Correctness-Mechanics	"Inconsistent punctuation with"	H
inconsistent	L1	752	不一致的	G2-Correctness-Mechanics	"inconsistent punctuation throughout"	H
inconsistent	L1	617	不一致的	G2-Correctness-Grammar	"Inconsistent verb tense"	H
inconsistent	L1	579	不一致的	G2-Correctness-Grammar	"inconsistent voice Choose"	H
inconsistent	L1	518	不一致的	G2-Correctness-Mechanics	"Inconsistent tense You"	H
inconsistent	L1	346	不一致的	G2-Correctness-Grammar	"inconsistent Additionally in"	M
inconsistent	L1	295	不一致的	G2-Correctness-Grammar	"inconsistent and sometimes"	M
inconsistent	L1	734	不一致的	G2-Correctness-Mechanics	"inconsistent spelling activly"	H
inconsistent	L1	362	不一致的	G2-Correctness-Grammar	"inconsistent unless you"	M
inconsistent	L1	581	不一致的	G2-Correctness-Grammar	"inconsistent if not"	M
inconsistent	L1	139	不一致的	G2-Correctness-Mechanics	"Inconsistent capitalization of"	H
inconsistent	L1	335	不一致的	G2-Correctness-Grammar	"inconsistent Structural Functionalism"	M
inconsistent	L1	282	不一致的	G1-Ideas	"inconsistent some have"	M
inconsistent	L1	606	不一致的	G2-Correctness-Mechanics	"inconsistent capitalization Read"	H
inconsistent	L1	77	不一致的	G1-Ideas	"inconsistent The introduction"	M
inconsistent	L1	467	不一致的	G1-Ideas	"inconsistent and unclear"	M
inconsistent	L1	583	不一致的	G2-Correctness-Mechanics	"Inconsistent capitalization eg"	H
inconsistent	L1	594	不一致的	G2-Correctness-Mechanics	"inconsistent paragraph indentation"	H
inconsistent	L1	676	不一致的	G2-Correctness-Grammar	"inconsistent claims you"	M
inconsistent	L1	345	不一致的	G2-Correctness-Mechanics	"Inconsistent and sometimes"	H
inconsistent	L1	419	不一致的	G2-Correctness-Mechanics	"inconsistent citation format"	H
inconsistent	L1	325	不一致的	G2-Correctness-Grammar	"Inconsistent citation of"	M
inconsistent	L1	682	不一致的	G2-Correctness-Grammar	"Inconsistent verb tense"	H
inconsistent	L1	654	不一致的	G2-Correctness-Mechanics	"Inconsistent capitalization Rechargeable"	H
inconsistent	L1	638	不一致的	G2-Correctness-Grammar	"inconsistent some appear"	M
inconsistent	L1	388	不一致的	G2-Correctness-Grammar	"inconsistent using Kevorkian"	M
inconsistent	L1	643	不一致的	G2-Correctness-Grammar	"Inconsistent pronoun use"	H
inconsistent	L1	477	不一致的	G1-Ideas	"inconsistent and lack"	M
inconsistent	L1	660	不一致的	G2-Correctness-Grammar	"inconsistent quotation mark"	M
inconsistent	L1	677	不一致的	G2-Correctness-Mechanics	"Inconsistent capitalization european"	H
inconsistent	L1	467	不一致的	G2-Correctness-Grammar	"inconsistent and sometimes"	M
inconsistent	L1	621	不一致的	G1-Ideas	"inconsistent make sure"	M
inconsistent	L1	633	不一致的	G2-Correctness-Mechanics	"Inconsistent capitalization govermnent"	H
inconsistent	L1	710	不一致的	G2-Correctness-Mechanics	"inconsistent capitalization hyphenation"	H
inconsistent	L1	716	不一致的	G2-Correctness-Mechanics	"inconsistent Guess clothing"	H
inconsistent	L1	609	不一致的	G2-Correctness-Grammar	"inconsistent indentation Suggested"	M
inconsistent	L1	653	不一致的	G2-Correctness-Mechanics	"inconsistent capitalization panasonic"	H
inconsistent	L1	552	不一致的	G2-Correctness-Mechanics	"inconsistent use of"	H
inconsistent	L1	591	不一致的	G2-Correctness-Grammar	"inconsistent indents and"	M
inconsistent	L1	150	不一致的	G1-Ideas	"inconsistent Your opening"	M
inconsistent	L1	686	不一致的	G2-Correctness-Mechanics	"inconsistent new age"	H
inconsistent	L1	485	不一致的	G2-Correctness-Grammar	"inconsistent discipline and"	M
inconsistent	L1	676	不一致的	G2-Correctness-Grammar	"inconsistent Comma use"	M
inconsistent	L1	105	不一致的	G1-Ideas	"inconsistent At times"	M
inconsistent	L1	25	不一致的	G2-Correctness-Grammar	"inconsistent positions That"	M
inconsistent	L1	444	不一致的	G2-Correctness-Grammar	"inconsistent Strengthen the"	M
inconsistent	L1	692	不一致的	G2-Correctness-Grammar	"inconsistent Present one"	M
inconsistent	L1	192	不一致的	G2-Correctness-Grammar	"inconsistent use of"	M
inconsistent	L1	668	不一致的	G2-Correctness-Grammar	"inconsistent phrasing proponents"	M
inconsistent	L1	218	不一致的	G2-Correctness-Grammar	"inconsistent counterargument and"	M
inconsistent	L1	493	不一致的	G1-Ideas	"inconsistent For example"	M
inconsistent	L1	360	不一致的	G2-Correctness-Grammar	"inconsistent and unfair"	M
inconsistent	L1	688	不一致的	G2-Correctness-Mechanics	"inconsistent capitalization occasional"	H
inconsistent	L1	69	不一致的	G1-Ideas	"inconsistent You say"	M
inconsistent	L1	710	不一致的	G2-Correctness-Grammar	"inconsistent laws leave"	M
inconsistent	L1	672	不一致的	G2-Correctness-Mechanics	"inconsistent citation style"	H
double	German	497	双重的	NA	"solutions double hulling"	H
double	German	594	仔细核查	G2-Correctness-Grammar	"but double check"	H
double	German	553	仔细核查	G2-Correctness-Grammar	"but double check"	H
double	German	542	仔细核查	G2-Correctness-Grammar	"but double check"	H
double	German	696	双重的	NA	"based double standard"	H
double	German	519	仔细核查	G2-Correctness-Grammar	"s double check"	H
double	German	626	仔细核查	G2-Correctness-Grammar	"than double Comma"	H
double	German	334	仔细核查	G2-Correctness-Grammar	"Also double check"	H
double	German	503	重复的	G2-Correctness-Mechanics	"stray double period"	H
double	German	617	仔细核查	G2-Correctness-Grammar	"worth double checking"	H
double	German	647	双重的	NA	"paradox double edged"	H
double	German	474	重复的	G2-Correctness-Mechanics	"for double spaces"	H
double	German	104	双重的	NA	"s double edged"	H
double	German	577	仔细核查	G2-Correctness-Grammar	"worth double checking"	H
double	German	421	仔细核查	G2-Correctness-Grammar	"worth double checking"	H
double	German	551	重复的	G2-Correctness-Mechanics	"again double period"	H
double	German	675	仔细核查	G2-Correctness-Grammar	"but double check"	H
double	German	365	仔细核查	G2-Correctness-Grammar	"female Double check"	H
double	German	374	仔细核查	G2-Correctness-Grammar	"Please double check"	H
double	German	525	仔细核查	G2-Correctness-Grammar	"should double check"	H
double	German	645	仔细核查	G2-Correctness-Grammar	"please double check"	H
double	German	486	仔细核查	G2-Correctness-Grammar	"technology Double check"	H
double	German	543	重复的	G2-Correctness-Mechanics	"and double hyphens"	H
double	German	653	仔细核查	G2-Correctness-Grammar	"but double check"	H
double	German	541	仔细核查	G2-Correctness-Grammar	"so double check"	H
double	German	578	仔细核查	G2-Correctness-Grammar	"worth double checking"	H
double	German	654	仔细核查	G2-Correctness-Grammar	"consistent Double check"	H
double	German	513	仔细核查	G2-Correctness-Grammar	"so double check"	H
double	German	248	仔细核查	G2-Correctness-Grammar	"it Double check"	H
double	German	403	仔细核查	G2-Correctness-Grammar	"women double check"	H
double	German	666	仔细核查	G2-Correctness-Grammar	"discuilss double check"	H
double	German	394	仔细核查	G2-Correctness-Grammar	"Also double check"	H
double	German	553	仔细核查	G2-Correctness-Grammar	"but double check"	H
double	German	424	仔细核查	G2-Correctness-Grammar	"matters Double check"	H
double	German	466	仔细核查	G2-Correctness-Grammar	"but double check"	H
double	German	481	仔细核查	G2-Correctness-Grammar	"so double check"	H
double	German	436	仔细核查	G2-Correctness-Grammar	"Venus Double check"	H
double	German	647	仔细核查	G2-Correctness-Grammar	"up Double check"	H
double	German	88	双重的	NA	"the double standard"	H
double	German	419	仔细核查	G2-Correctness-Grammar	"Also double check"	H
double	German	342	仔细核查	G2-Correctness-Grammar	"misspelled Double check"	H
double	German	431	仔细核查	G2-Correctness-Grammar	"Kelly double check"	H
double	German	675	仔细核查	G2-Correctness-Grammar	"and double check"	H
double	German	164	仔细核查	G2-Correctness-Grammar	"example Double check"	H
double	German	389	双重的	NA	"the double standard"	H
double	German	631	双重的	NA	"the double standard"	H
double	German	562	仔细核查	G2-Correctness-Grammar	"a double comma"	H
double	German	491	仔细核查	G2-Correctness-Grammar	"so double check"	H
double	German	458	仔细核查	G2-Correctness-Grammar	"or double checking"	H
double	German	5	双重的	NA	"Essay Double Standards"	H
double	German	41	双重的	NA	"shaped double standards"	H
double	German	98	双重的	NA	"example Double standards"	H
double	German	515	双重的	NA	"that double standards"	H
double	German	536	双重的	NA	"are double standards"	H
double	German	564	双重的	NA	"whereas double standards"	H
double	German	611	双重的	NA	"media double standards"	H
double	German	751	双重的	NA	"about double standards"	H
double	German	353	仔细核查	G2-Correctness-Grammar	"please double check"	H
double	German	658	重复的	G2-Correctness-Mechanics	"several double spaces"	H
double	German	561	仔细核查	G2-Correctness-Grammar	"problems double punctuation"	H
double	German	579	重复的	G2-Correctness-Mechanics	"Avoid double spaces"	H
double	German	465	仔细核查	G2-Correctness-Grammar	"no double the"	H
double	German	447	仔细核查	G2-Correctness-Grammar	"received Double forms"	H
double	German	512	仔细核查	G2-Correctness-Grammar	"Avoid double exclamation"	H
double	German	738	仔细核查	G2-Correctness-Grammar	"Remove double words"	H
double	German	508	仔细核查	G2-Correctness-Grammar	"place double punctuation"	H
double	German	556	重复的	G2-Correctness-Mechanics	"avoid double spaces"	H
double	German	654	仔细核查	G2-Correctness-Grammar	"greatly Double punctuation"	H
double	German	13	双重的	NA	"unfair double standards"	H
double	German	61	双重的	NA	"and double standards"	H
double	German	138	双重的	NA	"imposed double standards"	H
double	German	206	双重的	NA	"inequality Double standards"	H
double	German	672	仔细核查	G2-Correctness-Grammar	"problems double commas"	H
english	Generic	611	英语	C1	"Your English is"	H
english	Generic	497	英语	C1	"native English speakers"	H
english	Generic	491	英语	C1	"Your English is"	H
english	Generic	581	英语	C1	"Since English is"	H
english	Generic	32	英语	C1	"Your English is"	H
english	Generic	551	英语	C1	"Since English is"	H
english	Generic	292	英语	C1	"Since English is"	H
english	Generic	441	英语	C1	"native English speaker"	H
english	Generic	27	英语	C1	"of English sentence"	H
english	Generic	374	英语	C1	"in English Awkward"	H
english	Generic	419	英语	C1	"establishment English typically"	H
english	Generic	625	英语	C1	"in English inversion"	H
english	Generic	561	英语	C1	"an English speaking"	H
english	Generic	562	英语	C1	"Since English is"	H
english	Generic	444	英语	C1	"Since English is"	H
english	Generic	559	英语	C1	"Your English is"	H
english	Generic	536	英语	C1	"your English here"	H
english	Generic	463	英语	C1	"Since English is"	H
english	Generic	564	英语	C1	"Since English is"	H
english	Generic	509	英语	C1	"standard English word"	H
english	Generic	468	英语	C1	"Because English is"	H
english	Generic	503	英语	C1	"Since English is"	H
english	Generic	660	英语	C1	"way English does"	H
english	Generic	716	英语	C1	"standard English use"	H
english	Generic	709	英语	C1	"native English writers"	H
english	Generic	427	英语	C1	"Since English is"	H
english	Generic	504	英语	C1	"native English speaker"	H
english	Generic	36	英语	C1	"Your English proficiency"	H
english	Generic	251	英语	C1	"academic English his"	H
english	Generic	570	英语	C1	"an English proficiency"	H
english	Generic	639	英语	C1	"require English proficiency"	H
english	Generic	484	英语	C1	"Since English is"	H
english	Generic	513	英语	C1	"standard English Sentence"	H
english	Generic	586	英语	C1	"casual English I"	H
english	Generic	462	英语	C1	"native English speaker"	H
english	Generic	485	英语	C1	"native English speaker"	H
english	Generic	649	英语	C1	"Since English is"	H
english	Generic	602	英语	C1	"Since English is"	H
english	Generic	558	英语	C1	"advanced English but"	H
english	Generic	514	英语	C1	"in English virtue"	H
english	Generic	583	英语	C1	"academic English modern"	H
english	Generic	650	英语	C1	"academic English singular"	H
english	Generic	602	英语	C1	"Your English is"	H
english	Generic	535	英语	C1	"in English made"	H
english	Generic	632	英语	C1	"academic English singular"	H
english	Generic	626	英语	C1	"modern English them"	H
english	Generic	532	英语	C1	"modern English but"	H
english	Generic	368	英语	C1	"natural English Better"	H
english	Generic	495	英语	C1	"in English has"	H
english	Generic	436	英语	C1	"in English modern"	H
english	Generic	396	英语	C1	"in English geo"	H
english	Generic	858	英语	C1	"accurate English and"	H
english	Generic	462	英语	C1	"in English Language"	H
english	Generic	508	英语	C1	"in English Grammar"	H
english	Generic	539	英语	C1	"Your English is"	H
english	Generic	561	英语	C1	"of English overall"	H
english	Generic	675	英语	C1	"modern English but"	H
english	Generic	693	英语	C1	"academic English their"	H
english	Generic	518	英语	C1	"Your English is"	H
english	Generic	51	英语	C1	"in English Main"	H
english	Generic	570	英语	C1	"In English restrictive"	H
english	Generic	26	英语	C1	"speak English well"	H
english	Generic	157	英语	C1	"limited English can"	H
english	Generic	277	英语	C1	"speak English Ph"	H
english	Generic	287	英语	C1	"whose English proficiency"	H
english	Generic	304	英语	C1	"teach English speaking"	H
english	Generic	532	英语	C1	"speak English they"	H
english	Generic	538	英语	C1	"with English speaking"	H
english	Generic	553	英语	C1	"in English students"	H
english	Generic	765	英语	C1	"teach English speaking"	H
english	Generic	771	英语	C1	"sufficient English proficiency"	H
english	Generic	713	英语	C1	"American English make"	H
english	Generic	527	英语	C1	"in English For"	H
english	Generic	762	英语	C1	"academic English With"	H
formal	Generic	619	正式的	G2-Wording	"slightly formal essayistic"	H
formal	Generic	573	正式的	G2-Wording	"in formal academic"	H
formal	Generic	657	正式的	G2-Wording	"how formal or"	H
formal	Generic	539	正式的	G2-Wording	"between formal academic"	H
formal	Generic	754	正式的	G2-Wording	"between formal feminist"	H
formal	Generic	437	正式的	G2-Wording	"more formal objective"	H
formal	Generic	452	正式的	G2-Wording	"a formal presentation"	H
formal	Generic	521	正式的	G2-Wording	"more formal academic"	H
formal	Generic	775	正式的	G2-Wording	"more formal tone"	H
formal	Generic	685	正式的	G2-Wording	"in formal argumentative"	H
formal	Generic	577	正式的	G2-Wording	"In formal writing"	H
formal	Generic	545	正式的	G2-Wording	"in formal writing"	H
formal	Generic	170	正式的	G2-Wording	"in formal academic"	H
formal	Generic	498	正式的	G2-Wording	"or formal touch"	H
formal	Generic	638	正式的	G2-Wording	"in formal writing"	H
formal	Generic	389	正式的	G2-Wording	"in formal academic"	H
formal	Generic	514	正式的	G2-Wording	"in formal academic"	H
formal	Generic	520	正式的	G2-Wording	"more formal alternatives"	H
formal	Generic	590	正式的	G2-Wording	"in formal writing"	H
formal	Generic	702	正式的	G2-Wording	"more formal analytical"	H
formal	Generic	370	正式的	G2-Wording	"in formal writing"	H
formal	Generic	546	正式的	G2-Wording	"precise formal language"	H
formal	Generic	518	正式的	G2-Wording	"in formal academic"	H
formal	Generic	593	正式的	G2-Wording	"more formal alternatives"	H
formal	Generic	470	正式的	G2-Wording	"in formal essays"	H
formal	Generic	741	正式的	G2-Wording	"more formal prose"	H
formal	Generic	661	正式的	G2-Wording	"between formal and"	H
formal	Generic	587	正式的	G2-Wording	"more formal objective"	H
formal	Generic	510	正式的	G2-Wording	"from formal academic"	H
formal	Generic	542	正式的	G2-Wording	"for formal writing"	H
formal	Generic	714	正式的	G2-Wording	"of formal argument"	H
formal	Generic	386	正式的	G2-Wording	"in formal writing"	H
formal	Generic	501	正式的	G2-Wording	"more formal way"	H
formal	Generic	633	正式的	G2-Wording	"looking formal statement"	H
formal	Generic	403	正式的	G2-Wording	"in formal writing"	H
formal	Generic	618	正式的	G2-Wording	"in formal writing"	H
formal	Generic	443	正式的	G2-Wording	"in formal writing"	H
formal	Generic	514	正式的	G2-Wording	"more formal phrasing"	H
formal	Generic	635	正式的	G2-Wording	"more formal register"	H
formal	Generic	587	正式的	G2-Wording	"slightly formal awkward"	H
formal	Generic	451	正式的	G2-Wording	"requires formal citations"	H
formal	Generic	734	正式的	G2-Wording	"more formal equivalents"	H
formal	Generic	376	正式的	G2-Wording	"in formal academic"	H
formal	Generic	689	正式的	G2-Wording	"a formal essay"	H
formal	Generic	426	正式的	G2-Wording	"more formal register"	H
formal	Generic	718	正式的	G2-Wording	"consistent formal voice"	H
formal	Generic	583	正式的	G2-Wording	"more formal academic"	H
formal	Generic	609	正式的	G2-Wording	"a formal academic"	H
formal	Generic	668	正式的	G2-Wording	"more formal academic"	H
formal	Generic	190	正式的	G2-Wording	"more formal for"	H
formal	Generic	726	正式的	G2-Wording	"more formal language"	H
formal	Generic	651	正式的	G2-Wording	"more formal academic"	H
formal	Generic	69	正式的	G2-Wording	"more formal and"	H
formal	Generic	320	正式的	G2-Wording	"a formal way"	H
formal	Generic	700	正式的	G2-Wording	"more formal and"	H
formal	Generic	765	正式的	G2-Wording	"more formal style"	H
formal	Generic	68	正式的	G2-Wording	"and formal academic"	H
formal	Generic	292	正式的	G2-Wording	"more formal academic"	H
formal	Generic	325	正式的	G2-Wording	"more formal phrasing"	H
formal	Generic	671	正式的	G2-Wording	"concise formal and"	H
formal	Generic	701	正式的	G2-Wording	"more formal vocabulary"	H
formal	Generic	516	正式的	G2-Wording	"for formal argumentative"	H
formal	Generic	428	正式的	G2-Wording	"is formal and"	H
formal	Generic	513	正式的	G2-Wording	"in formal academic"	H
formal	Generic	738	正式的	G2-Wording	"and formal academic"	H
formal	Generic	293	正式的	G2-Wording	"more formal academic"	H
formal	Generic	634	正式的	G2-Wording	"more formal For"	H
formal	Generic	724	正式的	G2-Wording	"more formal academic"	H
formal	Generic	331	正式的	G2-Wording	"in formal writing"	H
formal	Generic	689	正式的	G2-Wording	"more formal and"	H
formal	Generic	130	正式的	G2-Wording	"a formal style"	H
formal	Generic	341	正式的	G2-Wording	"more formal academic"	H
formal	Generic	697	正式的	G2-Wording	"more formal language"	H
formal	Generic	389	正式的	G2-Wording	"more formal structure"	H
formal	Generic	680	正式的	G2-Wording	"more formal respectful"	H
formal	Generic	74	正式的	G2-Wording	"organization formal tone"	H
formal	Generic	267	正式的	G2-Wording	"more formal academic"	H
formal	Generic	557	正式的	G2-Wording	"In formal essays"	H
formal	Generic	695	正式的	G2-Wording	"with formal language"	H
formal	Generic	721	正式的	G2-Wording	"more formal language"	H
formal	Generic	454	正式的	G2-Wording	"in formal writing"	H
formal	Generic	606	正式的	G2-Wording	"more formal Possessive"	H
formal	Generic	701	正式的	G2-Wording	"more formal vocabulary"	H
formal	Generic	373	正式的	G2-Wording	"more formal style"	H
formal	Generic	740	正式的	G2-Wording	"more formal tone"	H
formal	Generic	84	正式的	G2-Wording	"sounds formal and"	H
formal	Generic	517	正式的	G2-Wording	"more formal tone"	H
formal	Generic	643	正式的	G2-Wording	"less formal education"	H
formal	Generic	753	正式的	G2-Wording	"for formal academic"	H
formal	Generic	798	正式的	G2-Wording	"more formal tone"	H
formal	Generic	548	正式的	G2-Wording	"in formal writing"	H
formal	Generic	590	正式的	G2-Wording	"more formal Example"	H
formal	Generic	787	正式的	G2-Wording	"more formal transition"	H
formal	Generic	541	正式的	G2-Wording	"more formal academic"	H
formal	Generic	739	正式的	G2-Wording	"more formal academic"	H
formal	Generic	446	正式的	G2-Wording	"more formal academic"	H
formal	Generic	491	正式的	G2-Wording	"more formal alternatives"	H
formal	Generic	745	正式的	G2-Wording	"more formal academic"	H
formal	Generic	613	正式的	G2-Wording	"more formal and"	H
formal	Generic	628	正式的	G2-Wording	"more formal academic"	H
formal	Generic	706	正式的	G2-Wording	"more formal and"	H
formal	Generic	393	正式的	G2-Wording	"more formal academic"	H
formal	Generic	422	正式的	G2-Wording	"more formal tone"	H
formal	Generic	636	正式的	G2-Wording	"in formal writing"	H
formal	Generic	745	正式的	G2-Wording	"more formal language"	H
formal	Generic	476	正式的	G2-Wording	"more formal style"	H
formal	Generic	768	正式的	G2-Wording	"more formal academic"	H
formal	Generic	522	正式的	G2-Wording	"more formal tone"	H
formal	Generic	792	正式的	G2-Wording	"more formal tone"	H
formal	Generic	504	正式的	G2-Wording	"more formal alternatives"	H
formal	Generic	802	正式的	G2-Wording	"more formal academic"	H
formal	Generic	518	正式的	G2-Wording	"more formal academic"	H
formal	Generic	538	正式的	G2-Wording	"and formal wording"	H
formal	Generic	566	正式的	G2-Wording	"more formal opening"	H
formal	Generic	232	正式的	G2-Wording	"more formal and"	H
formal	Generic	722	正式的	G2-Wording	"more formal precise"	H
formal	Generic	595	正式的	G2-Wording	"Use formal academic"	H
formal	Generic	532	正式的	G2-Wording	"Use formal academic"	H
formal	Generic	547	正式的	G2-Wording	"and formal argument"	H
formal	Generic	545	正式的	G2-Wording	"more formal and"	H
formal	Generic	692	正式的	G2-Wording	"more formal academic"	H
formal	Generic	313	正式的	G2-Wording	"with formal transitions"	H
formal	Generic	318	正式的	G2-Wording	"more formal academic"	H
formal	Generic	378	正式的	G2-Wording	"more formal Focus"	H
formal	Generic	705	正式的	G2-Wording	"more formal academic"	H
formal	Generic	378	正式的	G2-Wording	"more formal academic"	H
formal	Generic	407	正式的	G2-Wording	"more formal expressions"	H
formal	Generic	725	正式的	G2-Wording	"and formal tone"	H
formal	Generic	75	正式的	G2-Wording	"choice formal academic"	H
formal	Generic	311	正式的	G2-Wording	"more formal academic"	H
formal	Generic	356	正式的	G2-Wording	"in formal writing"	H
formal	Generic	766	正式的	G2-Wording	"more formal You"	H
formal	Generic	621	正式的	G2-Wording	"more formal transitions"	H
formal	Generic	776	正式的	G2-Wording	"more formal academic"	H
formal	Generic	367	正式的	G2-Wording	"more formal academic"	H
formal	Generic	756	正式的	G2-Wording	"more formal You"	H
formal	Generic	284	正式的	G2-Wording	"more formal academic"	H
formal	Generic	313	正式的	G2-Wording	"more formal alternatives"	H
formal	Generic	332	正式的	G2-Wording	"in formal writing"	H
formal	Generic	668	正式的	G2-Wording	"Use formal vocabulary"	H
formal	Generic	234	正式的	G2-Wording	"more formal academic"	H
formal	Generic	592	正式的	G2-Wording	"in formal writing"	H
formal	Generic	624	正式的	G2-Wording	"in formal modern"	H
formal	Generic	763	正式的	G2-Wording	"more formal language"	H
formal	Generic	109	正式的	G2-Wording	"than formal argumentative"	H
formal	Generic	181	正式的	G2-Wording	"more formal Also"	H
formal	Generic	212	正式的	G2-Wording	"more formal style"	H
formal	Generic	714	正式的	G2-Wording	"more formal style"	H
formal	Generic	77	正式的	G2-Wording	"appropriately formal What"	H
formal	Generic	536	正式的	G2-Wording	"more formal version"	H
formal	Generic	320	正式的	G2-Wording	"more formal academic"	H
formal	Generic	367	正式的	G2-Wording	"more formal and"	H
formal	Generic	562	正式的	G2-Wording	"in formal writing"	H
formal	Generic	805	正式的	G2-Wording	"using formal academic"	H
formal	Generic	463	正式的	G2-Wording	"in formal writing"	H
formal	Generic	486	正式的	G2-Wording	"more formal precise"	H
formal	Generic	699	正式的	G2-Wording	"more formal and"	H
formal	Generic	742	正式的	G2-Wording	"more formal academic"	H
formal	Generic	226	正式的	G2-Wording	"in formal writing"	H
formal	Generic	242	正式的	G2-Wording	"more formal academic"	H
formal	Generic	302	正式的	G2-Wording	"consistent formal tone"	H
formal	Generic	633	正式的	G2-Wording	"more formal finish"	H
formal	Generic	710	正式的	G2-Wording	"with formal academic"	H
formal	Generic	754	正式的	G2-Wording	"more formal and"	H
formal	Generic	745	正式的	G2-Wording	"more formal tone"	H
formal	Generic	622	正式的	G2-Wording	"more formal academic"	H
formal	Generic	630	正式的	G2-Wording	"more formal tone"	H
formal	Generic	773	正式的	G2-Wording	"more formal academic"	H
formal	Generic	591	正式的	G2-Wording	"more formal and"	H
formal	Generic	758	正式的	G2-Wording	"more formal academic"	H
formal	Generic	125	正式的	G2-Wording	"memorable Formal tone"	H
formal	Generic	346	正式的	G2-Wording	"more formal academic"	H
formal	Generic	389	正式的	G2-Wording	"more formal vocabulary"	H
formal	Generic	663	正式的	G2-Wording	"Improve formal style"	H
formal	Generic	716	正式的	G2-Wording	"more formal and"	H
formal	Generic	294	正式的	G2-Wording	"more formal academic"	H
formal	Generic	317	正式的	G2-Wording	"in formal writing"	H
formal	Generic	76	正式的	G2-Wording	"more formal more"	H
formal	Generic	281	正式的	G2-Wording	"more formal academic"	H
formal	Generic	298	正式的	G2-Wording	"for formal academic"	H
formal	Generic	727	正式的	G2-Wording	"with formal language"	H
formal	Generic	767	正式的	G2-Wording	"more formal style"	H
formal	Generic	404	正式的	G2-Wording	"Use formal academic"	H
formal	Generic	237	正式的	G2-Wording	"more formal Avoid"	H
formal	Generic	265	正式的	G2-Wording	"more formal transitions"	H
formal	Generic	707	正式的	G2-Wording	"more formal and"	H
formal	Generic	436	正式的	G2-Wording	"in formal essays"	H
formal	Generic	667	正式的	G2-Wording	"a formal and"	H
formal	Generic	284	正式的	G2-Wording	"more formal academic"	H
formal	Generic	336	正式的	G2-Wording	"in formal academic"	H
formal	Generic	657	正式的	G2-Wording	"in formal writing"	H
formal	Generic	763	正式的	G2-Wording	"more formal vocabulary"	H
formal	Generic	63	正式的	G2-Wording	"and formal academic"	H
formal	Generic	161	正式的	G2-Wording	"more formal academic"	H
formal	Generic	782	正式的	G2-Wording	"more formal and"	H
formal	Generic	515	正式的	G2-Wording	"in formal writing"	H
formal	Generic	584	正式的	G2-Wording	"more formal if"	H
formal	Generic	617	正式的	G2-Wording	"in formal essays"	H
formal	Generic	747	正式的	G2-Wording	"more formal academic"	H
formal	Generic	523	正式的	G2-Wording	"more formal Since"	H
formal	Generic	565	正式的	G2-Wording	"in formal writing"	H
formal	Generic	744	正式的	G2-Wording	"more formal academic"	H
formal	Generic	354	正式的	G2-Wording	"Use formal academic"	H
formal	Generic	389	正式的	G2-Wording	"more formal explanation"	H
formal	Generic	397	正式的	G2-Wording	"more formal phrases"	H
formal	Generic	730	正式的	G2-Wording	"Use formal academic"	H
formal	Generic	766	正式的	G2-Wording	"organized formal and"	H
formal	Generic	527	正式的	G2-Wording	"in formal essays"	H
formal	Generic	725	正式的	G2-Wording	"more formal academic"	H
formal	Generic	613	正式的	G2-Wording	"more formal tone"	H
formal	Generic	796	正式的	G2-Wording	"more formal academic"	H
formal	Generic	501	正式的	G2-Wording	"more formal careful"	H
formal	Generic	324	正式的	G2-Wording	"more formal and"	H
formal	Generic	790	正式的	G2-Wording	"more formal academic"	H
formal	Generic	728	正式的	G2-Wording	"more formal and"	H
formal	Generic	518	正式的	G2-Wording	"in formal academic"	H
formal	Generic	746	正式的	G2-Wording	"more formal alternatives"	H
formal	Generic	683	正式的	G2-Wording	"more formal style"	H
formal	Generic	666	正式的	G2-Wording	"more formal academic"	H
formal	Generic	539	正式的	G2-Wording	"more formal tone"	H
formal	Generic	838	正式的	G2-Wording	"and formal tone"	H
formal	Generic	423	正式的	G2-Wording	"more formal language"	H
formal	Generic	532	正式的	G2-Wording	"more formal way"	H
formal	Generic	719	正式的	G2-Wording	"more formal academic"	H
formal	Generic	105	正式的	G2-Wording	"concerns Formal tone"	H
formal	Generic	492	正式的	G2-Wording	"more formal phrasing"	H
formal	Generic	512	正式的	G2-Wording	"the formal tone"	H
formal	Generic	776	正式的	G2-Wording	"more formal academic"	H
formal	Generic	748	正式的	G2-Wording	"more formal and"	H
formal	Generic	743	正式的	G2-Wording	"more formal and"	H
formal	Generic	551	正式的	G2-Wording	"more formal transitions"	H
formal	Generic	600	正式的	G2-Wording	"sentences Formal academic"	H
formal	Generic	621	正式的	G2-Wording	"more formal alternatives"	H
formal	Generic	210	正式的	G2-Wording	"more formal academic"	H
formal	Generic	239	正式的	G2-Wording	"with formal alternatives"	H
formal	Generic	713	正式的	G2-Wording	"more formal tone"	H
formal	Generic	104	正式的	G2-Wording	"sounds formal and"	H
formal	Generic	731	正式的	G2-Wording	"more formal academic"	H
formal	Generic	359	正式的	G2-Wording	"more formal wording"	H
formal	Generic	727	正式的	G2-Wording	"more formal academic"	H
formal	Generic	498	正式的	G2-Wording	"with formal tone"	H
formal	Generic	678	正式的	G2-Wording	"with formal academic"	H
formal	Generic	668	正式的	G2-Wording	"more formal Also"	H
formal	Generic	749	正式的	G2-Wording	"grammar formal tone"	H
formal	Generic	690	正式的	G2-Wording	"and formal Separate"	H
formal	Generic	731	正式的	G2-Wording	"more formal tone"	H
formal	Generic	404	正式的	G2-Wording	"more formal academic"	H
formal	Generic	678	正式的	G2-Wording	"in formal writing"	H
formal	Generic	751	正式的	G2-Wording	"clear formal thesis"	H
formal	Generic	378	正式的	G2-Wording	"for formal academic"	H
formal	Generic	38	正式的	G2-Wording	"is formal in"	H
formal	Generic	392	正式的	G2-Wording	"more formal academic"	H
formal	Generic	434	正式的	G2-Wording	"and formal For"	H
formal	Generic	729	正式的	G2-Wording	"d Formal phrasing"	H
formal	Generic	752	正式的	G2-Wording	"more formal alternatives"	H
formal	Generic	655	正式的	G2-Wording	"more formal language"	H
formal	Generic	776	正式的	G2-Wording	"more formal academic"	H
formal	Generic	593	正式的	G2-Wording	"more formal and"	H
formal	Generic	634	正式的	G2-Wording	"tone formal and"	H
formal	Generic	632	正式的	G2-Wording	"more formal tone"	H
formal	Generic	594	正式的	G2-Wording	"more formal and"	H
formal	Generic	454	正式的	G2-Wording	"more formal tone"	H
formal	Generic	756	正式的	G2-Wording	"more formal academic"	H
formal	Generic	443	正式的	G2-Wording	"more formal phrasing"	H
formal	Generic	660	正式的	G2-Wording	"in formal style"	H
formal	Generic	459	正式的	G2-Wording	"more formal and"	H
formal	Generic	651	正式的	G2-Wording	"more formal and"	H
formal	Generic	69	正式的	G2-Wording	"and formal Main"	H
formal	Generic	293	正式的	G2-Wording	"more formal academic"	H
formal	Generic	320	正式的	G2-Wording	"more formal language"	H
formal	Generic	746	正式的	G2-Wording	"more formal language"	H
formal	Generic	712	正式的	G2-Wording	"more formal balanced"	H
formal	Generic	740	正式的	G2-Wording	"more formal academic"	H
formal	Generic	748	正式的	G2-Wording	"style formal Final"	H
formal	Generic	786	正式的	G2-Wording	"more formal academic"	H
formal	Generic	340	正式的	G2-Wording	"more formal wording"	H
formal	Generic	734	正式的	G2-Wording	"more formal academic"	H
formal	Generic	640	正式的	G2-Wording	"more formal alternatives"	H
formal	Generic	677	正式的	G2-Wording	"Use formal citation"	H
formal	Generic	225	正式的	G2-Wording	"more formal academic"	H
formal	Generic	268	正式的	G2-Wording	"more formal language"	H
formal	Generic	616	正式的	G2-Wording	"Use formal language"	H
formal	Generic	738	正式的	G2-Wording	"more formal this"	H
formal	Generic	706	正式的	G2-Wording	"in formal writing"	H
formal	Generic	585	正式的	G2-Wording	"more formal academic"	H
formal	Generic	667	正式的	G2-Wording	"More formal academic"	H
formal	Generic	158	正式的	G2-Wording	"less formal For"	H
formal	Generic	180	正式的	G2-Wording	"a formal argumentative"	H
formal	Generic	818	正式的	G2-Wording	"more formal academic"	H
formal	Generic	332	正式的	G2-Wording	"more formal academic"	H
formal	Generic	368	正式的	G2-Wording	"a formal statement"	H
formal	Generic	709	正式的	G2-Wording	"more formal academic"	H
formal	Generic	509	正式的	G2-Wording	"more formal and"	H
formal	Generic	453	正式的	G2-Wording	"more formal academic"	H
formal	Generic	765	正式的	G2-Wording	"more formal academic"	H
formal	Generic	789	正式的	G2-Wording	"more formal precise"	H
formal	Generic	306	正式的	G2-Wording	"more formal academic"	H
formal	Generic	728	正式的	G2-Wording	"more formal language"	H
formal	Generic	259	正式的	G2-Wording	"more formal academic"	H
formal	Generic	354	正式的	G2-Wording	"in formal writing"	H
formal	Generic	734	正式的	G2-Wording	"more formal tone"	H
formal	Generic	442	正式的	G2-Wording	"more formal tone"	H
formal	Generic	707	正式的	G2-Wording	"more formal tone"	H
formal	Generic	564	正式的	G2-Wording	"more formal language"	H
formal	Generic	784	正式的	G2-Wording	"Use formal academic"	H
formal	Generic	305	正式的	G2-Wording	"more formal academic"	H
formal	Generic	775	正式的	G2-Wording	"more formal language"	H
formal	Generic	137	正式的	G2-Wording	"often formal and"	H
formal	Generic	556	正式的	G2-Wording	"more formal and"	H
formal	Generic	757	正式的	G2-Wording	"Improve formal tone"	H
formal	Generic	590	正式的	G2-Wording	"more formal academic"	H
formal	Generic	668	正式的	G2-Wording	"more formal balanced"	H
formal	Generic	245	正式的	G2-Wording	"more formal way"	H
formal	Generic	359	正式的	G2-Wording	"more formal tone"	H
formal	Generic	749	正式的	G2-Wording	"using formal neutral"	H
formal	Generic	270	正式的	G2-Wording	"more formal academic"	H
formal	Generic	702	正式的	G2-Wording	"more formal language"	H
formal	Generic	723	正式的	G2-Wording	"more formal accurate"	H
formal	Generic	328	正式的	G2-Wording	"for formal academic"	H
formal	Generic	594	正式的	G2-Wording	"In formal writing"	H
formal	Generic	776	正式的	G2-Wording	"more formal and"	H
formal	Generic	623	正式的	G2-Wording	"more formal academic"	H
formal	Generic	670	正式的	G2-Wording	"in formal writing"	H
formal	Generic	484	正式的	G2-Wording	"more formal wording"	H
formal	Generic	706	正式的	G2-Wording	"more formal academic"	H
formal	Generic	443	正式的	G2-Wording	"more formal wording"	H
formal	Generic	760	正式的	G2-Wording	"more formal academic"	H
formal	Generic	387	正式的	G2-Wording	"more formal wording"	H
formal	Generic	667	正式的	G2-Wording	"more formal and"	H
formal	Generic	711	正式的	G2-Wording	"more formal language"	H
formal	Generic	387	正式的	G2-Wording	"more formal academic"	H
formal	Generic	414	正式的	G2-Wording	"more formal wording"	H
formal	Generic	718	正式的	G2-Wording	"more formal and"	H
formal	Generic	165	正式的	G2-Wording	"more formal phrasing"	H
formal	Generic	571	正式的	G2-Wording	"more formal language"	H
formal	Generic	758	正式的	G2-Wording	"more formal academic"	H
formal	Generic	139	正式的	G2-Wording	"than formal In"	H
formal	Generic	598	正式的	G2-Wording	"with formal ones"	H
formal	Generic	660	正式的	G2-Wording	"more formal phrasing"	H
formal	Generic	666	正式的	G2-Wording	"business Formal style"	H
formal	Generic	744	正式的	G2-Wording	"more formal balanced"	H
formal	Generic	360	正式的	G2-Wording	"more formal Some"	H
formal	Generic	391	正式的	G2-Wording	"more formal vocabulary"	H
formal	Generic	818	正式的	G2-Wording	"evidence formal language"	H
formal	Generic	61	正式的	G2-Wording	"more formal Main"	H
formal	Generic	420	正式的	G2-Wording	"more formal tone"	H
formal	Generic	715	正式的	G2-Wording	"more formal academic"	H
formal	Generic	360	正式的	G2-Wording	"more formal academic"	H
formal	Generic	373	正式的	G2-Wording	"Less formal traditions"	H
formal	Generic	708	正式的	G2-Wording	"more formal academic"	H
formal	Generic	254	正式的	G2-Wording	"more formal evidence"	H
formal	Generic	454	正式的	G2-Wording	"a formal tone"	H
formal	Generic	502	正式的	G2-Wording	"and formal Avoid"	H
formal	Generic	364	正式的	G2-Wording	"more formal Develop"	H
formal	Generic	755	正式的	G2-Wording	"organized formal and"	H
formal	Generic	583	正式的	G2-Wording	"more formal version"	H
formal	Generic	708	正式的	G2-Wording	"more formal academic"	H
formal	Generic	328	正式的	G2-Wording	"more formal and"	H
formal	Generic	634	正式的	G2-Wording	"more formal clearer"	H
formal	Generic	707	正式的	G2-Wording	"with formal academic"	H
formal	Generic	460	正式的	G2-Wording	"more formal style"	H
formal	Generic	743	正式的	G2-Wording	"more formal and"	H
formal	Generic	783	正式的	G2-Wording	"using formal language"	H
formal	Generic	479	正式的	G2-Wording	"more formal academic"	H
precise	German	555	精确的	G2-Wording	"use precise word"	H
precise	German	773	精确的	G2-Wording	"more precise language"	H
precise	German	156	精确的	G2-Wording	"more precise thesis"	H
precise	German	600	精确的	G2-Wording	"measured precise claims"	H
precise	German	654	精确的	G2-Wording	"more precise formal"	H
precise	German	33	精确的	G2-Wording	"more precise conceptual"	H
precise	German	739	精确的	G2-Wording	"more precise conceptual"	H
precise	German	647	精确的	G2-Wording	"more precise defensible"	H
precise	German	187	精确的	G2-Wording	"more precise for"	H
precise	German	589	精确的	G2-Wording	"measured precise language"	H
precise	German	725	精确的	G2-Wording	"more precise historical"	H
precise	German	125	精确的	G2-Wording	"and precise Paragraph"	H
precise	German	618	精确的	G2-Wording	"measured precise phrasing"	H
precise	German	444	精确的	G2-Wording	"most precise word"	H
precise	German	690	精确的	G2-Wording	"more precise phrasing"	H
precise	German	696	精确的	G2-Wording	"grammar precise word"	H
precise	German	419	精确的	G2-Wording	"more precise hedged"	H
precise	German	758	精确的	G2-Wording	"and precise I"	H
precise	German	391	精确的	G2-Wording	"versus precise language"	H
precise	German	724	精确的	G2-Wording	"more precise language"	H
precise	German	644	精确的	G2-Wording	"more precise as"	H
precise	German	708	精确的	G2-Wording	"and precise language"	H
precise	German	528	精确的	G2-Wording	"more precise academic"	H
precise	German	49	精确的	G2-Wording	"more precise consistent"	H
precise	German	398	精确的	G2-Wording	"more precise defensible"	H
precise	German	706	精确的	G2-Wording	"more precise defensible"	H
precise	German	413	精确的	G2-Wording	"more precise and"	H
precise	German	432	精确的	G2-Wording	"more precise formal"	H
precise	German	669	精确的	G2-Wording	"one precise thesis"	H
precise	German	703	精确的	G2-Wording	"more precise sourced"	H
precise	German	453	精确的	G2-Wording	"restrained precise language"	H
precise	German	769	精确的	G2-Wording	"into precise well"	H
precise	German	55	精确的	G2-Wording	"more precise thesis"	H
precise	German	185	精确的	G2-Wording	"more precise thesis"	H
precise	German	110	精确的	G2-Wording	"more precise Right"	H
precise	German	796	精确的	G2-Wording	"more precise direct"	H
precise	German	498	精确的	G2-Wording	"more precise Style"	H
precise	German	742	精确的	G2-Wording	"more precise language"	H
precise	German	507	精确的	G2-Wording	"more precise transitions"	H
precise	German	731	精确的	G2-Wording	"and precise way"	H
precise	German	303	精确的	G2-Wording	"more precise for"	H
precise	German	692	精确的	G2-Wording	"more precise and"	H
precise	German	748	精确的	G2-Wording	"more precise more"	H
precise	German	154	精确的	G2-Wording	"more precise At"	H
precise	German	769	精确的	G2-Wording	"more precise replacing"	H
precise	German	675	精确的	G2-Wording	"and precise Final"	H
precise	German	737	精确的	G2-Wording	"and precise With"	H
precise	German	149	精确的	G2-Wording	"more precise Your"	H
precise	German	723	精确的	G2-Wording	"more precise credible"	H
precise	German	641	精确的	G2-Wording	"more precise and"	H
precise	German	793	精确的	G2-Wording	"more precise balanced"	H
precise	German	381	精确的	G2-Wording	"more precise Instead"	H
precise	German	228	精确的	G2-Wording	"more precise explanation"	H
precise	German	696	精确的	G2-Wording	"careful precise claims"	H
precise	German	736	精确的	G2-Wording	"more precise and"	H
precise	German	244	精确的	G2-Wording	"more precise Some"	H
precise	German	260	精确的	G2-Wording	"is precise Examples"	H
precise	German	726	精确的	G2-Wording	"more precise language"	H
precise	German	811	精确的	G2-Wording	"thesis precise supporting"	H
precise	German	141	精确的	G2-Wording	"more precise and"	H
precise	German	726	精确的	G2-Wording	"more precise adding"	H
precise	German	158	精确的	G2-Wording	"argument precise and"	H
precise	German	374	精确的	G2-Wording	"more precise Money"	H
precise	German	459	精确的	G2-Wording	"more precise and"	H
precise	German	787	精确的	G2-Wording	"more precise using"	H
precise	German	811	精确的	G2-Wording	"more precise language"	H
precise	German	126	精确的	G2-Wording	"more precise Right"	H
precise	German	531	精确的	G2-Wording	"more precise and"	H
precise	German	122	精确的	G2-Wording	"more precise Right"	H
precise	German	254	精确的	G2-Wording	"more precise For"	H
precise	German	233	精确的	G2-Wording	"more precise and"	H
precise	German	302	精确的	G2-Wording	"and precise Suggestions"	H
precise	German	745	精确的	G2-Wording	"more precise language"	H
precise	German	54	精确的	G2-Wording	"more precise better"	H
precise	German	786	精确的	G2-Wording	"more precise and"	H
precise	German	108	精确的	G2-Wording	"more precise Your"	H
precise	German	378	精确的	G2-Wording	"choose precise vocabulary"	H
precise	German	148	精确的	G2-Wording	"more precise Your"	H
precise	German	226	精确的	G2-Wording	"more precise Clarify"	H
precise	German	663	精确的	G2-Wording	"are precise For"	H
precise	German	43	精确的	G2-Wording	"more precise language"	H
precise	German	572	精确的	G2-Wording	"and precise For"	H
precise	German	186	精确的	G2-Wording	"more precise thesis"	H
precise	German	467	精确的	G2-Wording	"with precise controlled"	H
precise	German	127	精确的	G2-Wording	"more precise Your"	H
precise	German	450	精确的	G2-Wording	"Be precise The"	H
precise	German	829	精确的	G2-Wording	"with precise explanation"	H
precise	German	609	精确的	G2-Wording	"more precise Here"	H
precise	German	63	精确的	G2-Wording	"more precise strengthening"	H
precise	German	203	精确的	G2-Wording	"one precise sentence"	H
precise	German	735	精确的	G2-Wording	"more precise and"	H
precise	German	62	精确的	G2-Wording	"more precise organized"	H
precise	German	735	精确的	G2-Wording	"more precise and"	H
precise	German	124	精确的	G2-Wording	"more precise Your"	H
precise	German	111	精确的	G2-Wording	"more precise and"	H
precise	German	670	精确的	G2-Wording	"more precise language"	H
precise	German	141	精确的	G2-Wording	"more precise Right"	H
precise	German	746	精确的	G2-Wording	"with precise ones"	H
precise	German	771	精确的	G2-Wording	"more precise claims"	H
precise	German	651	精确的	G2-Wording	"more precise and"	H
precise	German	751	精确的	G2-Wording	"more precise language"	H
precise	German	115	精确的	G2-Wording	"more precise Your"	H
precise	German	725	精确的	G2-Wording	"more precise language"	H
precise	German	718	精确的	G2-Wording	"with precise supportable"	H
precise	German	218	精确的	G2-Wording	"more precise from"	H
precise	German	404	精确的	G2-Wording	"more precise language"	H
precise	German	487	精确的	G2-Wording	"medically precise effect"	H
precise	German	782	精确的	G2-Wording	"more precise language"	H
precise	German	135	精确的	G2-Wording	"more precise Your"	H
precise	German	95	精确的	G2-Wording	"not precise enough"	H
precise	German	743	精确的	G2-Wording	"more precise analysis"	H
precise	German	770	精确的	G2-Wording	"more precise Overall"	H
precise	German	184	精确的	G2-Wording	"more precise Right"	H
precise	German	783	精确的	G2-Wording	"more precise language"	H
precise	German	478	精确的	G2-Wording	"more precise academic"	H
precise	German	672	精确的	G2-Wording	"more precise Correct"	H
precise	German	54	精确的	G2-Wording	"more precise more"	H
precise	German	749	精确的	G2-Wording	"accurate precise language"	H
precise	German	125	精确的	G2-Wording	"more precise At"	H
precise	German	126	精确的	G2-Wording	"more precise Your"	H
precise	German	773	精确的	G2-Wording	"more precise English"	H
precise	German	628	精确的	G2-Wording	"more precise verbs"	H
precise	German	757	精确的	G2-Wording	"more precise more"	H
precise	German	105	精确的	G2-Wording	"more precise Your"	H
precise	German	629	精确的	G2-Wording	"more precise Final"	H
precise	German	180	精确的	G2-Wording	"more precise For"	H
precise	German	163	精确的	G2-Wording	"more precise At"	H
precise	German	723	精确的	G2-Wording	"more precise Correct"	H
precise	German	154	精确的	G2-Wording	"more precise At"	H
precise	German	772	精确的	G2-Wording	"more precise academic"	H
precise	German	120	精确的	G2-Wording	"more precise and"	H
precise	German	788	精确的	G2-Wording	"more precise English"	H
precise	German	147	精确的	G2-Wording	"more precise in"	H
precise	German	759	精确的	G2-Wording	"academic precise and"	H
precise	German	57	精确的	G2-Wording	"organized precise and"	H
precise	German	47	精确的	G2-Wording	"more precise more"	H
precise	German	144	精确的	G2-Wording	"more precise reasoning"	H
precise	German	715	精确的	G2-Wording	"more precise and"	H
precise	German	113	精确的	G2-Wording	"more precise Right"	H
precise	German	583	精确的	G2-Wording	"more precise D"	H
precise	German	697	精确的	G2-Wording	"more precise academic"	H
precise	German	778	精确的	G2-Wording	"more precise language"	H
precise	German	670	精确的	G2-Wording	"more precise phrase"	H
precise	German	764	精确的	G2-Wording	"more precise English"	H
precise	German	85	精确的	G2-Wording	"not precise enough"	H
precise	German	207	精确的	G2-Wording	"one precise thesis"	H
precise	German	697	精确的	G2-Wording	"more precise language"	H
precise	German	695	精确的	G2-Wording	"more precise improve"	H
precise	German	761	精确的	G2-Wording	"one precise thesis"	H
precise	German	412	精确的	G2-Wording	"and precise Be"	H
precise	German	145	精确的	G2-Wording	"more precise Your"	H
precise	German	814	精确的	G2-Wording	"more precise thesis"	H
precise	German	482	精确的	G2-Wording	"more precise and"	H
precise	German	782	精确的	G2-Wording	"with precise careful"	H
precise	German	177	精确的	G2-Wording	"more precise Your"	H
precise	German	318	精确的	G2-Wording	"more precise and"	H
precise	German	801	精确的	G2-Wording	"more precise balanced"	H
precise	German	164	精确的	G2-Wording	"one precise thesis"	H
precise	German	655	精确的	G2-Wording	"is precise and"	H
precise	German	256	精确的	G2-Wording	"more precise and"	H
precise	German	733	精确的	G2-Wording	"more precise evidence"	H
precise	German	714	精确的	G2-Wording	"complete precise and"	H
precise	German	173	精确的	G2-Wording	"more precise Your"	H
precise	German	732	精确的	G2-Wording	"or precise paraphrases"	H
precise	German	311	精确的	G2-Wording	"less precise Articles"	H
precise	German	468	精确的	G2-Wording	"and precise Avoid"	H
precise	German	340	精确的	G2-Wording	"and precise wording"	H
precise	German	724	精确的	G2-Wording	"more precise than"	H
precise	German	836	精确的	G2-Wording	"more precise and"	H
precise	German	445	精确的	G2-Wording	"sounds precise rather"	H
precise	German	606	精确的	G2-Wording	"and precise Word"	H
precise	German	748	精确的	G2-Wording	"more precise support"	H
precise	German	763	精确的	G2-Wording	"more precise better"	H
precise	German	227	精确的	G2-Wording	"more precise wording"	H
precise	German	628	精确的	G2-Wording	"be precise Use"	H
precise	German	54	精确的	G2-Wording	"more precise logical"	H
precise	German	756	精确的	G2-Wording	"more precise language"	H
precise	German	248	精确的	G2-Wording	"more precise Your"	H
precise	German	47	精确的	G2-Wording	"more precise better"	H
precise	German	759	精确的	G2-Wording	"of precise structure"	H
precise	German	717	精确的	G2-Wording	"more precise academic"	H
precise	German	260	精确的	G2-Wording	"more precise thesis"	H
precise	German	648	精确的	G2-Wording	"more precise and"	H
precise	German	678	精确的	G2-Wording	"more precise Add"	H
precise	German	157	精确的	G2-Wording	"more precise Right"	H
precise	German	803	精确的	G2-Wording	"more precise thesis"	H
precise	German	271	精确的	G2-Wording	"more precise and"	H
precise	German	759	精确的	G2-Wording	"with precise analysis"	H
precise	German	421	精确的	G2-Wording	"neutral precise wording"	H
precise	German	129	精确的	G2-Wording	"more precise evidence"	H
precise	German	103	精确的	G2-Wording	"one precise claim"	H
precise	German	543	精确的	G2-Wording	"a precise thesis"	H
precise	German	305	精确的	G2-Wording	"more precise Suggested"	H
precise	German	137	精确的	G2-Wording	"and precise Your"	H
precise	German	763	精确的	G2-Wording	"a precise thesis"	H
precise	German	56	精确的	G2-Wording	"it precise At"	H
precise	German	142	精确的	G2-Wording	"more precise At"	H
precise	German	175	精确的	G2-Wording	"and precise Strengthen"	H
precise	German	575	精确的	G2-Wording	"neutral precise language"	H
precise	German	724	精确的	G2-Wording	"and precise Expand"	H
precise	German	756	精确的	G2-Wording	"more precise language"	H
precise	German	175	精确的	G2-Wording	"one precise argument"	H
precise	German	734	精确的	G2-Wording	"focused precise and"	H
precise	German	533	精确的	G2-Wording	"simple precise academic"	H
precise	German	138	精确的	G2-Wording	"more precise Your"	H
precise	German	729	精确的	G2-Wording	"more precise evidence"	H
precise	German	110	精确的	G2-Wording	"more precise Your"	H
precise	German	751	精确的	G2-Wording	"more precise language"	H
precise	German	101	精确的	G2-Wording	"more precise At"	H
precise	German	284	精确的	G2-Wording	"more precise analysis"	H
precise	German	772	精确的	G2-Wording	"with precise analytical"	H
precise	German	814	精确的	G2-Wording	"more precise "	H
precise	German	114	精确的	G2-Wording	"more precise Your"	H
precise	German	796	精确的	G2-Wording	"more precise language"	H
precise	German	350	精确的	G2-Wording	"more precise paraphrase"	H
precise	German	133	精确的	G2-Wording	"more precise At"	H
precise	German	693	精确的	G2-Wording	"a precise thesis"	H
precise	German	261	精确的	G2-Wording	"a precise thesis"	H
precise	German	790	精确的	G2-Wording	"a precise thesis"	H
precise	German	825	精确的	G2-Wording	"more precise theory"	H
precise	German	388	精确的	G2-Wording	"and precise Analysis"	H
precise	German	735	精确的	G2-Wording	"more precise Adopt"	H
precise	German	146	精确的	G2-Wording	"more precise Right"	H
precise	German	336	精确的	G2-Wording	"more precise For"	H
precise	German	553	精确的	G2-Wording	"use precise language"	H
precise	German	132	精确的	G2-Wording	"more precise and"	H
precise	German	309	精确的	G2-Wording	"more precise A"	H
precise	German	774	精确的	G2-Wording	"more precise thesis"	H
precise	German	492	精确的	G2-Wording	"more precise and"	H
precise	German	315	精确的	G2-Wording	"more precise and"	H
precise	German	109	精确的	G2-Wording	"more precise In"	H
precise	German	475	精确的	G2-Wording	"more precise Some"	H
precise	German	522	精确的	G2-Wording	"and precise academic"	H
precise	German	738	精确的	G2-Wording	"more precise language"	H
precise	German	123	精确的	G2-Wording	"more precise and"	H
precise	German	649	精确的	G2-Wording	"be precise Example"	H
precise	German	803	精确的	G2-Wording	"more precise language"	H
precise	German	146	精确的	G2-Wording	"a precise thesis"	H
precise	German	461	精确的	G2-Wording	"more precise C"	H
precise	German	65	精确的	G2-Wording	"more precise Main"	H
precise	German	106	精确的	G2-Wording	"more precise Your"	H
precise	German	798	精确的	G2-Wording	"more precise language"	H
precise	German	262	精确的	G2-Wording	"more precise and"	H
precise	German	756	精确的	G2-Wording	"and precise argument"	H
precise	German	804	精确的	G2-Wording	"more precise language"	H
precise	German	142	精确的	G2-Wording	"one precise thesis"	H
precise	German	446	精确的	G2-Wording	"and precise even"	H
precise	German	155	精确的	G2-Wording	"more precise Your"	H
precise	German	424	精确的	G2-Wording	"and precise language"	H
precise	German	129	精确的	G2-Wording	"more precise Right"	H
precise	German	137	精确的	G2-Wording	"more precise Try"	H
precise	German	668	精确的	G2-Wording	"more precise language"	H
precise	German	139	精确的	G2-Wording	"more precise Your"	H
precise	German	735	精确的	G2-Wording	"more precise claims"	H
precise	German	120	精确的	G2-Wording	"more precise Your"	H
precise	German	780	精确的	G2-Wording	"more precise source"	H
precise	German	130	精确的	G2-Wording	"a precise and"	H
precise	German	288	精确的	G2-Wording	"and precise tone"	H
precise	German	124	精确的	G2-Wording	"more precise At"	H
precise	German	728	精确的	G2-Wording	"more precise Reduce"	H
precise	German	147	精确的	G2-Wording	"one precise claim"	H
precise	German	114	精确的	G2-Wording	"more precise Right"	H
precise	German	773	精确的	G2-Wording	"more precise English"	H
precise	German	742	精确的	G2-Wording	"a precise thesis"	H
precise	German	159	精确的	G2-Wording	"one precise sentence"	H
precise	German	563	精确的	G2-Wording	"more precise and"	H
precise	German	262	精确的	G2-Wording	"Be precise Improve"	H
precise	German	774	精确的	G2-Wording	"more precise structured"	H
precise	German	84	精确的	G2-Wording	"more precise At"	H
precise	German	184	精确的	G2-Wording	"calm precise and"	H
precise	German	284	精确的	G2-Wording	"more precise wording"	H
precise	German	366	精确的	G2-Wording	"and precise not"	H
precise	German	579	精确的	G2-Wording	"more precise phrasing"	H
precise	German	690	精确的	G2-Wording	"more precise and"	H
precise	German	504	精确的	G2-Wording	"and precise Grammar"	H
precise	German	822	精确的	G2-Wording	"more precise this"	H
precise	German	308	精确的	G2-Wording	"more precise and"	H
precise	German	365	精确的	G2-Wording	"more precise claims"	H
precise	German	518	精确的	G2-Wording	"more precise and"	H
precise	German	162	精确的	G2-Wording	"more precise thesis"	H
precise	German	508	精确的	G2-Wording	"and precise For"	H
precise	German	330	精确的	G2-Wording	"more precise evidence"	H
precise	German	478	精确的	G2-Wording	"and precise tone"	H
precise	German	762	精确的	G2-Wording	"with precise sourced"	H
precise	German	130	精确的	G2-Wording	"more precise thesis"	H
precise	German	600	精确的	G2-Wording	"with precise language"	H
precise	German	812	精确的	G2-Wording	"a precise thesis"	H
precise	German	169	精确的	G2-Wording	"measured precise and"	H
precise	German	463	精确的	G2-Wording	"Use precise wording"	H
precise	German	631	精确的	G2-Wording	"formal precise and"	H
precise	German	686	精确的	G2-Wording	"more precise language"	H
precise	German	299	精确的	G2-Wording	"avoid precise numbers"	H
precise	German	573	精确的	G2-Wording	"and precise Avoid"	H
precise	German	711	精确的	G2-Wording	"more precise reasoning"	H
citations	Baseline	372	引用	G2-Correctness-Mechanics	"Add citations check"	H
citations	Baseline	533	引用	G2-Correctness-Mechanics	"with citations Evidence"	H
citations	Baseline	727	引用	G2-Correctness-Mechanics	"or citations historical"	H
citations	Baseline	738	引用	G2-Correctness-Mechanics	"actual citations and"	H
citations	Baseline	270	引用	G2-Correctness-Mechanics	"need citations and"	H
citations	Baseline	384	引用	G2-Correctness-Mechanics	"proper citations Right"	H
citations	Baseline	721	引用	G2-Correctness-Mechanics	"with citations Reorganize"	H
citations	Baseline	331	引用	G2-Correctness-Mechanics	"any citations or"	H
citations	Baseline	264	引用	G2-Correctness-Mechanics	"no citations For"	H
citations	Baseline	691	引用	G2-Correctness-Mechanics	"and citations Correct"	H
citations	Baseline	787	引用	G2-Correctness-Mechanics	"evidence citations and"	H
citations	Baseline	601	引用	G2-Correctness-Mechanics	"Populuxe Citations Currently"	H
citations	Baseline	607	引用	G2-Correctness-Mechanics	"no citations at"	H
citations	Baseline	65	引用	G2-Correctness-Mechanics	"Missing Citations Are"	H
citations	Baseline	769	引用	G2-Correctness-Mechanics	"missing citations with"	H
citations	Baseline	548	引用	G2-Correctness-Mechanics	"all citations follow"	H
citations	Baseline	56	引用	G2-Correctness-Mechanics	"Missing Citations Most"	H
citations	Baseline	496	引用	G2-Correctness-Mechanics	"have citations but"	H
citations	Baseline	717	引用	G2-Correctness-Mechanics	"your citations sharpening"	H
citations	Baseline	670	引用	G2-Correctness-Mechanics	"missing citations and"	H
citations	Baseline	752	引用	G2-Correctness-Mechanics	"the citations are"	H
citations	Baseline	239	引用	G2-Correctness-Mechanics	"text citations Without"	H
citations	Baseline	691	引用	G2-Correctness-Mechanics	"and citations Write"	H
citations	Baseline	443	引用	G2-Correctness-Mechanics	"text citations even"	H
citations	Baseline	224	引用	G2-Correctness-Mechanics	"text citations Fairness"	H
citations	Baseline	728	引用	G2-Correctness-Mechanics	"accurate citations Strengthen"	H
citations	Baseline	713	引用	G2-Correctness-Mechanics	"accurate citations Add"	H
citations	Baseline	62	引用	G2-Correctness-Mechanics	"potential Citations and"	H
citations	Baseline	130	引用	G2-Correctness-Mechanics	"full citations Introduce"	H
citations	Baseline	696	引用	G2-Correctness-Mechanics	"all citations with"	H
citations	Baseline	147	引用	G2-Correctness-Mechanics	"text citations author"	H
citations	Baseline	716	引用	G2-Correctness-Mechanics	"proper citations Correct"	H
citations	Baseline	233	引用	G2-Correctness-Mechanics	"missing citations marked"	H
citations	Baseline	719	引用	G2-Correctness-Mechanics	"missing citations Resolve"	H
citations	Baseline	702	引用	G2-Correctness-Mechanics	"evidence citations this"	H
citations	Baseline	574	引用	G2-Correctness-Mechanics	"text citations with"	H
citations	Baseline	716	引用	G2-Correctness-Mechanics	"bracketed citations with"	H
citations	Baseline	222	引用	G2-Correctness-Mechanics	"these citations with"	H
citations	Baseline	753	引用	G2-Correctness-Mechanics	"your citations tightening"	H
citations	Baseline	94	引用	G2-Correctness-Mechanics	"Missing Citations This"	H
citations	Baseline	632	引用	G2-Correctness-Mechanics	"all citations first"	H
citations	Baseline	228	引用	G2-Correctness-Mechanics	"and Citations This"	H
citations	Baseline	747	引用	G2-Correctness-Mechanics	"quotations citations and"	H
citations	Baseline	70	引用	G2-Correctness-Mechanics	"Quotations Citations The"	H
citations	Baseline	123	引用	G2-Correctness-Mechanics	"Missing Citations and"	H
citations	Baseline	450	引用	G2-Correctness-Mechanics	"no citations and"	H
citations	Baseline	504	引用	G2-Correctness-Mechanics	"need citations or"	H
citations	Baseline	769	引用	G2-Correctness-Mechanics	"real citations for"	H
citations	Baseline	293	引用	G2-Correctness-Mechanics	"quotations citations or"	H
citations	Baseline	721	引用	G2-Correctness-Mechanics	"full citations Realign"	H
citations	Baseline	77	引用	G2-Correctness-Mechanics	"Incomplete Citations This"	H
citations	Baseline	153	引用	G2-Correctness-Mechanics	"on citations that"	H
citations	Baseline	740	引用	G2-Correctness-Mechanics	"missing citations with"	H
citations	Baseline	555	引用	G2-Correctness-Mechanics	"quotations citations that"	H
citations	Baseline	446	引用	G2-Correctness-Mechanics	"Missing citations I"	H
citations	Baseline	706	引用	G2-Correctness-Mechanics	"and citations Proofread"	H
citations	Baseline	774	引用	G2-Correctness-Mechanics	"missing citations add"	H
citations	Baseline	345	引用	G2-Correctness-Mechanics	"and Citations You"	H
citations	Baseline	748	引用	G2-Correctness-Mechanics	"Integrate citations more"	H
citations	Baseline	252	引用	G2-Correctness-Mechanics	"Missing Citations There"	H
citations	Baseline	264	引用	G2-Correctness-Mechanics	"source citations should"	H
citations	Baseline	683	引用	G2-Correctness-Mechanics	"missing citations Connect"	H
citations	Baseline	350	引用	G2-Correctness-Mechanics	"and Citations Your"	H
citations	Baseline	353	引用	G2-Correctness-Mechanics	"placeholder citations R"	H
citations	Baseline	363	引用	G2-Correctness-Mechanics	"text citations before"	H
citations	Baseline	778	引用	G2-Correctness-Mechanics	"Fix citations and"	H
citations	Baseline	431	引用	G2-Correctness-Mechanics	"need citations to"	H
citations	Baseline	835	引用	G2-Correctness-Mechanics	"Add citations for"	H
citations	Baseline	408	引用	G2-Correctness-Mechanics	"Inconsistent Citations There"	H
citations	Baseline	421	引用	G2-Correctness-Mechanics	"or citations were"	H
citations	Baseline	712	引用	G2-Correctness-Mechanics	"around citations A"	H
citations	Baseline	762	引用	G2-Correctness-Mechanics	"and citations Add"	H
citations	Baseline	395	引用	G2-Correctness-Mechanics	"many citations are"	H
citations	Baseline	774	引用	G2-Correctness-Mechanics	"missing citations Deepen"	H
citations	Baseline	755	引用	G2-Correctness-Mechanics	"Add citations for"	H
citations	Baseline	354	引用	G2-Correctness-Mechanics	"it Citations like"	H
citations	Baseline	306	引用	G2-Correctness-Mechanics	"Some citations are"	H
citations	Baseline	565	引用	G2-Correctness-Mechanics	"incomplete citations throughout"	H
citations	Baseline	672	引用	G2-Correctness-Mechanics	"incomplete citations and"	H
citations	Baseline	696	引用	G2-Correctness-Mechanics	"Fix citations establish"	H
citations	Baseline	96	引用	G2-Correctness-Mechanics	"your citations are"	H
citations	Baseline	96	引用	G2-Correctness-Mechanics	"quotations citations or"	H
citations	Baseline	439	引用	G2-Correctness-Mechanics	"Without citations readers"	H
citations	Baseline	468	引用	G2-Correctness-Mechanics	"text citations and"	H
citations	Baseline	756	引用	G2-Correctness-Mechanics	"Add citations for"	H
citations	Baseline	389	引用	G2-Correctness-Mechanics	"your citations are"	H
citations	Baseline	534	引用	G2-Correctness-Mechanics	"formatted citations author"	H
citations	Baseline	662	引用	G2-Correctness-Mechanics	"Add citations for"	H
citations	Baseline	199	引用	G2-Correctness-Mechanics	"Missing Citations There"	H
citations	Baseline	244	引用	G2-Correctness-Mechanics	"page citations before"	H
citations	Baseline	774	引用	G2-Correctness-Mechanics	"and citations Write"	H
citations	Baseline	715	引用	G2-Correctness-Mechanics	"research citations would"	H
citations	Baseline	454	引用	G2-Correctness-Mechanics	"Your citations follow"	H
citations	Baseline	548	引用	G2-Correctness-Mechanics	"parenthetical citations appears"	H
citations	Baseline	607	引用	G2-Correctness-Mechanics	"page citations consistently"	H
citations	Baseline	614	引用	G2-Correctness-Mechanics	"some citations drop"	H
citations	Baseline	717	引用	G2-Correctness-Mechanics	"evidence citations throughout"	H
citations	Baseline	725	引用	G2-Correctness-Mechanics	"Add citations for"	H
citations	Baseline	293	引用	G2-Correctness-Mechanics	"Without citations these"	H
citations	Baseline	369	引用	G2-Correctness-Mechanics	"text citations in"	H
citations	Baseline	632	引用	G2-Correctness-Mechanics	"proper citations for"	H
citations	Baseline	513	引用	G2-Correctness-Mechanics	"and Citations Your"	H
citations	Baseline	516	引用	G2-Correctness-Mechanics	"parenthetical citations Major"	H
citations	Baseline	542	引用	G2-Correctness-Mechanics	"The citations are"	H
citations	Baseline	580	引用	G2-Correctness-Mechanics	"full citations and"	H
citations	Baseline	585	引用	G2-Correctness-Mechanics	"text citations follow"	H
citations	Baseline	655	引用	G2-Correctness-Mechanics	"your citations follow"	H
citations	Baseline	666	引用	G2-Correctness-Mechanics	"parenthetical citations with"	H
citations	Baseline	296	引用	G2-Correctness-Mechanics	"and Citations The"	H
citations	Baseline	707	引用	G2-Correctness-Mechanics	"sources Citations I"	H
citations	Baseline	715	引用	G2-Correctness-Mechanics	"text citations or"	H
citations	Baseline	529	引用	G2-Correctness-Mechanics	"another Citations Your"	H
citations	Baseline	533	引用	G2-Correctness-Mechanics	"text citations eg"	H
citations	Baseline	106	引用	G2-Correctness-Mechanics	"without citations readers"	H
citations	Baseline	156	引用	G2-Correctness-Mechanics	"Include citations from"	H
citations	Baseline	602	引用	G2-Correctness-Mechanics	"data citations Reorganize"	H
citations	Baseline	175	引用	G2-Correctness-Mechanics	"and Citations This"	H
citations	Baseline	249	引用	G2-Correctness-Mechanics	"need citations Without"	H
citations	Baseline	683	引用	G2-Correctness-Mechanics	"add citations for"	H
citations	Baseline	356	引用	G2-Correctness-Mechanics	"or citations are"	H
citations	Baseline	370	引用	G2-Correctness-Mechanics	"missing citations or"	H
citations	Baseline	762	引用	G2-Correctness-Mechanics	"evidence citations Reorganize"	H
citations	Baseline	772	引用	G2-Correctness-Mechanics	"and citations Rewrite"	H
citations	Baseline	714	引用	G2-Correctness-Mechanics	"and citations Add"	H
citations	Baseline	704	引用	G2-Correctness-Mechanics	"and citations Clarify"	H
citations	Baseline	325	引用	G2-Correctness-Mechanics	"and citations are"	H
citations	Baseline	411	引用	G2-Correctness-Mechanics	"and citations Verify"	H
citations	Baseline	175	引用	G2-Correctness-Mechanics	"incomplete citations marked"	H
citations	Baseline	725	引用	G2-Correctness-Mechanics	"complete citations Reorganize"	H
citations	Baseline	681	引用	G2-Correctness-Mechanics	"Add citations for"	H
citations	Baseline	317	引用	G2-Correctness-Mechanics	"missing citations This"	H
citations	Baseline	701	引用	G2-Correctness-Mechanics	"incomplete citations before"	H
citations	Baseline	582	引用	G2-Correctness-Mechanics	"or citations These"	H
citations	Baseline	364	引用	G2-Correctness-Mechanics	"placeholder citations where"	H
citations	Baseline	729	引用	G2-Correctness-Mechanics	"all citations Revise"	H
citations	Baseline	800	引用	G2-Correctness-Mechanics	"missing citations and"	H
citations	Baseline	290	引用	G2-Correctness-Mechanics	"incomplete citations The"	H
citations	Baseline	445	引用	G2-Correctness-Mechanics	"incomplete citations and"	H
citations	Baseline	694	引用	G2-Correctness-Mechanics	"and citations Strengthen"	H
citations	Baseline	483	引用	G2-Correctness-Mechanics	"incomplete citations Your"	H
citations	Baseline	781	引用	G2-Correctness-Mechanics	"missing citations If"	H
citations	Baseline	604	引用	G2-Correctness-Mechanics	"proper citations and"	H
citations	Baseline	775	引用	G2-Correctness-Mechanics	"and citations Revise"	H
citations	Baseline	395	引用	G2-Correctness-Mechanics	"and citations There"	H
citations	Baseline	753	引用	G2-Correctness-Mechanics	"all citations Reorganize"	H
citations	Baseline	534	引用	G2-Correctness-Mechanics	"and citations You"	H
citations	Baseline	581	引用	G2-Correctness-Mechanics	"documented Citations are"	H
citations	Baseline	767	引用	G2-Correctness-Mechanics	"unfinished citations and"	H
citations	Baseline	744	引用	G2-Correctness-Mechanics	"and citations Refine"	H
citations	Baseline	736	引用	G2-Correctness-Mechanics	"keep citations consistent"	H
citations	Baseline	345	引用	G2-Correctness-Mechanics	"or citations Those"	H
citations	Baseline	767	引用	G2-Correctness-Mechanics	"quotations citations Replace"	H
citations	Baseline	700	引用	G2-Correctness-Mechanics	"parenthetical citations and"	H
citations	Baseline	416	引用	G2-Correctness-Mechanics	"page citations are"	H
citations	Baseline	806	引用	G2-Correctness-Mechanics	"and citations Include"	H
citations	Baseline	683	引用	G2-Correctness-Mechanics	"and citations are"	H
citations	Baseline	660	引用	G2-Correctness-Mechanics	"with citations Proofread"	H
citations	Baseline	671	引用	G2-Correctness-Mechanics	"Use citations consistently"	H
citations	Baseline	674	引用	G2-Correctness-Mechanics	"Your citations are"	H
rewrite	German	671	改写	G1-Ideas	"Rewrite your introduction"	H
rewrite	German	152	改写	G1-Ideas	"Rewrite your introduction"	H
rewrite	German	626	改写	G1-Ideas	"Rewrite the introduction"	H
rewrite	German	712	改写	G1-Ideas	"Rewrite your thesis"	H
rewrite	German	466	改写	G2-Local Structure	"rewrite this sentence"	H
rewrite	German	649	改写	G1-Ideas	"Rewrite the final"	M
rewrite	German	721	改写	G1-Global Structure	"Rewrite topic sentences"	H
rewrite	German	660	改写	G1-Ideas	"Rewrite your thesis"	H
rewrite	German	669	改写	G1-Global Structure	"Rewrite the conclusion"	H
rewrite	German	716	改写	G1-Ideas	"rewrite the full"	M
rewrite	German	533	改写	G1-Ideas	"Rewrite the introduction"	H
rewrite	German	696	改写	G1-Ideas	"Rewrite your thesis"	H
rewrite	German	648	改写	G1-Ideas	"Rewrite your thesis"	H
rewrite	German	225	改写	G1-Ideas	"rewrite your introduction"	H
rewrite	German	698	改写	G1-Global Structure	"Rewrite the conclusion"	H
rewrite	German	649	改写	G1-Global Structure	"Rewrite the conclusion"	H
rewrite	German	530	改写	G1-Ideas	"Rewrite your thesis"	H
rewrite	German	626	改写	G1-Ideas	"Rewrite the thesis"	H
rewrite	German	661	改写	G1-Ideas	"Rewrite the thesis"	H
rewrite	German	359	改写	G2-Local Structure	"rewrite this sentence"	H
rewrite	German	164	改写	G2-Local Structure	"rewrite this sentence"	H
rewrite	German	715	改写	G1-Ideas	"Rewrite the introduction"	H
rewrite	German	742	改写	G1-Ideas	"rewrite the sentence"	M
rewrite	German	703	改写	G1-Global Structure	"Rewrite the conclusion"	H
rewrite	German	688	改写	G2-Local Structure	"Rewrite this as"	H
rewrite	German	656	改写	G1-Ideas	"Rewrite the introduction"	H
rewrite	German	577	改写	G1-Ideas	"Rewrite the introduction"	H
rewrite	German	697	改写	G1-Ideas	"Rewrite the thesis"	H
rewrite	German	671	改写	G1-Global Structure	"Rewrite the conclusion"	H
rewrite	German	608	改写	G1-Ideas	"Rewrite your source"	M
rewrite	German	717	改写	G1-Ideas	"Rewrite your introduction"	H
rewrite	German	682	改写	G1-Ideas	"Rewrite paragraphs so"	M
rewrite	German	676	改写	G1-Global Structure	"Rewrite the conclusion"	H
rewrite	German	628	改写	G1-Ideas	"Rewrite your thesis"	H
rewrite	German	228	改写	G1-Ideas	"rewrite this paragraph"	M
rewrite	German	700	改写	G1-Ideas	"Rewrite the rape"	M
rewrite	German	560	改写	G1-Ideas	"Rewrite your introduction"	H
rewrite	German	551	改写	G1-Ideas	"rewrite as two"	M
rewrite	German	673	改写	G1-Ideas	"Rewrite your thesis"	H
rewrite	German	726	改写	G1-Ideas	"Rewrite the introduction"	H
rewrite	German	638	改写	G1-Ideas	"rewrite try to"	M
rewrite	German	660	改写	G1-Ideas	"Rewrite the introduction"	H
rewrite	German	670	改写	G1-Ideas	"Rewrite the introduction"	H
rewrite	German	616	改写	G1-Ideas	"Rewrite the introduction"	H
rewrite	German	654	改写	G1-Ideas	"Rewrite the introduction"	H
rewrite	German	667	改写	G1-Ideas	"Rewrite the thesis"	H
rewrite	German	663	改写	G1-Ideas	"Rewrite the introduction"	H
rewrite	German	608	改写	G1-Ideas	"rewrite your paragraph"	M
rewrite	German	611	改写	G1-Ideas	"Rewrite the thesis"	H
rewrite	German	635	改写	G1-Ideas	"Rewrite the thesis"	H
rewrite	German	679	改写	G1-Global Structure	"Rewrite the conclusion"	H
rewrite	German	669	改写	G1-Ideas	"Rewrite the thesis"	H
rewrite	German	601	改写	G1-Ideas	"Rewrite the introduction"	H
rewrite	German	706	改写	G1-Ideas	"Rewrite the thesis"	H
rewrite	German	740	改写	G1-Ideas	"rewrite focus on"	M
rewrite	German	650	改写	G1-Ideas	"Rewrite the introduction"	H
rewrite	German	681	改写	G1-Ideas	"Rewrite the thesis"	H
rewrite	German	716	改写	G1-Ideas	"Rewrite the thesis"	H
rewrite	German	731	改写	G1-Ideas	"Rewrite unclear sentences"	M
rewrite	German	616	改写	G1-Ideas	"rewrite focus on"	M
rewrite	German	623	改写	G1-Ideas	"Rewrite the introduction"	H
rewrite	German	697	改写	G1-Ideas	"rewrite the sentence"	M
rewrite	German	809	改写	G1-Ideas	"Rewrite the thesis"	H
rewrite	German	761	改写	G1-Ideas	"Rewrite the thesis"	H
rewrite	German	754	改写	G1-Ideas	"Rewrite the introduction"	H
rewrite	German	764	改写	G1-Ideas	"Rewrite the thesis"	H
rewrite	German	739	改写	G1-Ideas	"Rewrite the introduction"	H
rewrite	German	778	改写	G1-Ideas	"Rewrite the thesis"	H
rewrite	German	744	改写	G1-Ideas	"Rewrite the thesis"	H
rewrite	German	630	改写	G1-Ideas	"Rewrite the introduction"	H
rewrite	German	745	改写	G1-Ideas	"Rewrite the thesis"	H
rewrite	German	690	改写	G1-Ideas	"rewrite do these"	M
rewrite	German	671	改写	G1-Ideas	"Rewrite the thesis"	H
rewrite	German	736	改写	G1-Ideas	"Rewrite the thesis"	H
rewrite	German	754	改写	G1-Ideas	"Rewrite the thesis"	H
rewrite	German	742	改写	G1-Ideas	"Rewrite the thesis"	H
rewrite	German	791	改写	G1-Global Structure	"Rewrite the conclusion"	H
rewrite	German	750	改写	G1-Ideas	"Rewrite the thesis"	H
rewrite	German	695	改写	G1-Ideas	"Rewrite the thesis"	H
rewrite	German	654	改写	G1-Ideas	"Rewrite the introduction"	H
rewrite	German	749	改写	G1-Ideas	"Rewrite the thesis"	H
rewrite	German	640	改写	G1-Ideas	"rewrite the introduction"	H
rewrite	German	767	改写	G1-Ideas	"Rewrite the thesis"	H
rewrite	German	696	改写	G1-Ideas	"Rewrite the thesis"	H
rewrite	German	756	改写	G1-Ideas	"Rewrite the thesis"	H
rewrite	German	449	改写	G1-Ideas	"rewrite sigu her"	M
rewrite	German	484	改写	G1-Ideas	"rewrite more clearly"	M
rewrite	German	629	改写	G1-Ideas	"Rewrite the introduction"	H
rewrite	German	688	改写	G1-Ideas	"Rewrite the introduction"	H
rewrite	German	721	改写	G1-Ideas	"Rewrite the thesis"	H
rewrite	German	695	改写	G1-Ideas	"Rewrite the introduction"	H
rewrite	German	715	改写	G1-Ideas	"Rewrite unclear sentences"	M
rewrite	German	752	改写	G1-Ideas	"rewrite aim for"	M
rewrite	German	650	改写	G1-Ideas	"Rewrite unclear or"	M
rewrite	German	736	改写	G1-Ideas	"Rewrite the thesis"	H
rewrite	German	700	改写	G1-Ideas	"Rewrite the thesis"	H
rewrite	German	710	改写	G1-Ideas	"rewrite state your"	M
discussion	Baseline	229	讨论	NA	"your discussion of"	H
discussion	Baseline	586	讨论	NA	"your discussion of"	H
discussion	Baseline	294	讨论	NA	"A discussion of"	H
discussion	Baseline	342	讨论	NA	"a discussion of"	H
discussion	Baseline	26	讨论	NA	"a discussion of"	H
discussion	Baseline	74	讨论	NA	"global discussion explicitly"	H
discussion	Baseline	428	讨论	NA	"the discussion to"	H
discussion	Baseline	530	讨论	NA	"real discussion rather"	H
discussion	Baseline	369	讨论	NA	"physics discussion but"	H
discussion	Baseline	73	讨论	NA	"a discussion of"	H
discussion	Baseline	245	讨论	NA	"the discussion of"	H
discussion	Baseline	78	讨论	NA	"broad discussion of"	H
discussion	Baseline	356	讨论	G1-Ideas	"consequence discussion feel"	M
discussion	Baseline	27	讨论	NA	"the discussion However"	H
discussion	Baseline	76	讨论	NA	"balanced discussion Both"	H
discussion	Baseline	522	讨论	NA	"your discussion of"	H
discussion	Baseline	95	讨论	NA	"your discussion of"	H
discussion	Baseline	186	讨论	NA	"Further discussion will"	H
discussion	Baseline	236	讨论	G1-Ideas	"straitjacket discussion risk"	M
discussion	Baseline	360	讨论	NA	"a discussion of"	H
discussion	Baseline	140	讨论	NA	"Your discussion of"	H
discussion	Baseline	488	讨论	NA	"abstract discussion of"	H
discussion	Baseline	72	讨论	NA	"your discussion of"	H
discussion	Baseline	581	讨论	NA	"your discussion of"	H
discussion	Baseline	412	讨论	NA	"slope discussion of"	H
discussion	Baseline	536	讨论	NA	"your discussion of"	H
discussion	Baseline	221	讨论	NA	"theoretical discussion Structure"	H
discussion	Baseline	588	讨论	NA	"your discussion throughout"	H
discussion	Baseline	325	讨论	NA	"the discussion of"	H
discussion	Baseline	674	讨论	NA	"hatred discussion and"	H
discussion	Baseline	479	讨论	NA	"your discussion of"	H
discussion	Baseline	688	讨论	NA	"your discussion of"	H
discussion	Baseline	515	讨论	NA	"the discussion of"	H
discussion	Baseline	359	讨论	NA	"fuller discussion of"	H
discussion	Baseline	317	讨论	NA	"cap discussion this"	H
discussion	Baseline	219	讨论	NA	"a discussion of"	H
discussion	Baseline	133	讨论	NA	"the discussion and"	H
discussion	Baseline	581	讨论	NA	"The discussion of"	H
discussion	Baseline	29	讨论	NA	"global discussion and"	H
discussion	Baseline	502	讨论	NA	"developing discussion rather"	H
discussion	Baseline	114	讨论	NA	"general discussion than"	H
discussion	Baseline	217	讨论	NA	"of discussion introduces"	H
discussion	Baseline	725	讨论	NA	"the discussion of"	H
discussion	Baseline	117	讨论	NA	"Your discussion of"	H
discussion	Baseline	93	讨论	NA	"the discussion into"	H
discussion	Baseline	752	讨论	NA	"broad discussion into"	H
discussion	Baseline	597	讨论	NA	"public discussion Also"	H
discussion	Baseline	198	讨论	NA	"Your discussion of"	H
discussion	Baseline	377	讨论	NA	"the discussion stays"	H
discussion	Baseline	478	讨论	NA	"jobs discussion of"	H
discussion	Baseline	92	讨论	NA	"broader discussion of"	H
discussion	Baseline	692	讨论	NA	"academic discussion and"	H
discussion	Baseline	51	讨论	NA	"introduction discussion of"	H
discussion	Baseline	54	讨论	NA	"opponents discussion of"	H
discussion	Baseline	129	讨论	NA	"your discussion Awareness"	H
discussion	Baseline	352	讨论	NA	"a discussion of"	H
discussion	Baseline	488	讨论	NA	"the discussion turns"	H
discussion	Baseline	404	讨论	NA	"the discussion is"	H
discussion	Baseline	315	讨论	NA	"The discussion of"	H
discussion	Baseline	108	讨论	NA	"general discussion A"	H
discussion	Baseline	282	讨论	NA	"scholarly discussion about"	H
discussion	Baseline	106	讨论	NA	"your discussion of"	H
discussion	Baseline	602	讨论	NA	"support discussion of"	H
discussion	Baseline	90	讨论	NA	"Your discussion of"	H
discussion	Baseline	595	讨论	NA	"the discussion is"	H
discussion	Baseline	53	讨论	NA	"a discussion about"	H
discussion	Baseline	384	讨论	NA	"your discussion of"	H
discussion	Baseline	610	讨论	NA	"Your discussion of"	H
discussion	Baseline	168	讨论	NA	"promises discussion of"	H
discussion	Baseline	560	讨论	NA	"Your discussion of"	H
discussion	Baseline	451	讨论	NA	"the discussion needs"	H
discussion	Baseline	668	讨论	NA	"balanced discussion Replace"	H
discussion	Baseline	229	讨论	NA	"public discussion and"	H
discussion	Baseline	291	讨论	NA	"critics discussion of"	H
discussion	Baseline	530	讨论	NA	"effects discussion of"	H
discussion	Baseline	495	讨论	NA	"the discussion is"	H
discussion	Baseline	418	讨论	NA	"lecture discussion office"	H
discussion	Baseline	22	讨论	NA	"The discussion of"	H
discussion	Baseline	26	讨论	NA	"through discussion of"	H
discussion	Baseline	143	讨论	NA	"The discussion of"	H
discussion	Baseline	436	讨论	NA	"the discussion of"	H
discussion	Baseline	468	讨论	NA	"your discussion of"	H
discussion	Baseline	710	讨论	NA	"open discussion Final"	H
strength	Generic	35	优点	A1	"is a strength"	H
strength	Generic	272	体力	NA	"physical strength"	H
strength	Generic	639	优点	A1	"is a strength"	H
strength	Generic	447	优点	A1	"Conclusion Strength Your"	M
strength	Generic	604	优点	NA	"television strength should"	H
strength	Generic	609	优点	NA	"s strength Comma"	H
strength	Generic	40	优点	A1	"is a strength"	H
strength	Generic	667	优点	A1	"is a strength"	H
strength	Generic	30	优点	A1	"is a strength"	H
strength	Generic	280	优点	A1	"is a strength"	H
strength	Generic	218	力度	NA	"argumentative strength A"	H
strength	Generic	250	力度	NA	"of strength focus"	H
strength	Generic	297	力度	NA	"rhetorical strength of"	H
strength	Generic	437	优点	A1	"argument strength eg"	M
strength	Generic	229	优点	A1	"is a strength"	H
strength	Generic	548	优点	A1	"Conclusion Strength Your"	M
strength	Generic	54	优点	A1	"is a strength"	H
strength	Generic	701	优点	A1	"rhetorical strength Final"	M
strength	Generic	80	优点	A1	"weakness strength fixing"	M
strength	Generic	384	优点	A1	"real strength is"	M
strength	Generic	32	优点	A1	"is a strength"	H
strength	Generic	148	优点	A1	"is a strength"	H
strength	Generic	220	优点	NA	"the strength weakness"	H
strength	Generic	324	优点	NA	"one strength identify"	H
strength	Generic	366	优点	A1	"the strength sometimes"	M
strength	Generic	497	优点	A1	"a strength Right"	M
strength	Generic	760	优点	A1	"is a strength"	H
strength	Generic	308	优点	A1	"is a strength"	H
strength	Generic	308	优点	NA	"the strength and"	H
strength	Generic	554	优点	A1	"is a strength"	H
strength	Generic	576	优点	A1	"the strength of"	M
strength	Generic	484	优点	A1	"is a strength"	H
strength	Generic	343	优点	A1	"body strength the"	M
strength	Generic	701	优点	A1	"the strength of"	M
strength	Generic	538	优点	A1	"is a strength"	H
strength	Generic	39	优点	A1	"is a strength"	H
strength	Generic	734	优点	A1	"is a strength"	H
strength	Generic	32	优点	A1	"is a strength"	H
strength	Generic	394	体力	NA	"physical strength"	H
strength	Generic	42	优点	A1	"is a strength"	H
strength	Generic	379	优点	A1	"is a strength"	H
strength	Generic	172	体力	NA	"physical strength"	H
strength	Generic	258	优点	A1	"the strength of"	M
strength	Generic	437	优点	A1	"s strength lies"	M
strength	Generic	389	优点	A1	"economic strength This"	M
strength	Generic	46	优点	A1	"is a strength"	H
strength	Generic	40	优点	A1	"is a strength"	H
strength	Generic	59	优点	A1	"is a strength"	H
strength	Generic	77	优点	A1	"Main strength Your"	M
strength	Generic	55	优点	A1	"is a strength"	H
strength	Generic	437	优点	A1	"television strength television"	M
strength	Generic	440	优点	A1	"s strength or"	M
strength	Generic	701	优点	A1	"adds strength to"	M
strength	Generic	741	优点	A1	"main strength is"	M
strength	Generic	55	优点	A1	"is a strength"	H
strength	Generic	98	优点	A1	"is a strength"	H
strength	Generic	59	优点	A1	"is a strength"	H
strength	Generic	142	优点	A1	"is a strength"	H
strength	Generic	38	优点	A1	"is a strength"	H
strength	Generic	63	优点	A1	"Main strength Your"	M
strength	Generic	448	优点	A1	"or strength For"	M
strength	Generic	27	优点	A1	"major strength is"	M
strength	Generic	311	优点	A1	"is a strength"	H
strength	Generic	428	优点	A1	"is a strength"	H
strength	Generic	71	优点	A1	"Main strength strong"	M
strength	Generic	64	优点	A1	"Main strength clear"	M
strength	Generic	151	优点	A1	"the strength of"	M
strength	Generic	59	优点	A1	"Main strength A"	M
strength	Generic	62	优点	A1	"major strength is"	M
strength	Generic	71	优点	A1	"Main strength thoughtful"	M
strength	Generic	76	优点	A1	"is a strength"	H
strength	Generic	68	优点	A1	"is a strength"	H
strength	Generic	73	优点	A1	"is a strength"	H
strength	Generic	14	优点	A1	"clear strength is"	M
strength	Generic	38	优点	A1	"is a strength"	H
strength	Generic	680	优点	A1	"in strength and"	M
strength	Generic	65	优点	A1	"Main strength clear"	M
strength	Generic	52	优点	A1	"is a strength"	H
strength	Generic	168	优点	A1	"as strength sensitivity"	M
strength	Generic	538	优点	A1	"s strength Some"	M
strength	Generic	63	优点	A1	"Main strength strong"	M
strength	Generic	136	优点	A1	"a strength in"	M
strength	Generic	45	优点	A1	"is a strength"	H
strength	Generic	45	优点	A1	"is a strength"	H
strength	Generic	41	优点	A1	"emotional strength is"	M
strength	Generic	740	优点	A1	"greatest strength is"	M
strength	Generic	57	优点	A1	"Main strength strong"	M
strength	Generic	66	优点	A1	"major strength of"	M
strength	Generic	70	优点	A1	"Main strength A"	M
strength	Generic	73	优点	A1	"major strength of"	M
strength	Generic	36	优点	A1	"is a strength"	H
strength	Generic	59	优点	A1	"is a strength"	H
discuss	Generic	90	讨论	NA	"will discuss financial"	H
discuss	Generic	673	讨论	A3	"you discuss or"	M
discuss	Generic	489	讨论	A3	"both discuss how"	M
discuss	Generic	130	讨论	A3	"ll discuss eg"	M
discuss	Generic	92	讨论	A3	"paragraph discuss technology"	M
discuss	Generic	752	讨论	A3	"to discuss any"	H
discuss	Generic	105	讨论	A3	"to discuss both"	M
discuss	Generic	654	讨论	A3	"ll discuss Develop"	M
discuss	Generic	96	讨论	A3	"ll discuss travel"	M
discuss	Generic	502	讨论	A3	"consider discuss or"	M
discuss	Generic	311	讨论	A3	"could discuss specific"	M
discuss	Generic	702	讨论	A3	"to discuss any"	H
discuss	Generic	705	讨论	A3	"to discuss any"	H
discuss	Generic	709	讨论	A3	"to discuss further"	H
discuss	Generic	217	讨论	A3	"briefly discuss how"	M
discuss	Generic	683	讨论	A3	"to discuss your"	H
discuss	Generic	196	讨论	A3	"to discuss time"	M
discuss	Generic	706	讨论	A3	"to discuss revision"	H
discuss	Generic	277	讨论	A3	"ethicists discuss euthanasia"	M
discuss	Generic	815	讨论	A3	"to discuss any"	H
discuss	Generic	784	讨论	A3	"to discuss any"	H
discuss	Generic	712	讨论	A3	"to discuss any"	H
discuss	Generic	123	讨论	A3	"to discuss eg"	M
discuss	Generic	71	讨论	NA	"will discuss You"	H
discuss	Generic	534	讨论	A3	"both discuss ethics"	M
discuss	Generic	595	讨论	A3	"view discuss thalidomide"	M
discuss	Generic	597	讨论	A3	"thalidomide discuss living"	M
discuss	Generic	600	讨论	A3	"conditions discuss slippery"	M
discuss	Generic	776	讨论	A3	"to discuss any"	H
discuss	Generic	425	讨论	NA	"to discuss both"	H
discuss	Generic	79	讨论	A3	"to discuss sex"	M
discuss	Generic	496	讨论	A3	"eg discuss the"	M
discuss	Generic	680	讨论	A3	"to discuss any"	H
discuss	Generic	752	讨论	A3	"to discuss revisions"	H
discuss	Generic	495	讨论	A3	"and discuss legalizing"	M
discuss	Generic	115	讨论	A3	"then discuss greediness"	M
discuss	Generic	306	讨论	A3	"eg discuss what"	M
discuss	Generic	301	讨论	A3	"Paragraph Discuss the"	M
discuss	Generic	274	讨论	A3	"you discuss star"	M
discuss	Generic	498	讨论	A3	"celebrities discuss medical"	M
discuss	Generic	479	讨论	A3	"and discuss them"	M
discuss	Generic	686	讨论	A3	"to discuss your"	H
discuss	Generic	751	讨论	A3	"to discuss any"	H
discuss	Generic	279	讨论	A3	"and discuss implications"	M
discuss	Generic	307	讨论	A3	"Paragraph Discuss consequences"	M
discuss	Generic	250	讨论	A3	"Paragraph Discuss happiness"	M
discuss	Generic	202	讨论	A3	"effects Discuss companies"	M
discuss	Generic	19	讨论	A3	"to discuss both"	M
discuss	Generic	306	讨论	A3	"to discuss physical"	M
discuss	Generic	445	讨论	A3	"today Discuss both"	M
discuss	Generic	61	讨论	A3	"You discuss social"	M
discuss	Generic	63	讨论	A3	"consistently discuss feminism"	M
discuss	Generic	427	讨论	A3	"rights Discuss suffrage"	M
discuss	Generic	263	讨论	A3	"Paragraph Discuss how"	M
discuss	Generic	353	讨论	A3	"seriously discuss the"	M
discuss	Generic	184	讨论	A3	"You discuss physical"	M
discuss	Generic	245	讨论	A3	"to discuss unequal"	M
discuss	Generic	274	讨论	A3	"paragraphs discuss mental"	M
discuss	Generic	183	讨论	A3	"actually discuss later"	M
discuss	Generic	397	讨论	A3	"responsibility Discuss caution"	M
discuss	Generic	494	讨论	A3	"to discuss the"	H
discuss	Generic	64	讨论	A3	"then discuss its"	M
discuss	Generic	176	讨论	A3	"to discuss both"	M
discuss	Generic	240	讨论	NA	"will discuss Improve"	H
discuss	Generic	263	讨论	NA	"will discuss B"	H
discuss	Generic	102	讨论	A3	"feared discuss its"	M
discuss	Generic	104	讨论	A3	"You discuss equality"	M
discuss	Generic	43	讨论	A3	"to discuss Your"	M
discuss	Generic	75	讨论	A3	"consistently discuss how"	M
discuss	Generic	79	讨论	A3	"consistently discuss radio"	M
discuss	Generic	24	讨论	A3	"and discuss both"	M
discuss	Generic	95	讨论	A3	"You discuss religion"	M
discuss	Generic	312	讨论	A3	"matters Discuss competent"	M
discuss	Generic	102	讨论	A3	"You discuss arguments"	M
discuss	Generic	40	讨论	A3	"you discuss academic"	M
discuss	Generic	104	讨论	A3	"You discuss media"	M
discuss	Generic	410	讨论	A3	"you discuss the"	M
discuss	Generic	685	讨论	NA	"will discuss Suggested"	H
discuss	Generic	163	讨论	A3	"to discuss B"	M
discuss	Generic	274	讨论	A3	"not discuss sex"	M
discuss	Generic	89	讨论	A3	"You discuss tuition"	M
discuss	Generic	133	讨论	A3	"you discuss the"	M
discuss	Generic	89	讨论	A3	"You discuss Richard"	M
discuss	Generic	90	讨论	A3	"you discuss both"	M
discuss	Generic	93	讨论	A3	"You discuss pain"	M
discuss	Generic	113	讨论	A3	"You discuss audience"	M
discuss	Generic	294	讨论	A3	"You discuss egoistic"	M
discuss	Generic	74	讨论	A3	"You discuss medicine"	M
discuss	Generic	467	讨论	A3	"functionalism discuss how"	M
discuss	Generic	481	讨论	A3	"theory discuss unequal"	M
discuss	Generic	72	讨论	A3	"You discuss historical"	M
discuss	Generic	59	讨论	A3	"You discuss symbolic"	M
discuss	Generic	230	讨论	A3	"pressure discuss why"	M
discuss	Generic	255	讨论	A3	"awards discuss the"	M
discuss	Generic	468	讨论	A3	"may discuss offensive"	M
discuss	Generic	277	讨论	A3	"standards Discuss whether"	M
discuss	Generic	229	讨论	A3	"men discuss how"	M
discuss	Generic	68	讨论	A3	"You discuss visitation"	M
discuss	Generic	226	讨论	A3	"health Discuss her"	M
discuss	Generic	369	讨论	A3	"Paragraph Discuss safety"	M
discuss	Generic	444	讨论	A3	"to discuss rights"	M
discuss	Generic	94	讨论	A3	"You discuss both"	M
discuss	Generic	347	讨论	A3	"attraction Discuss media"	M
discuss	Generic	100	讨论	A3	"You discuss art"	M
discuss	Generic	449	讨论	A3	"you discuss medical"	M
discuss	Generic	730	讨论	A3	"to discuss difficult"	M
discuss	Generic	256	讨论	A3	"others discuss social"	M
discuss	Generic	264	讨论	A3	"problems Discuss South"	M
discuss	Generic	74	讨论	A3	"You discuss history"	M
discuss	Generic	206	讨论	A3	"childhood Discuss how"	M
create	German	430	创造	NA	"create eg for"	H
create	German	618	产生	NA	"create clearer breaks"	H
create	German	356	创造	NA	"create new risks"	H
create	German	773	创造	NA	"create Focusing your"	H
create	German	452	创造	NA	"create understanding or"	H
create	German	457	创造	NA	"create a distorted"	H
create	German	495	产生	NA	"create emphasis not"	H
create	German	201	创造	NA	"create more absorption"	H
create	German	131	创造	NA	"create something new"	H
create	German	623	产生	NA	"create emphasis rather"	H
create	German	610	创建	A3	"Create a personal"	H
create	German	380	创造	NA	"create such a"	H
create	German	616	产生	NA	"create clearer logic"	H
create	German	599	产生	NA	"create more varied"	H
create	German	540	创造	NA	"create a conversational"	H
create	German	311	造成	NA	"create serious gaps"	H
create	German	550	创造	NA	"create long term"	H
create	German	550	创造	NA	"create equality among"	H
create	German	556	创造	NA	"create an equal"	H
create	German	659	产生	NA	"create a sense"	H
create	German	686	创建	A3	"Create an outline"	H
create	German	546	造成	NA	"create tonal inconsistency"	H
create	German	171	创造	NA	"create safety risks"	H
create	German	259	造成	NA	"create contradictions You"	H
create	German	318	产生	NA	"create a sense"	H
create	German	652	创建	A3	"Create a reverse"	H
create	German	683	创建	A3	"Create an outline"	H
create	German	151	创建	A3	"Create a stronger"	H
create	German	412	造成	NA	"create a strong"	H
create	German	577	造成	NA	"create vivid imagery"	H
create	German	494	创造	NA	"create better alternatives"	H
create	German	81	创造	NA	"create mental difficulties"	H
create	German	159	创造	NA	"create anxiety A"	H
create	German	406	创造	NA	"create mental problems"	H
create	German	228	创造	NA	"create social and"	H
create	German	366	创造	NA	"create a powerful"	H
create	German	398	创造	NA	"create a more"	H
create	German	517	创造	NA	"create documents from"	H
create	German	731	创造	NA	"create store and"	H
create	German	587	创造	NA	"create personality but"	H
create	German	623	创造	NA	"create a more"	H
create	German	178	创造	NA	"create a global"	H
create	German	307	创造	NA	"create problems such"	H
create	German	142	创造	NA	"create problems Any"	H
create	German	197	创造	NA	"create emotional suffering"	H
create	German	469	创造	NA	"create a family"	H
create	German	17	创造	NA	"create a drug"	H
create	German	212	创造	NA	"create discomfort because"	H
create	German	696	创造	NA	"create peer pressure"	H
create	German	643	创建	A3	"Create a clearer"	H
create	German	710	创建	A3	"Create a clear"	H
create	German	208	创造	NA	"create security risks"	H
create	German	713	创建	A3	"Create a clear"	H
create	German	56	产生	NA	"create interest For"	H
create	German	97	创造	NA	"create relevance for"	H
create	German	529	创造	NA	"create engagement but"	H
create	German	112	创建	A3	"Create a clearer"	H
create	German	225	创造	NA	"create unhealthy attitudes"	H
create	German	362	创造	NA	"create a visible"	H
create	German	108	创建	A3	"Create a sharper"	H
create	German	183	创造	NA	"create economic benefits"	H
create	German	233	创造	NA	"create psychological pressure"	H
create	German	285	创造	NA	"create practical and"	H
create	German	108	创造	NA	"create more excitement"	H
create	German	694	创建	A3	"Create a clear"	H
create	German	227	创造	NA	"create psychological pressure"	H
create	German	387	创造	NA	"create conflict for"	H
create	German	573	创造	NA	"create sentence fragments"	H
create	German	686	创造	NA	"create deadly outcomes"	H
create	German	741	创造	NA	"create harms beyond"	H
create	German	433	创造	NA	"create financial incentives"	H
create	German	185	创造	NA	"create unnecessary safety"	H
create	German	693	创造	NA	"create different problems"	H
create	German	126	创造	NA	"create a single"	H
create	German	713	创建	A3	"Create a clearer"	H
create	German	386	创造	NA	"create unrealistic expectations"	H
create	German	153	创建	A3	"Create a clearer"	H
create	German	196	创造	NA	"create serious social"	H
create	German	631	创建	A3	"Create a clear"	H
create	German	339	创造	NA	"create emotional impact"	H
create	German	344	创造	NA	"create emotion but"	H
create	German	305	创造	NA	"create black markets"	H
create	German	159	创建	A3	"Create a more"	H
create	German	348	创造	NA	"create inconsistency and"	H
create	German	226	创造	NA	"create harmful distraction"	H
create	German	140	创建	A3	"Create a clearer"	H
create	German	21	创造	NA	"create costs for"	H
saying	Baseline	158	说	NA	"common saying but"	M
saying	Baseline	94	谚语	NA	"the saying"	H
saying	Baseline	384	说	A2	"are you saying"	H
saying	Baseline	23	说	NA	"cultural saying against"	M
saying	Baseline	134	说	NA	"general saying you"	M
saying	Baseline	15	说	NA	"known saying and"	M
saying	Baseline	200	说	NA	"they saying that"	M
saying	Baseline	74	说	NA	"What saying are"	M
saying	Baseline	91	说	NA	"this saying without"	M
saying	Baseline	239	说	NA	"the saying state"	M
saying	Baseline	296	说	NA	"original saying with"	M
saying	Baseline	543	说	NA	"original saying explicitly"	M
saying	Baseline	142	说	NA	"popular saying suggests"	M
saying	Baseline	306	说	NA	"popular saying often"	M
saying	Baseline	391	说	NA	"popular saying briefly"	M
saying	Baseline	661	说	A2	"are you saying"	H
saying	Baseline	551	说	NA	"quoted saying needs"	M
saying	Baseline	405	说	A2	"are you saying"	H
saying	Baseline	500	说	NA	"by saying each"	H
saying	Baseline	459	说	NA	"the saying buckle"	M
saying	Baseline	90	说	NA	"by saying Drinking"	H
saying	Baseline	422	说	A2	"are you saying"	H
saying	Baseline	84	说	NA	"by saying abortion"	H
saying	Baseline	367	说	A3	"instead of saying"	H
saying	Baseline	700	说	NA	"by saying that"	H
saying	Baseline	18	谚语	NA	"the saying"	H
saying	Baseline	93	谚语	NA	"the saying"	H
saying	Baseline	139	谚语	NA	"the saying"	H
saying	Baseline	535	说	NA	"instance saying relativism"	M
saying	Baseline	374	说	A3	"instead of saying"	H
saying	Baseline	11	谚语	NA	"the saying"	H
saying	Baseline	779	谚语	NA	"the saying"	H
saying	Baseline	14	说	NA	"common saying crime"	M
saying	Baseline	437	说	A3	"instead of saying"	H
saying	Baseline	452	说	A3	"instead of saying"	H
saying	Baseline	346	说	NA	"instance saying women"	M
saying	Baseline	496	说	NA	"ancient saying Money"	M
saying	Baseline	507	说	NA	"ancient saying The"	M
saying	Baseline	101	谚语	NA	"the saying"	H
saying	Baseline	405	说	NA	"example saying police"	M
saying	Baseline	508	说	NA	"they saying that"	M
saying	Baseline	172	说	NA	"by saying the"	H
saying	Baseline	276	谚语	NA	"the saying"	H
saying	Baseline	83	说	NA	"the saying seriously"	M
saying	Baseline	289	谚语	NA	"the saying"	H
saying	Baseline	629	说	NA	"this saying in"	M
saying	Baseline	648	说	NA	"this saying in"	M
saying	Baseline	260	谚语	NA	"the saying"	H
saying	Baseline	434	说	A3	"instead of saying"	H
saying	Baseline	333	说	A3	"instead of saying"	H
saying	Baseline	83	说	NA	"by saying that"	H
saying	Baseline	644	说	A3	"instead of saying"	H
saying	Baseline	413	说	A3	"instead of saying"	H
saying	Baseline	493	说	A3	"instead of saying"	H
saying	Baseline	346	说	A3	"instead of saying"	H
saying	Baseline	110	说	A3	"instead of saying"	H
saying	Baseline	303	说	NA	"after saying people"	M
saying	Baseline	456	说	A3	"instead of saying"	H
saying	Baseline	193	说	A3	"instead of saying"	H
saying	Baseline	549	说	NA	"Consider saying people"	M
saying	Baseline	602	说	NA	"when saying AIDS"	M
saying	Baseline	388	说	A3	"instead of saying"	H
saying	Baseline	366	说	A3	"instead of saying"	H
saying	Baseline	739	说	A3	"instead of saying"	H
saying	Baseline	185	说	A3	"instead of saying"	H
saying	Baseline	511	说	A3	"instead of saying"	H
saying	Baseline	318	说	A3	"instead of saying"	H
saying	Baseline	624	说	NA	"nuanced Saying we"	M
saying	Baseline	323	说	A3	"instead of saying"	H
saying	Baseline	343	说	A3	"instead of saying"	H
saying	Baseline	342	说	NA	"example saying that"	M
saying	Baseline	464	说	A3	"instead of saying"	H
saying	Baseline	415	说	NA	"by saying that"	H
saying	Baseline	419	说	A3	"instead of saying"	H
saying	Baseline	166	说	A3	"instead of saying"	H
saying	Baseline	402	说	A3	"instead of saying"	H
saying	Baseline	483	说	NA	"example saying advocates"	M
saying	Baseline	408	说	A3	"instead of saying"	H
saying	Baseline	395	说	A3	"instead of saying"	H
saying	Baseline	302	说	A3	"instead of saying"	H
saying	Baseline	449	说	NA	"example saying side"	M
saying	Baseline	684	说	A3	"instead of saying"	H
saying	Baseline	241	说	A3	"instead of saying"	H
saying	Baseline	373	说	NA	"them Saying AIDS"	M
saying	Baseline	341	说	A3	"instead of saying"	H
saying	Baseline	434	说	NA	"example Saying grass"	M
saying	Baseline	130	说	NA	"by saying both"	H
saying	Baseline	454	说	NA	"as saying suicide"	M
saying	Baseline	490	说	NA	"instance saying an"	M
saying	Baseline	755	说	NA	"avoid saying the"	M
saying	Baseline	393	说	A3	"instead of saying"	H
saying	Baseline	349	说	A3	"instead of saying"	H
saying	Baseline	595	说	NA	"about saying symbolic"	M
saying	Baseline	71	说	NA	"by saying American"	H
saying	Baseline	327	说	A3	"instead of saying"	H
saying	Baseline	262	说	NA	"instance saying that"	M
saying	Baseline	536	说	NA	"by saying they"	H
saying	Baseline	377	说	A3	"instead of saying"	H
saying	Baseline	374	说	A3	"instead of saying"	H
saying	Baseline	248	说	NA	"as saying football"	M
saying	Baseline	460	说	A3	"instead of saying"	H
saying	Baseline	461	说	NA	"by saying their"	H
saying	Baseline	436	说	NA	"example saying children"	M
saying	Baseline	287	说	A3	"instead of saying"	H
saying	Baseline	320	说	A3	"instead of saying"	H
saying	Baseline	615	说	A3	"instead of saying"	H
saying	Baseline	292	说	A3	"instead of saying"	H
saying	Baseline	319	说	A3	"instead of saying"	H
saying	Baseline	255	说	A3	"instead of saying"	H
saying	Baseline	512	说	A3	"instead of saying"	H
power	L1	304	权力	NA	"essay topic content"	H
power	L1	421	权力	NA	"essay topic content"	H
power	L1	554	权力	NA	"essay topic content"	H
power	L1	432	权力	NA	"essay topic content"	H
power	L1	446	权力	NA	"essay topic content"	H
power	L1	575	权力	NA	"essay topic content"	H
power	L1	247	权力	NA	"essay topic content"	H
power	L1	376	权力	NA	"essay topic content"	H
power	L1	6	权力	NA	"essay topic content"	H
power	L1	29	权力	NA	"essay topic content"	H
power	L1	163	力量	NA	"persuasive power"	H
power	L1	174	权力	NA	"essay topic content"	H
power	L1	190	权力	NA	"essay topic content"	H
power	L1	217	权力	NA	"essay topic content"	H
power	L1	232	权力	NA	"essay topic content"	H
power	L1	284	权力	NA	"essay topic content"	H
power	L1	352	权力	NA	"essay topic content"	H
power	L1	357	权力	NA	"essay topic content"	H
power	L1	682	权力	NA	"essay topic content"	H
power	L1	46	力量	NA	"persuasive power"	H
power	L1	663	力量	NA	"persuasive power"	H
power	L1	321	权力	NA	"essay topic content"	H
power	L1	133	权力	NA	"essay topic content"	H
power	L1	204	力量	NA	"persuasive power"	H
power	L1	767	权力	NA	"essay topic content"	H
power	L1	416	权力	NA	"essay topic content"	H
power	L1	461	权力	NA	"essay topic content"	H
power	L1	88	权力	NA	"essay topic content"	H
power	L1	123	权力	NA	"essay topic content"	H
power	L1	252	权力	NA	"essay topic content"	H
power	L1	264	权力	NA	"essay topic content"	H
power	L1	416	力量	NA	"persuasive power"	H
power	L1	336	权力	NA	"essay topic content"	H
power	L1	361	权力	NA	"essay topic content"	H
power	L1	647	权力	NA	"essay topic content"	H
power	L1	737	权力	NA	"essay topic content"	H
power	L1	515	力量	NA	"persuasive power"	H
power	L1	61	力量	NA	"persuasive power"	H
power	L1	805	权力	NA	"essay topic content"	H
power	L1	516	力量	NA	"persuasive power"	H
power	L1	142	力量	NA	"persuasive power"	H
power	L1	68	力量	NA	"persuasive power"	H
power	L1	5	权力	NA	"essay topic content"	H
power	L1	92	权力	NA	"essay topic content"	H
power	L1	207	权力	NA	"essay topic content"	H
power	L1	240	权力	NA	"essay topic content"	H
power	L1	242	权力	NA	"essay topic content"	H
power	L1	273	力量	NA	"persuasive power"	H
power	L1	372	权力	NA	"essay topic content"	H
power	L1	351	权力	NA	"essay topic content"	H
power	L1	712	权力	NA	"essay topic content"	H
power	L1	68	力量	NA	"persuasive power"	H
power	L1	54	力量	NA	"persuasive power"	H
power	L1	112	力量	NA	"persuasive power"	H
power	L1	70	力量	NA	"persuasive power"	H
power	L1	55	力量	NA	"persuasive power"	H
power	L1	552	权力	NA	"essay topic content"	H
power	L1	44	力量	NA	"persuasive power"	H
power	L1	328	权力	NA	"essay topic content"	H
power	L1	771	力量	NA	"persuasive power"	H
power	L1	50	力量	NA	"persuasive power"	H
power	L1	168	力量	NA	"persuasive power"	H
power	L1	170	权力	NA	"essay topic content"	H
power	L1	371	权力	NA	"essay topic content"	H
power	L1	224	权力	NA	"essay topic content"	H
power	L1	508	力量	NA	"persuasive power"	H
power	L1	399	权力	NA	"essay topic content"	H
power	L1	597	权力	NA	"essay topic content"	H
power	L1	88	权力	NA	"essay topic content"	H
power	L1	132	权力	NA	"essay topic content"	H
power	L1	176	权力	NA	"essay topic content"	H
power	L1	205	权力	NA	"essay topic content"	H
power	L1	249	权力	NA	"essay topic content"	H
power	L1	283	权力	NA	"essay topic content"	H
power	L1	380	权力	NA	"essay topic content"	H
power	L1	764	权力	NA	"essay topic content"	H
power	L1	218	权力	NA	"essay topic content"	H
power	L1	104	权力	NA	"essay topic content"	H
power	L1	148	权力	NA	"essay topic content"	H
power	L1	225	权力	NA	"essay topic content"	H
power	L1	503	权力	NA	"essay topic content"	H
power	L1	530	权力	NA	"essay topic content"	H
power	L1	655	力量	NA	"persuasive power"	H
power	L1	98	权力	NA	"essay topic content"	H
power	L1	190	权力	NA	"essay topic content"	H
power	L1	242	权力	NA	"essay topic content"	H
power	L1	308	权力	NA	"essay topic content"	H
power	L1	390	权力	NA	"essay topic content"	H
power	L1	478	权力	NA	"essay topic content"	H
power	L1	481	权力	NA	"essay topic content"	H
power	L1	504	权力	NA	"essay topic content"	H
power	L1	513	权力	NA	"essay topic content"	H
power	L1	528	权力	NA	"essay topic content"	H
power	L1	608	权力	NA	"essay topic content"	H
power	L1	616	权力	NA	"essay topic content"	H
power	L1	136	权力	NA	"essay topic content"	H
power	L1	326	权力	NA	"essay topic content"	H
power	L1	773	权力	NA	"essay topic content"	H
power	L1	193	权力	NA	"essay topic content"	H
power	L1	251	权力	NA	"essay topic content"	H
power	L1	78	权力	NA	"essay topic content"	H
power	L1	201	权力	NA	"essay topic content"	H
power	L1	392	权力	NA	"essay topic content"	H
power	L1	426	权力	NA	"essay topic content"	H
power	L1	496	权力	NA	"essay topic content"	H
power	L1	689	权力	NA	"essay topic content"	H
power	L1	779	权力	NA	"essay topic content"	H
power	L1	743	权力	NA	"essay topic content"	H
power	L1	245	权力	NA	"essay topic content"	H
power	L1	476	权力	NA	"essay topic content"	H
power	L1	18	权力	NA	"essay topic content"	H
power	L1	128	权力	NA	"essay topic content"	H
power	L1	184	权力	NA	"essay topic content"	H
power	L1	214	力量	NA	"persuasive power"	H
power	L1	376	权力	NA	"essay topic content"	H
power	L1	454	权力	NA	"essay topic content"	H
power	L1	505	权力	NA	"essay topic content"	H
power	L1	510	权力	NA	"essay topic content"	H
power	L1	515	权力	NA	"essay topic content"	H
power	L1	521	权力	NA	"essay topic content"	H
power	L1	551	权力	NA	"essay topic content"	H
power	L1	709	权力	NA	"essay topic content"	H
power	L1	215	权力	NA	"essay topic content"	H
power	L1	499	权力	NA	"essay topic content"	H
power	L1	363	权力	NA	"essay topic content"	H
power	L1	111	权力	NA	"essay topic content"	H
power	L1	413	权力	NA	"essay topic content"	H
power	L1	560	权力	NA	"essay topic content"	H
power	L1	259	权力	NA	"essay topic content"	H
power	L1	723	权力	NA	"essay topic content"	H
power	L1	328	力量	NA	"persuasive power"	H
power	L1	349	权力	NA	"essay topic content"	H
few	German	521	几个	M1	"a few issues"	H
few	German	748	几个	M1	"a few issues"	H
few	German	64	几个	M1	"a few issues"	H
few	German	503	几个	M1	"a few issues"	H
few	German	430	几个	M1	"a few issues"	H
few	German	477	几个	M1	"a few issues"	H
few	German	421	几个	M1	"a few issues"	H
few	German	408	几个	M1	"a few issues"	H
few	German	475	几个	M1	"a few issues"	H
few	German	268	几个	M1	"a few issues"	H
few	German	416	几个	M1	"a few issues"	H
few	German	255	几个	M1	"a few issues"	H
few	German	565	几个	M1	"a few issues"	H
few	German	408	几个	M1	"a few issues"	H
few	German	525	几个	M1	"a few issues"	H
few	German	628	几个	M1	"a few issues"	H
few	German	484	几个	M1	"a few issues"	H
few	German	569	几个	M1	"a few issues"	H
few	German	479	几个	M1	"a few issues"	H
few	German	369	几个	M1	"a few issues"	H
few	German	472	几个	M1	"a few issues"	H
few	German	471	几个	M1	"a few issues"	H
few	German	392	几个	M1	"a few issues"	H
few	German	474	几个	M1	"a few issues"	H
few	German	254	几个	NA	"the first few"	H
few	German	606	几个	M1	"a few issues"	H
few	German	501	几个	M1	"a few"	H
few	German	471	几个	M1	"a few issues"	H
few	German	493	几个	M1	"a few issues"	H
few	German	663	几个	M1	"a few issues"	H
few	German	350	少	NA	"few without a"	M
few	German	392	几个	M1	"a few"	H
few	German	396	几个	M1	"a few issues"	H
few	German	572	几个	M1	"a few"	H
few	German	500	几个	M1	"a few issues"	H
few	German	481	几个	M1	"a few issues"	H
few	German	384	几个	M1	"a few issues"	H
few	German	454	几个	M1	"a few issues"	H
few	German	573	少	NA	"few without a"	M
few	German	567	几个	M1	"a few"	H
few	German	569	几个	M1	"a few issues"	H
few	German	455	几个	M1	"a few issues"	H
few	German	508	几个	M1	"a few issues"	H
few	German	462	几个	M1	"a few issues"	H
few	German	336	几个	M1	"a few"	H
few	German	361	几个	M1	"a few"	H
few	German	441	几个	M1	"a few issues"	H
few	German	480	几个	M1	"a few issues"	H
few	German	78	几个	M1	"a few"	H
few	German	473	几个	M1	"a few issues"	H
few	German	379	几个	M1	"a few issues"	H
few	German	75	几个	M1	"a few"	H
few	German	567	几个	M1	"a few issues"	H
few	German	519	几个	M1	"a few issues"	H
few	German	695	几个	M1	"a few issues"	H
few	German	468	几个	M1	"a few issues"	H
few	German	596	几个	M1	"a few issues"	H
few	German	218	几个	M1	"a few"	H
few	German	411	几个	M1	"a few issues"	H
few	German	611	几个	M1	"a few issues"	H
few	German	380	几个	M1	"a few"	H
few	German	389	几个	M1	"a few"	H
few	German	264	几个	M1	"a few"	H
few	German	341	几个	M1	"a few issues"	H
few	German	486	几个	M1	"a few issues"	H
few	German	643	几个	M1	"a few"	H
few	German	545	几个	M1	"a few issues"	H
few	German	359	少	NA	"few without a"	M
few	German	586	几个	M1	"a few issues"	H
few	German	471	几个	M1	"a few issues"	H
few	German	462	少	NA	"few without a"	M
few	German	481	少	NA	"few without a"	M
few	German	413	几个	M1	"a few issues"	H
few	German	649	几个	M1	"a few issues"	H
few	German	350	几个	M1	"a few"	H
few	German	482	几个	M1	"a few issues"	H
few	German	430	几个	M1	"a few issues"	H
few	German	626	几个	M1	"a few issues"	H
few	German	93	几个	M1	"a few issues"	H
few	German	435	几个	M1	"a few issues"	H
few	German	445	几个	M1	"a few"	H
few	German	626	几个	M1	"a few issues"	H
few	German	417	几个	M1	"a few issues"	H
few	German	348	少	NA	"few without a"	M
few	German	522	几个	M1	"a few issues"	H
few	German	614	几个	M1	"a few issues"	H
few	German	736	几个	M1	"a few issues"	H
few	German	440	几个	M1	"a few issues"	H
few	German	365	几个	M1	"a few"	H
few	German	272	几个	M1	"a few issues"	H
few	German	454	几个	M1	"a few issues"	H
few	German	207	几个	M1	"a few"	H
few	German	544	几个	M1	"a few"	H
few	German	402	几个	M1	"a few issues"	H
few	German	462	几个	M1	"a few issues"	H
few	German	452	少	NA	"few without a"	M
few	German	257	几个	M1	"a few"	H
few	German	436	几个	M1	"a few issues"	H
few	German	658	几个	M1	"a few issues"	H
few	German	655	几个	M1	"a few"	H
few	German	271	几个	M1	"a few issues"	H
few	German	578	几个	M1	"a few"	H
few	German	471	几个	M1	"a few"	H
few	German	531	几个	M1	"a few"	H
few	German	472	几个	M1	"a few issues"	H
few	German	338	几个	M1	"a few issues"	H
few	German	678	几个	M1	"a few"	H
few	German	583	几个	M1	"a few"	H
few	German	459	几个	M1	"a few"	H
few	German	351	几个	M1	"a few"	H
few	German	665	几个	M1	"a few issues"	H
few	German	593	几个	M1	"a few issues"	H
few	German	253	几个	M1	"a few"	H
few	German	431	几个	M1	"a few issues"	H
few	German	568	几个	M1	"a few"	H
few	German	586	几个	M1	"a few"	H
few	German	261	几个	M1	"a few"	H
few	German	442	少	NA	"few without a"	M
few	German	649	几个	M1	"a few"	H
few	German	433	几个	M1	"a few"	H
few	German	585	几个	M1	"a few issues"	H
few	German	590	几个	M1	"a few"	H
few	German	363	少	NA	"few without a"	M
few	German	527	几个	M1	"a few"	H
few	German	552	几个	M1	"a few issues"	H
few	German	558	几个	M1	"a few"	H
few	German	634	几个	M1	"a few"	H
few	German	668	几个	M1	"a few issues"	H
few	German	570	几个	M1	"a few issues"	H
few	German	708	少	NA	"few without a"	M
few	German	477	几个	M1	"a few issues"	H
few	German	413	几个	M1	"a few"	H
few	German	169	几个	M1	"a few"	H
few	German	438	几个	M1	"a few issues"	H
few	German	564	几个	M1	"a few issues"	H
few	German	675	几个	M1	"a few"	H
few	German	129	几个	M1	"a few issues"	H
few	German	270	几个	M1	"a few"	H
few	German	502	几个	M1	"a few"	H
few	German	282	几个	M1	"a few"	H
few	German	532	几个	M1	"a few issues"	H
few	German	583	几个	M1	"a few issues"	H
few	German	458	几个	M1	"a few issues"	H
few	German	610	几个	M1	"a few"	H
few	German	516	几个	M1	"a few"	H
few	German	479	几个	M1	"a few"	H
few	German	583	几个	M1	"a few issues"	H
few	German	598	几个	M1	"a few"	H
few	German	660	几个	M1	"a few"	H
few	German	673	几个	M1	"a few"	H
few	German	481	几个	M1	"a few"	H
few	German	604	几个	M1	"a few"	H
few	German	659	几个	M1	"a few"	H
few	German	555	几个	M1	"a few"	H
few	German	574	少	NA	"few without a"	M
few	German	568	几个	M1	"a few issues"	H
few	German	606	几个	M1	"a few issues"	H
few	German	501	几个	M1	"a few"	H
few	German	547	少	NA	"few without a"	M
few	German	586	几个	M1	"a few issues"	H
few	German	728	几个	M1	"a few"	H
few	German	688	几个	M1	"a few"	H
few	German	668	几个	M1	"a few"	H
few	German	717	几个	M1	"a few"	H
few	German	360	几个	M1	"a few"	H
few	German	486	几个	M1	"a few"	H
few	German	584	几个	M1	"a few"	H
few	German	495	少	NA	"few without a"	M
few	German	536	几个	M1	"a few"	H
few	German	103	少	NA	"few without a"	M
few	German	607	几个	M1	"a few"	H
few	German	613	几个	M1	"a few"	H
few	German	609	几个	M1	"a few"	H
possible	Generic	240	可能的	NA	"essay content"	H
possible	Generic	180	可能的	M1	"possible thesis"	H
possible	Generic	161	可能的	M1	"possible thesis"	H
possible	Generic	205	可能	NA	"state description"	H
possible	Generic	560	可能	NA	"state description"	H
possible	Generic	70	可能的	M1	"possible thesis"	H
possible	Generic	263	可能的	NA	"essay content"	H
possible	Generic	335	可能	NA	"state description"	H
possible	Generic	137	可能的	M1	"possible thesis"	H
possible	Generic	148	可能	NA	"state description"	H
possible	Generic	557	可能	M1	"if possible"	H
possible	Generic	454	可能	M1	"if possible"	H
possible	Generic	457	可能	M1	"if possible"	H
possible	Generic	733	可能	M1	"if possible"	H
possible	Generic	636	可能	NA	"state description"	H
possible	Generic	131	可能的	M1	"possible thesis"	H
possible	Generic	584	可能	M1	"possible"	M
possible	Generic	106	可能的	M1	"possible thesis"	H
possible	Generic	458	可能	M1	"possible"	M
possible	Generic	802	可能	NA	"as ... as possible"	H
possible	Generic	189	可能	M1	"possible"	M
possible	Generic	596	可能	NA	"state description"	H
possible	Generic	242	可能	M1	"if possible"	H
possible	Generic	359	可能的	M1	"possible thesis"	H
possible	Generic	156	可能的	M1	"possible thesis"	H
possible	Generic	334	可能的	M1	"possible thesis"	H
possible	Generic	588	可能的	M1	"possible thesis"	H
possible	Generic	160	可能	NA	"state description"	H
possible	Generic	216	可能	NA	"state description"	H
possible	Generic	247	可能	M1	"possible"	M
possible	Generic	206	可能的	M1	"possible thesis"	H
possible	Generic	201	可能	NA	"state description"	H
possible	Generic	327	可能	NA	"state description"	H
possible	Generic	194	可能	M1	"possible"	M
possible	Generic	458	可能	NA	"state description"	H
possible	Generic	704	可能	M1	"possible"	M
possible	Generic	681	可能的	NA	"essay content"	H
possible	Generic	323	可能	M1	"if possible"	H
possible	Generic	406	可能的	M1	"possible thesis"	H
possible	Generic	190	可能	M1	"if possible"	H
possible	Generic	657	可能	NA	"state description"	H
possible	Generic	190	可能的	M1	"possible thesis"	H
possible	Generic	338	可能	M1	"if possible"	H
possible	Generic	698	可能	NA	"state description"	H
possible	Generic	150	可能的	M1	"possible thesis"	H
possible	Generic	226	可能	M1	"possible"	M
possible	Generic	544	可能	M1	"if possible"	H
possible	Generic	708	可能的	M1	"possible thesis"	H
possible	Generic	146	可能的	M1	"possible thesis"	H
possible	Generic	241	可能	M1	"possible"	M
possible	Generic	259	可能	M1	"possible"	M
possible	Generic	186	可能的	M1	"possible thesis"	H
possible	Generic	166	可能的	M1	"possible thesis"	H
possible	Generic	605	可能的	M1	"possible thesis"	H
possible	Generic	616	可能的	M1	"possible thesis"	H
possible	Generic	364	可能	M1	"possible"	M
possible	Generic	401	可能	M1	"possible"	M
possible	Generic	453	可能	NA	"state description"	H
possible	Generic	658	可能	M1	"possible"	M
possible	Generic	583	可能的	M1	"possible thesis"	H
possible	Generic	96	可能	NA	"as ... as possible"	H
possible	Generic	143	可能的	M1	"possible thesis"	H
possible	Generic	611	可能的	M1	"possible thesis"	H
possible	Generic	668	可能的	M1	"possible thesis"	H
possible	Generic	203	可能	M1	"possible"	M
possible	Generic	211	可能	M1	"possible"	M
possible	Generic	256	可能	M1	"possible"	M
possible	Generic	691	可能	M1	"possible"	M
possible	Generic	653	可能的	M1	"possible thesis"	H
possible	Generic	284	可能	M1	"possible"	M
possible	Generic	618	可能	NA	"state description"	H
possible	Generic	259	可能	M1	"possible"	M
possible	Generic	216	可能的	M1	"possible thesis"	H
possible	Generic	468	可能	NA	"state description"	H
possible	Generic	320	可能	M1	"possible"	M
possible	Generic	330	可能的	NA	"essay content"	H
possible	Generic	368	可能	NA	"state description"	H
possible	Generic	669	可能	M1	"possible"	M
possible	Generic	675	可能的	M1	"possible thesis"	H
possible	Generic	701	可能	M1	"possible"	M
possible	Generic	505	可能	M1	"possible"	M
possible	Generic	543	可能	M1	"possible"	M
possible	Generic	701	可能	M1	"possible"	M
possible	Generic	145	可能	M1	"if possible"	H
possible	Generic	756	可能的	M1	"possible thesis"	H
possible	Generic	813	可能	NA	"state description"	H
possible	Generic	826	可能	M1	"possible"	M
possible	Generic	365	可能的	M1	"possible thesis"	H
possible	Generic	666	可能	M1	"if possible"	H
possible	Generic	224	可能的	M1	"possible thesis"	H
possible	Generic	714	可能的	M1	"possible thesis"	H
possible	Generic	235	可能	M1	"if possible"	H
possible	Generic	650	可能的	M1	"possible thesis"	H
possible	Generic	674	可能	M1	"possible"	M
possible	Generic	690	可能	M1	"possible"	M
possible	Generic	195	可能的	M1	"possible thesis"	H
possible	Generic	648	可能	M1	"if possible"	H
possible	Generic	481	可能	M1	"if possible"	H
possible	Generic	203	可能的	M1	"possible thesis"	H
possible	Generic	353	可能	M1	"possible"	M
possible	Generic	661	可能	M1	"possible"	M
possible	Generic	258	可能	NA	"state description"	H
possible	Generic	89	可能	M1	"possible"	M
possible	Generic	147	可能的	M1	"possible thesis"	H
possible	Generic	440	可能	M1	"possible"	M
possible	Generic	716	可能的	M1	"possible thesis"	H
possible	Generic	175	可能的	M1	"possible thesis"	H
possible	Generic	320	可能	NA	"state description"	H
possible	Generic	335	可能	NA	"state description"	H
possible	Generic	631	可能的	M1	"possible thesis"	H
possible	Generic	124	可能的	M1	"possible thesis"	H
possible	Generic	247	可能	M1	"possible"	M
possible	Generic	461	可能	M1	"possible"	M
possible	Generic	650	可能的	M1	"possible thesis"	H
possible	Generic	698	可能	M1	"possible"	M
possible	Generic	254	可能	NA	"state description"	H
possible	Generic	624	可能	M1	"possible"	M
possible	Generic	631	可能的	M1	"possible thesis"	H
possible	Generic	263	可能	M1	"possible"	M
possible	Generic	229	可能	NA	"state description"	H
possible	Generic	500	可能	M1	"if possible"	H
possible	Generic	166	可能的	M1	"possible thesis"	H
possible	Generic	590	可能的	M1	"possible thesis"	H
possible	Generic	242	可能	M1	"possible"	M
possible	Generic	580	可能	M1	"if possible"	H
possible	Generic	171	可能的	M1	"possible thesis"	H
possible	Generic	334	可能	NA	"state description"	H
possible	Generic	362	可能的	M1	"possible thesis"	H
possible	Generic	357	可能	NA	"state description"	H
possible	Generic	177	可能	M1	"possible"	M
possible	Generic	191	可能的	M1	"possible thesis"	H
possible	Generic	421	可能	M1	"possible"	M
possible	Generic	566	可能	M1	"possible"	M
possible	Generic	164	可能的	M1	"possible thesis"	H
possible	Generic	230	可能	M1	"possible"	M
possible	Generic	306	可能	M1	"possible"	M
possible	Generic	132	可能	M1	"possible"	M
possible	Generic	99	可能的	M1	"possible thesis"	H
possible	Generic	294	可能	M1	"possible"	M
possible	Generic	531	可能	M1	"possible"	M
possible	Generic	512	可能	NA	"state description"	H
possible	Generic	406	可能的	M1	"possible thesis"	H
possible	Generic	279	可能	M1	"possible"	M
possible	Generic	132	可能的	M1	"possible thesis"	H
possible	Generic	199	可能	M1	"possible"	M
possible	Generic	197	可能	M1	"if possible"	H
possible	Generic	497	可能	M1	"possible"	M
possible	Generic	246	可能的	M1	"possible thesis"	H
possible	Generic	751	可能	M1	"possible"	M
possible	Generic	156	可能的	M1	"possible thesis"	H
possible	Generic	177	可能	M1	"possible"	M
possible	Generic	244	可能	M1	"possible"	M
possible	Generic	37	可能	M1	"possible"	M
possible	Generic	221	可能	NA	"state description"	H
possible	Generic	434	可能	M1	"if possible"	H
possible	Generic	202	可能的	M1	"possible thesis"	H
possible	Generic	678	可能	NA	"state description"	H
possible	Generic	250	可能的	M1	"possible thesis"	H
possible	Generic	390	可能的	NA	"essay content"	H
possible	Generic	671	可能	M1	"possible"	M
possible	Generic	754	可能	M1	"possible"	M
possible	Generic	169	可能	M1	"possible"	M
possible	Generic	268	可能的	M1	"possible thesis"	H
possible	Generic	636	可能的	M1	"possible thesis"	H
possible	Generic	193	可能的	NA	"essay content"	H
possible	Generic	337	可能	M1	"possible"	M
possible	Generic	799	可能	M1	"possible"	M
possible	Generic	203	可能	M1	"possible"	M
possible	Generic	269	可能的	NA	"essay content"	H
possible	Generic	200	可能的	M1	"possible thesis"	H
possible	Generic	586	可能	M1	"possible"	M
possible	Generic	526	可能	NA	"state description"	H
possible	Generic	627	可能的	M1	"possible thesis"	H
possible	Generic	157	可能	NA	"state description"	H
possible	Generic	545	可能	M1	"possible"	M
possible	Generic	165	可能	M1	"possible"	M
possible	Generic	582	可能	M1	"possible"	M
possible	Generic	345	可能的	M1	"possible thesis"	H
possible	Generic	169	可能的	M1	"possible thesis"	H
possible	Generic	247	可能的	M1	"possible thesis"	H
possible	Generic	230	可能	M1	"possible"	M
possible	Generic	347	可能	M1	"if possible"	H
possible	Generic	499	可能	NA	"as ... as possible"	H
possible	Generic	205	可能	M1	"possible"	M
possible	Generic	466	可能	M1	"if possible"	H
possible	Generic	161	可能	NA	"as ... as possible"	H
possible	Generic	157	可能的	M1	"possible thesis"	H
possible	Generic	129	可能的	M1	"possible thesis"	H
possible	Generic	650	可能	M1	"if possible"	H
possible	Generic	118	可能的	M1	"possible thesis"	H
possible	Generic	153	可能	M1	"if possible"	H
possible	Generic	198	可能	M1	"possible"	M
just	Baseline	119	只是	NA	"not just"	H
just	Baseline	601	只是	NA	"discourse use"	M
just	Baseline	400	只是	NA	"not just"	H
just	Baseline	561	只是	NA	"don't/than just"	H
just	Baseline	701	只是	NA	"not just"	H
just	Baseline	608	只是	NA	"not just"	H
just	Baseline	763	只是	NA	"not just"	H
just	Baseline	722	只是	NA	"don't/than just"	H
just	Baseline	201	只是	NA	"student quote"	H
just	Baseline	371	只是	NA	"don't/than just"	H
just	Baseline	402	只是	NA	"not just"	H
just	Baseline	303	只是	NA	"don't/than just"	H
just	Baseline	632	只是	NA	"student quote"	H
just	Baseline	145	只是	NA	"not just"	H
just	Baseline	566	只	M1	"it just needs"	M
just	Baseline	705	只是	NA	"not just"	H
just	Baseline	248	只是	NA	"not just"	H
just	Baseline	461	只是	NA	"not just"	H
just	Baseline	237	只	M1	"it just needs"	M
just	Baseline	788	只	M1	"it just needs"	M
just	Baseline	437	只是	NA	"not just"	H
just	Baseline	679	只是	NA	"not just"	H
just	Baseline	694	只是	NA	"not just"	H
just	Baseline	703	只是	NA	"don't/than just"	H
just	Baseline	442	只是	NA	"not just"	H
just	Baseline	692	只是	NA	"not just"	H
just	Baseline	681	只是	NA	"not just"	H
just	Baseline	373	只是	NA	"not just"	H
just	Baseline	490	只是	NA	"discourse use"	M
just	Baseline	498	只是	NA	"discourse use"	M
just	Baseline	654	只是	NA	"don't/than just"	H
just	Baseline	340	只是	NA	"discourse use"	M
just	Baseline	540	只是	NA	"don't/than just"	H
just	Baseline	557	只是	NA	"not just"	H
just	Baseline	751	只是	NA	"not just"	H
just	Baseline	365	只是	NA	"not just"	H
just	Baseline	455	只是	NA	"discourse use"	M
just	Baseline	740	只是	NA	"don't/than just"	H
just	Baseline	396	只是	NA	"don't/than just"	H
just	Baseline	111	只是	NA	"don't/than just"	H
just	Baseline	457	只是	NA	"discourse use"	M
just	Baseline	493	只是	NA	"not just"	H
just	Baseline	422	只是	NA	"discourse use"	M
just	Baseline	250	只是	NA	"don't/than just"	H
just	Baseline	289	正	NA	"just as"	H
just	Baseline	503	只是	NA	"not just"	H
just	Baseline	529	只是	NA	"don't/than just"	H
just	Baseline	198	只是	NA	"not just"	H
just	Baseline	681	只是	NA	"don't/than just"	H
just	Baseline	448	只是	NA	"not just"	H
just	Baseline	534	只是	NA	"not just"	H
just	Baseline	410	只是	NA	"not just"	H
just	Baseline	456	只	M1	"it just needs"	M
just	Baseline	562	只	M1	"it just needs"	M
just	Baseline	322	只是	NA	"don't/than just"	H
just	Baseline	283	只是	NA	"not just"	H
just	Baseline	487	只是	NA	"not just"	H
just	Baseline	332	只是	NA	"not just"	H
just	Baseline	419	只是	NA	"not just"	H
just	Baseline	738	只是	NA	"don't/than just"	H
just	Baseline	265	只是	NA	"not just"	H
just	Baseline	501	只是	NA	"not just"	H
just	Baseline	698	只是	NA	"not just"	H
just	Baseline	427	只是	NA	"don't/than just"	H
just	Baseline	214	只是	NA	"not just"	H
just	Baseline	251	只是	NA	"discourse use"	M
just	Baseline	705	只是	NA	"not just"	H
just	Baseline	158	只是	NA	"not just"	H
just	Baseline	177	只是	NA	"not just"	H
just	Baseline	490	只是	NA	"not just"	H
just	Baseline	564	只是	NA	"not just"	H
just	Baseline	503	只是	NA	"not just"	H
just	Baseline	193	只是	NA	"don't/than just"	H
just	Baseline	475	只是	NA	"discourse use"	M
just	Baseline	542	只是	NA	"not just"	H
just	Baseline	197	只是	NA	"don't/than just"	H
just	Baseline	118	只是	NA	"not just"	H
just	Baseline	270	只是	NA	"not just"	H
just	Baseline	342	只	M1	"it just needs"	M
just	Baseline	485	正	NA	"just as"	H
just	Baseline	381	只是	NA	"not just"	H
just	Baseline	26	只是	NA	"not just"	H
just	Baseline	325	只是	NA	"discourse use"	M
just	Baseline	379	只是	NA	"not just"	H
just	Baseline	236	只是	NA	"don't/than just"	H
just	Baseline	302	只是	NA	"not just"	H
just	Baseline	648	只是	NA	"not just"	H
just	Baseline	687	只	M1	"it just needs"	M
just	Baseline	649	只是	NA	"not just"	H
just	Baseline	583	只是	NA	"not just"	H
just	Baseline	275	只是	NA	"not just"	H
just	Baseline	661	只是	NA	"discourse use"	M
just	Baseline	305	只是	NA	"discourse use"	M
just	Baseline	641	只是	NA	"discourse use"	M
just	Baseline	497	只是	NA	"not just"	H
just	Baseline	432	只是	NA	"don't/than just"	H
just	Baseline	93	只是	NA	"not just"	H
just	Baseline	293	只是	NA	"not just"	H
just	Baseline	601	只是	NA	"not just"	H
just	Baseline	641	只是	NA	"don't/than just"	H
just	Baseline	329	只是	NA	"discourse use"	M
just	Baseline	286	只是	NA	"not just"	H
just	Baseline	292	只是	NA	"not just"	H
just	Baseline	424	只是	NA	"not just"	H
just	Baseline	701	只是	NA	"not just"	H
just	Baseline	269	只是	NA	"don't/than just"	H
just	Baseline	814	只是	NA	"not just"	H
just	Baseline	41	只是	NA	"not just"	H
just	Baseline	322	只是	NA	"not just"	H
just	Baseline	414	只	M1	"it just needs"	M
just	Baseline	53	只是	NA	"don't/than just"	H
just	Baseline	247	只是	NA	"not just"	H
just	Baseline	383	只是	NA	"not just"	H
just	Baseline	225	只是	NA	"discourse use"	M
just	Baseline	267	只	M1	"it just needs"	M
just	Baseline	332	只是	NA	"don't/than just"	H
just	Baseline	136	只是	NA	"not just"	H
just	Baseline	679	只是	NA	"discourse use"	M
just	Baseline	90	只是	NA	"discourse use"	M
just	Baseline	503	只是	NA	"not just"	H
just	Baseline	150	只是	NA	"not just"	H
just	Baseline	404	只是	NA	"discourse use"	M
just	Baseline	409	只	M1	"it just needs"	M
just	Baseline	685	只是	NA	"not just"	H
just	Baseline	425	只是	NA	"not just"	H
just	Baseline	631	只	M1	"it just needs"	M
just	Baseline	340	只是	NA	"discourse use"	M
just	Baseline	269	只是	NA	"not just"	H
just	Baseline	307	只是	NA	"don't/than just"	H
just	Baseline	472	只是	NA	"don't/than just"	H
just	Baseline	545	只是	NA	"don't/than just"	H
just	Baseline	748	只是	NA	"not just"	H
just	Baseline	83	只是	NA	"discourse use"	M
just	Baseline	686	只是	NA	"not just"	H
just	Baseline	810	只是	NA	"not just"	H
just	Baseline	399	只是	NA	"not just"	H
just	Baseline	307	只是	NA	"don't/than just"	H
just	Baseline	535	正	NA	"just as"	H
just	Baseline	165	只是	NA	"not just"	H
just	Baseline	763	只是	NA	"not just"	H
just	Baseline	204	只	M1	"it just needs"	M
just	Baseline	653	只是	NA	"not just"	H
just	Baseline	339	只是	NA	"not just"	H
just	Baseline	261	只是	NA	"not just"	H
just	Baseline	394	只是	NA	"don't/than just"	H
just	Baseline	206	只是	NA	"not just"	H
just	Baseline	372	正	NA	"just as"	H
just	Baseline	297	只是	NA	"not just"	H
just	Baseline	342	只是	NA	"not just"	H
just	Baseline	431	只是	NA	"not just"	H
just	Baseline	723	只是	NA	"don't/than just"	H
just	Baseline	537	只是	NA	"not just"	H
just	Baseline	619	只是	NA	"don't/than just"	H
just	Baseline	482	只是	NA	"don't/than just"	H
just	Baseline	579	只是	NA	"not just"	H
just	Baseline	393	只是	NA	"discourse use"	M
just	Baseline	254	只是	NA	"not just"	H
just	Baseline	704	只是	NA	"not just"	H
just	Baseline	716	只是	NA	"don't/than just"	H
just	Baseline	83	只是	NA	"discourse use"	M
just	Baseline	780	只是	NA	"don't/than just"	H
just	Baseline	398	只是	NA	"not just"	H
just	Baseline	513	只是	NA	"don't/than just"	H
just	Baseline	52	只是	NA	"not just"	H
just	Baseline	556	只是	NA	"don't/than just"	H
just	Baseline	240	只是	NA	"student quote"	H
just	Baseline	292	只是	NA	"not just"	H
just	Baseline	514	只是	NA	"student quote"	H
just	Baseline	747	只是	NA	"discourse use"	M
just	Baseline	367	只是	NA	"not just"	H
just	Baseline	430	只是	NA	"discourse use"	M
just	Baseline	438	只是	NA	"not just"	H
just	Baseline	291	只是	NA	"don't/than just"	H
just	Baseline	382	只是	NA	"not just"	H
just	Baseline	689	只是	NA	"discourse use"	M
just	Baseline	59	只是	NA	"not just"	H
just	Baseline	437	只是	NA	"not just"	H
just	Baseline	186	只是	NA	"not just"	H
just	Baseline	418	只是	NA	"discourse use"	M
just	Baseline	500	只是	NA	"not just"	H
just	Baseline	419	只是	NA	"not just"	H
just	Baseline	520	只是	NA	"discourse use"	M
just	Baseline	171	只	M1	"it just needs"	M
just	Baseline	721	只是	NA	"not just"	H
just	Baseline	538	只是	NA	"don't/than just"	H
just	Baseline	287	只是	NA	"not just"	H
just	Baseline	706	只是	NA	"not just"	H
just	Baseline	294	只是	NA	"not just"	H
just	Baseline	657	只是	NA	"not just"	H
just	Baseline	239	只是	NA	"not just"	H
just	Baseline	209	只是	NA	"discourse use"	M
just	Baseline	772	只是	NA	"don't/than just"	H
just	Baseline	304	只是	NA	"not just"	H
just	Baseline	488	只是	NA	"discourse use"	M
just	Baseline	635	只是	NA	"not just"	H
just	Baseline	451	只是	NA	"don't/than just"	H
just	Baseline	249	只是	NA	"not just"	H
just	Baseline	103	只是	NA	"don't/than just"	H
just	Baseline	146	只是	NA	"not just"	H
just	Baseline	402	只是	NA	"not just"	H
just	Baseline	727	只是	NA	"not just"	H
just	Baseline	599	只是	NA	"don't/than just"	H
just	Baseline	511	只是	NA	"discourse use"	M
just	Baseline	352	只是	NA	"not just"	H
just	Baseline	461	只是	NA	"not just"	H
just	Baseline	237	只是	NA	"not just"	H
just	Baseline	301	只是	NA	"not just"	H
just	Baseline	781	只是	NA	"not just"	H
just	Baseline	512	只是	NA	"don't/than just"	H
just	Baseline	560	正	NA	"just as"	H
just	Baseline	20	只是	NA	"not just"	H
just	Baseline	512	只	M1	"it just needs"	M
just	Baseline	540	只	M1	"it just needs"	M
just	Baseline	211	只是	NA	"don't/than just"	H
just	Baseline	308	正	NA	"just as"	H
just	Baseline	396	只是	NA	"not just"	H
just	Baseline	762	只是	NA	"not just"	H
just	Baseline	473	只是	NA	"not just"	H
just	Baseline	135	只是	NA	"not just"	H
just	Baseline	331	只是	NA	"not just"	H
just	Baseline	108	只是	NA	"discourse use"	M
just	Baseline	480	只是	NA	"discourse use"	M
just	Baseline	96	只是	NA	"discourse use"	M
just	Baseline	723	只是	NA	"discourse use"	M
just	Baseline	447	只是	NA	"discourse use"	M
just	Baseline	453	只是	NA	"don't/than just"	H
just	Baseline	32	只是	NA	"not just"	H
just	Baseline	38	只是	NA	"not just"	H
just	Baseline	162	只是	NA	"not just"	H
just	Baseline	359	只是	NA	"don't/than just"	H
just	Baseline	375	只是	NA	"don't/than just"	H
just	Baseline	88	只是	NA	"not just"	H
just	Baseline	125	只是	NA	"don't/than just"	H
just	Baseline	278	只是	NA	"not just"	H
just	Baseline	759	只是	NA	"not just"	H
just	Baseline	319	只是	NA	"not just"	H
just	Baseline	441	只是	NA	"not just"	H
just	Baseline	397	只是	NA	"discourse use"	M
just	Baseline	602	只是	NA	"not just"	H
just	Baseline	98	只	M1	"it just needs"	M
just	Baseline	136	只是	NA	"discourse use"	M
just	Baseline	574	只	M1	"it just needs"	M
just	Baseline	598	只	M1	"it just needs"	M
just	Baseline	308	只是	NA	"not just"	H
just	Baseline	273	只是	NA	"don't/than just"	H
just	Baseline	748	只是	NA	"not just"	H
just	Baseline	492	只是	NA	"not just"	H
just	Baseline	654	只是	NA	"student quote"	H
just	Baseline	627	只	M1	"it just needs"	M
just	Baseline	25	只是	NA	"not just"	H
just	Baseline	84	只是	NA	"discourse use"	M
just	Baseline	35	只是	NA	"don't/than just"	H
just	Baseline	420	只是	NA	"not just"	H
just	Baseline	308	只是	NA	"not just"	H
just	Baseline	386	只是	NA	"not just"	H
just	Baseline	617	只是	NA	"student quote"	H
just	Baseline	746	只是	NA	"not just"	H
just	Baseline	293	只是	NA	"not just"	H
just	Baseline	226	只是	NA	"not just"	H
just	Baseline	613	只是	NA	"discourse use"	M
just	Baseline	821	只是	NA	"not just"	H
just	Baseline	353	只是	NA	"not just"	H
just	Baseline	299	只是	NA	"discourse use"	M
just	Baseline	251	只是	NA	"not just"	H
just	Baseline	280	只是	NA	"not just"	H
just	Baseline	564	正	NA	"just as"	H
just	Baseline	415	只是	NA	"not just"	H
just	Baseline	335	只是	NA	"not just"	H
just	Baseline	428	只是	NA	"not just"	H
just	Baseline	183	只是	NA	"not just"	H
just	Baseline	427	只是	NA	"don't/than just"	H
rather	Baseline	603	而不是	NA	"rather than"	H
rather	Baseline	559	而不是	NA	"rather than"	H
rather	Baseline	270	而不是	NA	"rather than"	H
rather	Baseline	406	而不是	NA	"rather than"	H
rather	Baseline	618	而不是	NA	"rather than"	H
rather	Baseline	122	而不是	NA	"rather than"	H
rather	Baseline	250	而不是	NA	"rather than"	H
rather	Baseline	389	而不是	NA	"rather than"	H
rather	Baseline	697	而不是	NA	"rather than"	H
rather	Baseline	42	而不是	NA	"rather than"	H
rather	Baseline	213	而不是	NA	"rather than"	H
rather	Baseline	261	而不是	NA	"rather than"	H
rather	Baseline	631	而不是	NA	"rather than"	H
rather	Baseline	695	而不是	NA	"rather than"	H
rather	Baseline	732	而不是	NA	"rather than"	H
rather	Baseline	289	而不是	NA	"rather than"	H
rather	Baseline	348	而不是	NA	"rather than"	H
rather	Baseline	492	而不是	NA	"rather than"	H
rather	Baseline	147	而不是	NA	"rather than"	H
rather	Baseline	363	而不是	NA	"rather than"	H
rather	Baseline	543	而不是	NA	"rather than"	H
rather	Baseline	658	而不是	NA	"rather than"	H
rather	Baseline	761	而不是	NA	"rather than"	H
rather	Baseline	235	而不是	NA	"rather than"	H
rather	Baseline	322	而不是	NA	"rather than"	H
rather	Baseline	426	而不是	NA	"rather than"	H
rather	Baseline	461	而不是	NA	"rather than"	H
rather	Baseline	701	而不是	NA	"rather than"	H
rather	Baseline	375	而不是	NA	"rather than"	H
rather	Baseline	178	而不是	NA	"rather than"	H
rather	Baseline	318	而不是	NA	"rather than"	H
rather	Baseline	372	而不是	NA	"rather than"	H
rather	Baseline	521	而不是	NA	"rather than"	H
rather	Baseline	566	而不是	NA	"rather than"	H
rather	Baseline	706	而不是	NA	"rather than"	H
rather	Baseline	726	而不是	NA	"rather than"	H
rather	Baseline	281	而不是	NA	"rather than"	H
rather	Baseline	346	而不是	NA	"rather than"	H
rather	Baseline	530	而不是	NA	"rather than"	H
rather	Baseline	746	而不是	NA	"rather than"	H
rather	Baseline	188	而不是	NA	"rather than"	H
rather	Baseline	246	而不是	NA	"rather than"	H
rather	Baseline	393	而不是	NA	"rather than"	H
rather	Baseline	287	而不是	NA	"rather than"	H
rather	Baseline	477	而不是	NA	"rather than"	H
rather	Baseline	758	而不是	NA	"rather than"	H
rather	Baseline	304	而不是	NA	"rather than"	H
rather	Baseline	143	而不是	NA	"rather than"	H
rather	Baseline	263	而不是	NA	"rather than"	H
rather	Baseline	378	而不是	NA	"rather than"	H
rather	Baseline	418	而不是	NA	"rather than"	H
rather	Baseline	487	而不是	NA	"rather than"	H
rather	Baseline	145	而不是	NA	"rather than"	H
rather	Baseline	301	而不是	NA	"rather than"	H
rather	Baseline	451	而不是	NA	"rather than"	H
rather	Baseline	488	而不是	NA	"rather than"	H
rather	Baseline	65	而不是	NA	"rather than"	H
rather	Baseline	762	而不是	NA	"rather than"	H
rather	Baseline	155	而不是	NA	"rather than"	H
rather	Baseline	231	而不是	NA	"rather than"	H
rather	Baseline	450	而不是	NA	"rather than"	H
rather	Baseline	118	而是	NA	"but rather"	H
rather	Baseline	561	而不是	NA	"rather than"	H
rather	Baseline	595	而是	NA	"but rather"	H
rather	Baseline	696	而不是	NA	"rather than"	H
rather	Baseline	247	而不是	NA	"rather than"	H
rather	Baseline	494	而不是	NA	"rather than"	H
rather	Baseline	739	而不是	NA	"rather than"	H
rather	Baseline	352	而不是	NA	"rather than"	H
rather	Baseline	483	而不是	NA	"rather than"	H
rather	Baseline	602	而不是	NA	"rather than"	H
rather	Baseline	715	而不是	NA	"rather than"	H
rather	Baseline	310	而不是	NA	"rather than"	H
rather	Baseline	409	而不是	NA	"rather than"	H
rather	Baseline	354	而不是	NA	"rather than"	H
rather	Baseline	518	而不是	NA	"rather than"	H
rather	Baseline	653	而不是	NA	"rather than"	H
rather	Baseline	741	而不是	NA	"rather than"	H
rather	Baseline	305	而不是	NA	"rather than"	H
rather	Baseline	328	而不是	NA	"rather than"	H
rather	Baseline	559	而是	NA	"but rather"	H
rather	Baseline	705	而不是	NA	"rather than"	H
rather	Baseline	42	而不是	NA	"rather than"	H
rather	Baseline	404	而不是	NA	"rather than"	H
rather	Baseline	447	而不是	NA	"rather than"	H
rather	Baseline	601	而不是	NA	"rather than"	H
rather	Baseline	385	而不是	NA	"rather than"	H
rather	Baseline	455	而不是	NA	"rather than"	H
rather	Baseline	531	而不是	NA	"rather than"	H
rather	Baseline	568	而不是	NA	"rather than"	H
rather	Baseline	663	而不是	NA	"rather than"	H
rather	Baseline	108	而不是	NA	"rather than"	H
rather	Baseline	336	而不是	NA	"rather than"	H
rather	Baseline	482	而不是	NA	"rather than"	H
rather	Baseline	535	而不是	NA	"rather than"	H
rather	Baseline	737	而不是	NA	"rather than"	H
rather	Baseline	302	而不是	NA	"rather than"	H
rather	Baseline	341	而不是	NA	"rather than"	H
rather	Baseline	342	而不是	NA	"rather than"	H
rather	Baseline	741	而不是	NA	"rather than"	H
rather	Baseline	339	而不是	NA	"rather than"	H
rather	Baseline	366	而不是	NA	"rather than"	H
rather	Baseline	400	而不是	NA	"rather than"	H
rather	Baseline	632	而不是	NA	"rather than"	H
rather	Baseline	648	而不是	NA	"rather than"	H
rather	Baseline	197	而不是	NA	"rather than"	H
rather	Baseline	276	而不是	NA	"rather than"	H
rather	Baseline	643	而不是	NA	"rather than"	H
rather	Baseline	753	而不是	NA	"rather than"	H
rather	Baseline	337	而不是	NA	"rather than"	H
rather	Baseline	442	而不是	NA	"rather than"	H
rather	Baseline	567	而不是	NA	"rather than"	H
rather	Baseline	217	而不是	NA	"rather than"	H
rather	Baseline	662	而不是	NA	"rather than"	H
rather	Baseline	700	而不是	NA	"rather than"	H
rather	Baseline	167	而不是	NA	"rather than"	H
rather	Baseline	299	而不是	NA	"rather than"	H
rather	Baseline	357	而不是	NA	"rather than"	H
rather	Baseline	442	而不是	NA	"rather than"	H
rather	Baseline	699	而不是	NA	"rather than"	H
rather	Baseline	243	而不是	NA	"rather than"	H
rather	Baseline	403	而不是	NA	"rather than"	H
rather	Baseline	479	而不是	NA	"rather than"	H
rather	Baseline	545	而不是	NA	"rather than"	H
rather	Baseline	313	而不是	NA	"rather than"	H
rather	Baseline	463	而不是	NA	"rather than"	H
rather	Baseline	589	而不是	NA	"rather than"	H
rather	Baseline	48	而不是	NA	"rather than"	H
rather	Baseline	334	而不是	NA	"rather than"	H
rather	Baseline	505	而不是	NA	"rather than"	H
rather	Baseline	177	而不是	NA	"rather than"	H
rather	Baseline	431	而不是	NA	"rather than"	H
rather	Baseline	446	而不是	NA	"rather than"	H
rather	Baseline	602	而不是	NA	"rather than"	H
rather	Baseline	60	而不是	NA	"rather than"	H
rather	Baseline	330	而不是	NA	"rather than"	H
rather	Baseline	510	而不是	NA	"rather than"	H
rather	Baseline	521	而不是	NA	"rather than"	H
rather	Baseline	701	而不是	NA	"rather than"	H
rather	Baseline	333	而不是	NA	"rather than"	H
rather	Baseline	538	而不是	NA	"rather than"	H
rather	Baseline	563	而不是	NA	"rather than"	H
rather	Baseline	767	而不是	NA	"rather than"	H
rather	Baseline	378	而不是	NA	"rather than"	H
rather	Baseline	462	而不是	NA	"rather than"	H
rather	Baseline	292	而不是	NA	"rather than"	H
rather	Baseline	368	而不是	NA	"rather than"	H
rather	Baseline	579	而不是	NA	"rather than"	H
rather	Baseline	244	而不是	NA	"rather than"	H
rather	Baseline	347	而不是	NA	"rather than"	H
rather	Baseline	178	而不是	NA	"rather than"	H
rather	Baseline	472	而不是	NA	"rather than"	H
rather	Baseline	77	而不是	NA	"rather than"	H
rather	Baseline	674	而不是	NA	"rather than"	H
rather	Baseline	709	而不是	NA	"rather than"	H
rather	Baseline	280	而不是	NA	"rather than"	H
rather	Baseline	351	而不是	NA	"rather than"	H
rather	Baseline	447	而不是	NA	"rather than"	H
rather	Baseline	674	而不是	NA	"rather than"	H
rather	Baseline	64	而不是	NA	"rather than"	H
rather	Baseline	197	而不是	NA	"rather than"	H
rather	Baseline	236	而不是	NA	"rather than"	H
rather	Baseline	427	而不是	NA	"rather than"	H
rather	Baseline	669	而不是	NA	"rather than"	H
rather	Baseline	228	而不是	NA	"rather than"	H
rather	Baseline	652	而不是	NA	"rather than"	H
rather	Baseline	664	而不是	NA	"rather than"	H
rather	Baseline	341	而不是	NA	"rather than"	H
rather	Baseline	700	而不是	NA	"rather than"	H
rather	Baseline	399	而不是	NA	"rather than"	H
rather	Baseline	597	而不是	NA	"rather than"	H
rather	Baseline	78	而不是	NA	"rather than"	H
rather	Baseline	112	而不是	NA	"rather than"	H
rather	Baseline	238	而不是	NA	"rather than"	H
rather	Baseline	549	而不是	NA	"rather than"	H
rather	Baseline	186	而不是	NA	"rather than"	H
rather	Baseline	385	而不是	NA	"rather than"	H
rather	Baseline	454	而不是	NA	"rather than"	H
rather	Baseline	667	而不是	NA	"rather than"	H
rather	Baseline	97	而不是	NA	"rather than"	H
rather	Baseline	538	而不是	NA	"rather than"	H
rather	Baseline	635	而不是	NA	"rather than"	H
rather	Baseline	97	而不是	NA	"rather than"	H
rather	Baseline	228	而不是	NA	"rather than"	H
rather	Baseline	387	而不是	NA	"rather than"	H
rather	Baseline	427	而不是	NA	"rather than"	H
rather	Baseline	630	而不是	NA	"rather than"	H
rather	Baseline	196	而不是	NA	"rather than"	H
rather	Baseline	94	而不是	NA	"rather than"	H
rather	Baseline	334	而不是	NA	"rather than"	H
rather	Baseline	467	而不是	NA	"rather than"	H
rather	Baseline	442	而不是	NA	"rather than"	H
rather	Baseline	763	而不是	NA	"rather than"	H
rather	Baseline	173	而不是	NA	"rather than"	H
rather	Baseline	277	而不是	NA	"rather than"	H
rather	Baseline	442	而不是	NA	"rather than"	H
rather	Baseline	567	而不是	NA	"rather than"	H
rather	Baseline	433	而不是	NA	"rather than"	H
rather	Baseline	468	而不是	NA	"rather than"	H
rather	Baseline	263	而不是	NA	"rather than"	H
rather	Baseline	395	而不是	NA	"rather than"	H
rather	Baseline	544	而不是	NA	"rather than"	H
rather	Baseline	687	而不是	NA	"rather than"	H
rather	Baseline	303	而不是	NA	"rather than"	H
rather	Baseline	484	而不是	NA	"rather than"	H
rather	Baseline	511	而不是	NA	"rather than"	H
rather	Baseline	573	而不是	NA	"rather than"	H
rather	Baseline	616	而不是	NA	"rather than"	H
rather	Baseline	807	而不是	NA	"rather than"	H
rather	Baseline	507	而不是	NA	"rather than"	H
rather	Baseline	574	而不是	NA	"rather than"	H
rather	Baseline	259	而不是	NA	"rather than"	H
rather	Baseline	396	而不是	NA	"rather than"	H
rather	Baseline	541	而不是	NA	"rather than"	H
rather	Baseline	134	而不是	NA	"rather than"	H
rather	Baseline	170	而不是	NA	"rather than"	H
rather	Baseline	233	而不是	NA	"rather than"	H
rather	Baseline	385	而不是	NA	"rather than"	H
rather	Baseline	662	而不是	NA	"rather than"	H
rather	Baseline	368	而不是	NA	"rather than"	H
rather	Baseline	570	而不是	NA	"rather than"	H
rather	Baseline	621	而不是	NA	"rather than"	H
rather	Baseline	168	而不是	NA	"rather than"	H
rather	Baseline	304	而不是	NA	"rather than"	H
rather	Baseline	439	而不是	NA	"rather than"	H
rather	Baseline	185	而不是	NA	"rather than"	H
rather	Baseline	679	而不是	NA	"rather than"	H
rather	Baseline	338	而不是	NA	"rather than"	H
rather	Baseline	736	而不是	NA	"rather than"	H
rather	Baseline	634	而不是	NA	"rather than"	H
rather	Baseline	656	而不是	NA	"rather than"	H
rather	Baseline	259	而不是	NA	"rather than"	H
rather	Baseline	311	而不是	NA	"rather than"	H
rather	Baseline	482	而不是	NA	"rather than"	H
rather	Baseline	320	而不是	NA	"rather than"	H
rather	Baseline	336	而不是	NA	"rather than"	H
rather	Baseline	693	而不是	NA	"rather than"	H
rather	Baseline	791	而不是	NA	"rather than"	H
rather	Baseline	383	而不是	NA	"rather than"	H
rather	Baseline	448	而不是	NA	"rather than"	H
rather	Baseline	519	而不是	NA	"rather than"	H
rather	Baseline	555	而不是	NA	"rather than"	H
rather	Baseline	211	而不是	NA	"rather than"	H
rather	Baseline	607	而不是	NA	"rather than"	H
rather	Baseline	699	而不是	NA	"rather than"	H
rather	Baseline	163	而不是	NA	"rather than"	H
rather	Baseline	335	而不是	NA	"rather than"	H
rather	Baseline	146	而不是	NA	"rather than"	H
rather	Baseline	395	而不是	NA	"rather than"	H
rather	Baseline	475	而不是	NA	"rather than"	H
rather	Baseline	592	而不是	NA	"rather than"	H
rather	Baseline	604	而不是	NA	"rather than"	H
rather	Baseline	688	而不是	NA	"rather than"	H
rather	Baseline	352	而不是	NA	"rather than"	H
rather	Baseline	419	而不是	NA	"rather than"	H
rather	Baseline	224	而不是	NA	"rather than"	H
rather	Baseline	352	而不是	NA	"rather than"	H
rather	Baseline	433	而不是	NA	"rather than"	H
rather	Baseline	318	而不是	NA	"rather than"	H
rather	Baseline	540	而不是	NA	"rather than"	H
rather	Baseline	572	而不是	NA	"rather than"	H
rather	Baseline	623	而不是	NA	"rather than"	H
rather	Baseline	701	而不是	NA	"rather than"	H
rather	Baseline	94	而不是	NA	"rather than"	H
rather	Baseline	254	而不是	NA	"rather than"	H
rather	Baseline	355	而不是	NA	"rather than"	H
rather	Baseline	390	而不是	NA	"rather than"	H
rather	Baseline	668	而不是	NA	"rather than"	H
rather	Baseline	749	而不是	NA	"rather than"	H
rather	Baseline	319	而不是	NA	"rather than"	H
rather	Baseline	405	而不是	NA	"rather than"	H
rather	Baseline	502	而不是	NA	"rather than"	H
rather	Baseline	550	而不是	NA	"rather than"	H
rather	Baseline	425	而不是	NA	"rather than"	H
rather	Baseline	90	而不是	NA	"rather than"	H
rather	Baseline	436	而不是	NA	"rather than"	H
rather	Baseline	452	而不是	NA	"rather than"	H
rather	Baseline	402	而不是	NA	"rather than"	H
rather	Baseline	426	而不是	NA	"rather than"	H
rather	Baseline	446	而不是	NA	"rather than"	H
rather	Baseline	510	而不是	NA	"rather than"	H
rather	Baseline	740	而不是	NA	"rather than"	H
rather	Baseline	394	而不是	NA	"rather than"	H
rather	Baseline	458	而不是	NA	"rather than"	H
rather	Baseline	77	而不是	NA	"rather than"	H
rather	Baseline	252	而不是	NA	"rather than"	H
rather	Baseline	469	而不是	NA	"rather than"	H
rather	Baseline	575	而不是	NA	"rather than"	H
rather	Baseline	157	而不是	NA	"rather than"	H
rather	Baseline	489	而不是	NA	"rather than"	H
rather	Baseline	134	而不是	NA	"rather than"	H
rather	Baseline	397	而不是	NA	"rather than"	H
rather	Baseline	440	而不是	NA	"rather than"	H
rather	Baseline	544	而不是	NA	"rather than"	H
rather	Baseline	745	而不是	NA	"rather than"	H
rather	Baseline	661	而不是	NA	"rather than"	H
rather	Baseline	719	而不是	NA	"rather than"	H
rather	Baseline	148	而不是	NA	"rather than"	H
rather	Baseline	274	而不是	NA	"rather than"	H
rather	Baseline	454	而不是	NA	"rather than"	H
rather	Baseline	311	而不是	NA	"rather than"	H
rather	Baseline	385	而不是	NA	"rather than"	H
rather	Baseline	611	而不是	NA	"rather than"	H
rather	Baseline	239	而不是	NA	"rather than"	H
rather	Baseline	303	而不是	NA	"rather than"	H
rather	Baseline	315	而不是	NA	"rather than"	H
rather	Baseline	356	而不是	NA	"rather than"	H
rather	Baseline	394	而不是	NA	"rather than"	H
rather	Baseline	443	而不是	NA	"rather than"	H
rather	Baseline	590	而不是	NA	"rather than"	H
rather	Baseline	55	而不是	NA	"rather than"	H
rather	Baseline	198	而不是	NA	"rather than"	H
rather	Baseline	343	而不是	NA	"rather than"	H
rather	Baseline	432	而不是	NA	"rather than"	H
rather	Baseline	645	而不是	NA	"rather than"	H
rather	Baseline	240	而不是	NA	"rather than"	H
rather	Baseline	453	而不是	NA	"rather than"	H
rather	Baseline	571	而不是	NA	"rather than"	H
rather	Baseline	803	而不是	NA	"rather than"	H
rather	Baseline	106	而不是	NA	"rather than"	H
rather	Baseline	388	而不是	NA	"rather than"	H
rather	Baseline	417	而不是	NA	"rather than"	H
rather	Baseline	484	而不是	NA	"rather than"	H
rather	Baseline	521	而不是	NA	"rather than"	H
rather	Baseline	655	而不是	NA	"rather than"	H
rather	Baseline	733	而不是	NA	"rather than"	H
rather	Baseline	770	而不是	NA	"rather than"	H
rather	Baseline	182	而不是	NA	"rather than"	H
rather	Baseline	369	而不是	NA	"rather than"	H
rather	Baseline	415	而不是	NA	"rather than"	H
rather	Baseline	466	而不是	NA	"rather than"	H
rather	Baseline	639	而不是	NA	"rather than"	H
rather	Baseline	679	而不是	NA	"rather than"	H
rather	Baseline	150	而不是	NA	"rather than"	H
rather	Baseline	462	而不是	NA	"rather than"	H
rather	Baseline	87	而不是	NA	"rather than"	H
rather	Baseline	123	而不是	NA	"rather than"	H
rather	Baseline	161	而不是	NA	"rather than"	H
rather	Baseline	328	而不是	NA	"rather than"	H
rather	Baseline	631	而不是	NA	"rather than"	H
rather	Baseline	133	而不是	NA	"rather than"	H
rather	Baseline	320	而不是	NA	"rather than"	H
rather	Baseline	501	而不是	NA	"rather than"	H
rather	Baseline	152	而不是	NA	"rather than"	H
rather	Baseline	310	而不是	NA	"rather than"	H
rather	Baseline	324	而不是	NA	"rather than"	H
rather	Baseline	660	而不是	NA	"rather than"	H
rather	Baseline	271	而不是	NA	"rather than"	H
rather	Baseline	345	而不是	NA	"rather than"	H
rather	Baseline	369	而不是	NA	"rather than"	H
rather	Baseline	416	而不是	NA	"rather than"	H
rather	Baseline	612	而不是	NA	"rather than"	H
rather	Baseline	726	而不是	NA	"rather than"	H
rather	Baseline	33	而不是	NA	"rather than"	H
rather	Baseline	361	而不是	NA	"rather than"	H
rather	Baseline	432	而不是	NA	"rather than"	H
rather	Baseline	543	而不是	NA	"rather than"	H
rather	Baseline	638	而不是	NA	"rather than"	H
rather	Baseline	247	而不是	NA	"rather than"	H
rather	Baseline	284	而不是	NA	"rather than"	H
rather	Baseline	667	而不是	NA	"rather than"	H
rather	Baseline	766	而不是	NA	"rather than"	H
rather	Baseline	33	而不是	NA	"rather than"	H
rather	Baseline	51	而不是	NA	"rather than"	H
rather	Baseline	161	而不是	NA	"rather than"	H
rather	Baseline	398	而不是	NA	"rather than"	H
rather	Baseline	688	而不是	NA	"rather than"	H
rather	Baseline	703	相当	M1	"rather suddenly"	M
rather	Baseline	725	而不是	NA	"rather than"	H
rather	Baseline	144	而不是	NA	"rather than"	H
rather	Baseline	223	而不是	NA	"rather than"	H
rather	Baseline	122	而不是	NA	"rather than"	H
rather	Baseline	147	而不是	NA	"rather than"	H
rather	Baseline	584	而不是	NA	"rather than"	H
rather	Baseline	751	而不是	NA	"rather than"	H
rather	Baseline	150	而不是	NA	"rather than"	H
rather	Baseline	193	而不是	NA	"rather than"	H
rather	Baseline	232	而不是	NA	"rather than"	H
rather	Baseline	330	而不是	NA	"rather than"	H
rather	Baseline	551	而不是	NA	"rather than"	H
rather	Baseline	702	而不是	NA	"rather than"	H
rather	Baseline	718	而不是	NA	"rather than"	H
rather	Baseline	740	而不是	NA	"rather than"	H
rather	Baseline	268	而不是	NA	"rather than"	H
rather	Baseline	590	而不是	NA	"rather than"	H
rather	Baseline	623	而不是	NA	"rather than"	H
rather	Baseline	848	而不是	NA	"rather than"	H
rather	Baseline	236	而不是	NA	"rather than"	H
rather	Baseline	272	而不是	NA	"rather than"	H
rather	Baseline	567	而不是	NA	"rather than"	H
rather	Baseline	603	而不是	NA	"rather than"	H
rather	Baseline	82	而不是	NA	"rather than"	H
rather	Baseline	112	而不是	NA	"rather than"	H
rather	Baseline	318	而不是	NA	"rather than"	H
rather	Baseline	456	而不是	NA	"rather than"	H
rather	Baseline	778	而不是	NA	"rather than"	H
rather	Baseline	459	而不是	NA	"rather than"	H
rather	Baseline	384	而不是	NA	"rather than"	H
rather	Baseline	566	而不是	NA	"rather than"	H
rather	Baseline	591	而不是	NA	"rather than"	H
rather	Baseline	684	而不是	NA	"rather than"	H
rather	Baseline	799	而不是	NA	"rather than"	H
rather	Baseline	128	而不是	NA	"rather than"	H
rather	Baseline	332	而不是	NA	"rather than"	H
rather	Baseline	349	而不是	NA	"rather than"	H
rather	Baseline	494	而不是	NA	"rather than"	H
rather	Baseline	105	而不是	NA	"rather than"	H
rather	Baseline	160	而不是	NA	"rather than"	H
rather	Baseline	264	而不是	NA	"rather than"	H
rather	Baseline	407	而不是	NA	"rather than"	H
rather	Baseline	498	而不是	NA	"rather than"	H
rather	Baseline	627	而不是	NA	"rather than"	H
rather	Baseline	368	而不是	NA	"rather than"	H
rather	Baseline	68	而不是	NA	"rather than"	H
rather	Baseline	124	而不是	NA	"rather than"	H
rather	Baseline	150	而不是	NA	"rather than"	H
rather	Baseline	250	而不是	NA	"rather than"	H
rather	Baseline	360	而不是	NA	"rather than"	H
rather	Baseline	481	而不是	NA	"rather than"	H
rather	Baseline	564	而不是	NA	"rather than"	H
rather	Baseline	110	而不是	NA	"rather than"	H
rather	Baseline	253	而不是	NA	"rather than"	H
rather	Baseline	305	而不是	NA	"rather than"	H
rather	Baseline	655	而不是	NA	"rather than"	H
rather	Baseline	134	而不是	NA	"rather than"	H
rather	Baseline	257	而不是	NA	"rather than"	H
rather	Baseline	292	而不是	NA	"rather than"	H
rather	Baseline	655	而不是	NA	"rather than"	H
rather	Baseline	274	而不是	NA	"rather than"	H
rather	Baseline	441	而不是	NA	"rather than"	H
rather	Baseline	473	而不是	NA	"rather than"	H
rather	Baseline	220	而不是	NA	"rather than"	H
rather	Baseline	111	而不是	NA	"rather than"	H
rather	Baseline	295	而不是	NA	"rather than"	H
rather	Baseline	434	而不是	NA	"rather than"	H
rather	Baseline	594	而不是	NA	"rather than"	H
rather	Baseline	118	而不是	NA	"rather than"	H
rather	Baseline	300	而不是	NA	"rather than"	H
rather	Baseline	560	而不是	NA	"rather than"	H
rather	Baseline	726	而不是	NA	"rather than"	H
rather	Baseline	689	而不是	NA	"rather than"	H
rather	Baseline	305	而不是	NA	"rather than"	H
rather	Baseline	335	而不是	NA	"rather than"	H
rather	Baseline	410	而不是	NA	"rather than"	H
rather	Baseline	132	而不是	NA	"rather than"	H
rather	Baseline	155	而不是	NA	"rather than"	H
rather	Baseline	208	而不是	NA	"rather than"	H
rather	Baseline	220	而不是	NA	"rather than"	H
rather	Baseline	229	而不是	NA	"rather than"	H
rather	Baseline	326	而不是	NA	"rather than"	H
rather	Baseline	347	而不是	NA	"rather than"	H
rather	Baseline	543	而不是	NA	"rather than"	H
rather	Baseline	231	而不是	NA	"rather than"	H
rather	Baseline	289	而不是	NA	"rather than"	H
rather	Baseline	696	而不是	NA	"rather than"	H
rather	Baseline	125	而不是	NA	"rather than"	H
rather	Baseline	313	而不是	NA	"rather than"	H
rather	Baseline	359	而不是	NA	"rather than"	H
rather	Baseline	461	而不是	NA	"rather than"	H
rather	Baseline	92	而不是	NA	"rather than"	H
rather	Baseline	197	而不是	NA	"rather than"	H
rather	Baseline	365	而不是	NA	"rather than"	H
rather	Baseline	134	而不是	NA	"rather than"	H
rather	Baseline	171	而不是	NA	"rather than"	H
rather	Baseline	244	而不是	NA	"rather than"	H
rather	Baseline	319	而不是	NA	"rather than"	H
rather	Baseline	688	而不是	NA	"rather than"	H
rather	Baseline	180	而不是	NA	"rather than"	H
rather	Baseline	265	而不是	NA	"rather than"	H
rather	Baseline	321	而不是	NA	"rather than"	H
rather	Baseline	607	而不是	NA	"rather than"	H
rather	Baseline	194	而不是	NA	"rather than"	H
rather	Baseline	336	而不是	NA	"rather than"	H
rather	Baseline	394	而不是	NA	"rather than"	H
rather	Baseline	468	而不是	NA	"rather than"	H
rather	Baseline	182	而不是	NA	"rather than"	H
rather	Baseline	201	而不是	NA	"rather than"	H
rather	Baseline	397	而不是	NA	"rather than"	H
rather	Baseline	539	而不是	NA	"rather than"	H
rather	Baseline	199	而不是	NA	"rather than"	H
rather	Baseline	374	而不是	NA	"rather than"	H
rather	Baseline	552	而不是	NA	"rather than"	H
rather	Baseline	690	而不是	NA	"rather than"	H
rather	Baseline	699	而不是	NA	"rather than"	H
rather	Baseline	88	而不是	NA	"rather than"	H
rather	Baseline	418	而不是	NA	"rather than"	H
rather	Baseline	514	而不是	NA	"rather than"	H
rather	Baseline	580	而不是	NA	"rather than"	H
rather	Baseline	101	而不是	NA	"rather than"	H
rather	Baseline	222	而不是	NA	"rather than"	H
rather	Baseline	307	而不是	NA	"rather than"	H
rather	Baseline	433	而不是	NA	"rather than"	H
rather	Baseline	697	而不是	NA	"rather than"	H
rather	Baseline	45	而不是	NA	"rather than"	H
rather	Baseline	265	而不是	NA	"rather than"	H
rather	Baseline	302	而不是	NA	"rather than"	H
rather	Baseline	316	而不是	NA	"rather than"	H
rather	Baseline	530	而不是	NA	"rather than"	H
rather	Baseline	620	而不是	NA	"rather than"	H
rather	Baseline	288	而不是	NA	"rather than"	H
rather	Baseline	374	而不是	NA	"rather than"	H
rather	Baseline	510	而不是	NA	"rather than"	H
rather	Baseline	643	而不是	NA	"rather than"	H
rather	Baseline	483	而不是	NA	"rather than"	H
rather	Baseline	750	而不是	NA	"rather than"	H
rather	Baseline	783	而不是	NA	"rather than"	H
rather	Baseline	139	而不是	NA	"rather than"	H
rather	Baseline	326	而不是	NA	"rather than"	H
rather	Baseline	374	而不是	NA	"rather than"	H
rather	Baseline	431	而不是	NA	"rather than"	H
rather	Baseline	449	而不是	NA	"rather than"	H
rather	Baseline	674	而不是	NA	"rather than"	H
rather	Baseline	112	而不是	NA	"rather than"	H
rather	Baseline	234	而不是	NA	"rather than"	H
rather	Baseline	269	而不是	NA	"rather than"	H
rather	Baseline	387	而不是	NA	"rather than"	H
rather	Baseline	412	而不是	NA	"rather than"	H
rather	Baseline	597	而不是	NA	"rather than"	H
rather	Baseline	112	而不是	NA	"rather than"	H
rather	Baseline	183	而不是	NA	"rather than"	H
rather	Baseline	346	而不是	NA	"rather than"	H
rather	Baseline	253	而不是	NA	"rather than"	H
rather	Baseline	379	而不是	NA	"rather than"	H
rather	Baseline	523	而不是	NA	"rather than"	H
rather	Baseline	46	而不是	NA	"rather than"	H
rather	Baseline	423	而不是	NA	"rather than"	H
rather	Baseline	617	而不是	NA	"rather than"	H
rather	Baseline	133	而不是	NA	"rather than"	H
rather	Baseline	182	而不是	NA	"rather than"	H
rather	Baseline	459	而不是	NA	"rather than"	H
rather	Baseline	93	而不是	NA	"rather than"	H
rather	Baseline	126	而不是	NA	"rather than"	H
rather	Baseline	233	而不是	NA	"rather than"	H
rather	Baseline	418	而不是	NA	"rather than"	H
rather	Baseline	432	而不是	NA	"rather than"	H
rather	Baseline	506	而不是	NA	"rather than"	H
rather	Baseline	172	而不是	NA	"rather than"	H
rather	Baseline	612	而不是	NA	"rather than"	H
rather	Baseline	646	而不是	NA	"rather than"	H
rather	Baseline	456	而不是	NA	"rather than"	H
rather	Baseline	474	而不是	NA	"rather than"	H
rather	Baseline	647	而不是	NA	"rather than"	H
rather	Baseline	742	而不是	NA	"rather than"	H
rather	Baseline	510	而不是	NA	"rather than"	H
rather	Baseline	583	而不是	NA	"rather than"	H
rather	Baseline	714	而不是	NA	"rather than"	H
rather	Baseline	365	而不是	NA	"rather than"	H
rather	Baseline	209	而不是	NA	"rather than"	H
rather	Baseline	648	而不是	NA	"rather than"	H
rather	Baseline	83	而是	NA	"but rather"	H
rather	Baseline	270	而不是	NA	"rather than"	H
rather	Baseline	435	而不是	NA	"rather than"	H
rather	Baseline	189	而不是	NA	"rather than"	H
rather	Baseline	382	而不是	NA	"rather than"	H
rather	Baseline	618	而不是	NA	"rather than"	H
rather	Baseline	80	而不是	NA	"rather than"	H
rather	Baseline	572	而不是	NA	"rather than"	H
rather	Baseline	778	而不是	NA	"rather than"	H
rather	Baseline	61	而不是	NA	"rather than"	H
rather	Baseline	374	而不是	NA	"rather than"	H
rather	Baseline	233	而不是	NA	"rather than"	H
rather	Baseline	290	而不是	NA	"rather than"	H
rather	Baseline	127	而不是	NA	"rather than"	H
rather	Baseline	159	而不是	NA	"rather than"	H
rather	Baseline	210	而不是	NA	"rather than"	H
rather	Baseline	326	而不是	NA	"rather than"	H
rather	Baseline	354	而不是	NA	"rather than"	H
rather	Baseline	468	而不是	NA	"rather than"	H
rather	Baseline	138	而不是	NA	"rather than"	H
rather	Baseline	309	而不是	NA	"rather than"	H
rather	Baseline	367	而不是	NA	"rather than"	H
rather	Baseline	549	而不是	NA	"rather than"	H
rather	Baseline	280	而不是	NA	"rather than"	H
rather	Baseline	498	而不是	NA	"rather than"	H
rather	Baseline	550	而不是	NA	"rather than"	H
rather	Baseline	194	而不是	NA	"rather than"	H
rather	Baseline	252	而不是	NA	"rather than"	H
rather	Baseline	44	而不是	NA	"rather than"	H
rather	Baseline	85	而不是	NA	"rather than"	H
rather	Baseline	433	而不是	NA	"rather than"	H
rather	Baseline	511	而不是	NA	"rather than"	H
rather	Baseline	571	而不是	NA	"rather than"	H
rather	Baseline	176	而不是	NA	"rather than"	H
rather	Baseline	453	而不是	NA	"rather than"	H
rather	Baseline	554	而不是	NA	"rather than"	H
rather	Baseline	384	而不是	NA	"rather than"	H
rather	Baseline	411	而不是	NA	"rather than"	H
rather	Baseline	357	而不是	NA	"rather than"	H
rather	Baseline	93	宁愿	NA	"student content"	H
rather	Baseline	435	而不是	NA	"rather than"	H
rather	Baseline	492	而不是	NA	"rather than"	H
rather	Baseline	113	而不是	NA	"rather than"	H
rather	Baseline	138	而不是	NA	"rather than"	H
rather	Baseline	437	而不是	NA	"rather than"	H
rather	Baseline	419	而不是	NA	"rather than"	H
rather	Baseline	207	而不是	NA	"rather than"	H
rather	Baseline	503	而不是	NA	"rather than"	H
rather	Baseline	229	宁愿	NA	"student content"	H
rather	Baseline	774	宁愿	NA	"student content"	H
rather	Baseline	103	而不是	NA	"rather than"	H
rather	Baseline	177	而不是	NA	"rather than"	H
rather	Baseline	208	而是	NA	"but rather"	H
rather	Baseline	385	而不是	NA	"rather than"	H
rather	Baseline	590	而是	NA	"but rather"	H
rather	Baseline	529	而不是	NA	"rather than"	H
rather	Baseline	542	而不是	NA	"rather than"	H
rather	Baseline	498	而不是	NA	"rather than"	H
rather	Baseline	245	而不是	NA	"rather than"	H
rather	Baseline	706	而不是	NA	"rather than"	H
rather	Baseline	641	而不是	NA	"rather than"	H
rather	Baseline	349	而不是	NA	"rather than"	H
rather	Baseline	513	而不是	NA	"rather than"	H
rather	Baseline	235	而不是	NA	"rather than"	H
rather	Baseline	366	而不是	NA	"rather than"	H
rather	Baseline	294	而不是	NA	"rather than"	H
rather	Baseline	447	而不是	NA	"rather than"	H
rather	Baseline	296	而不是	NA	"rather than"	H
rather	Baseline	456	而不是	NA	"rather than"	H
rather	Baseline	386	而不是	NA	"rather than"	H
rather	Baseline	580	而不是	NA	"rather than"	H
rather	Baseline	141	而不是	NA	"rather than"	H
rather	Baseline	295	而不是	NA	"rather than"	H
rather	Baseline	618	而不是	NA	"rather than"	H
rather	Baseline	235	而不是	NA	"rather than"	H
rather	Baseline	554	而不是	NA	"rather than"	H
rather	Baseline	405	而不是	NA	"rather than"	H
rather	Baseline	79	而不是	NA	"rather than"	H
rather	Baseline	137	而不是	NA	"rather than"	H
rather	Baseline	736	而不是	NA	"rather than"	H
rather	Baseline	581	而不是	NA	"rather than"	H
rather	Baseline	318	而不是	NA	"rather than"	H
rather	Baseline	536	而不是	NA	"rather than"	H
rather	Baseline	95	而不是	NA	"rather than"	H
rather	Baseline	192	而不是	NA	"rather than"	H
rather	Baseline	434	而不是	NA	"rather than"	H
rather	Baseline	481	而不是	NA	"rather than"	H
rather	Baseline	559	相当	M1	"rather suddenly"	M
rather	Baseline	395	而不是	NA	"rather than"	H
rather	Baseline	438	而不是	NA	"rather than"	H
rather	Baseline	123	而不是	NA	"rather than"	H
rather	Baseline	202	而不是	NA	"rather than"	H
rather	Baseline	280	而不是	NA	"rather than"	H
rather	Baseline	590	而不是	NA	"rather than"	H
rather	Baseline	420	而不是	NA	"rather than"	H
rather	Baseline	449	而不是	NA	"rather than"	H
rather	Baseline	594	而不是	NA	"rather than"	H
rather	Baseline	172	而不是	NA	"rather than"	H
rather	Baseline	205	而不是	NA	"rather than"	H
rather	Baseline	413	而不是	NA	"rather than"	H
rather	Baseline	471	而不是	NA	"rather than"	H
rather	Baseline	101	而不是	NA	"rather than"	H
rather	Baseline	45	而不是	NA	"rather than"	H
rather	Baseline	483	而不是	NA	"rather than"	H
rather	Baseline	27	而不是	NA	"rather than"	H
rather	Baseline	251	而不是	NA	"rather than"	H
rather	Baseline	523	而不是	NA	"rather than"	H
rather	Baseline	587	而不是	NA	"rather than"	H
rather	Baseline	393	而不是	NA	"rather than"	H
rather	Baseline	72	而不是	NA	"rather than"	H
rather	Baseline	682	而不是	NA	"rather than"	H
rather	Baseline	37	而不是	NA	"rather than"	H
rather	Baseline	433	而不是	NA	"rather than"	H
rather	Baseline	579	而不是	NA	"rather than"	H
rather	Baseline	754	而不是	NA	"rather than"	H
rather	Baseline	225	而不是	NA	"rather than"	H
rather	Baseline	50	而不是	NA	"rather than"	H
rather	Baseline	203	而不是	NA	"rather than"	H
rather	Baseline	720	而不是	NA	"rather than"	H
rather	Baseline	363	而不是	NA	"rather than"	H
rather	Baseline	480	而不是	NA	"rather than"	H
rather	Baseline	510	而不是	NA	"rather than"	H
rather	Baseline	661	而不是	NA	"rather than"	H
rather	Baseline	370	而不是	NA	"rather than"	H
rather	Baseline	330	而不是	NA	"rather than"	H
rather	Baseline	657	而不是	NA	"rather than"	H
rather	Baseline	361	而不是	NA	"rather than"	H
rather	Baseline	127	而不是	NA	"rather than"	H
rather	Baseline	401	而不是	NA	"rather than"	H
rather	Baseline	678	而不是	NA	"rather than"	H
rather	Baseline	707	而不是	NA	"rather than"	H
rather	Baseline	76	而不是	NA	"rather than"	H
rather	Baseline	365	而不是	NA	"rather than"	H
rather	Baseline	513	而不是	NA	"rather than"	H
rather	Baseline	704	而不是	NA	"rather than"	H
rather	Baseline	209	而不是	NA	"rather than"	H
rather	Baseline	441	而不是	NA	"rather than"	H
rather	Baseline	717	而不是	NA	"rather than"	H
rather	Baseline	120	而不是	NA	"rather than"	H
rather	Baseline	408	而不是	NA	"rather than"	H
rather	Baseline	661	而不是	NA	"rather than"	H
rather	Baseline	288	而不是	NA	"rather than"	H
rather	Baseline	122	而不是	NA	"rather than"	H
rather	Baseline	558	而不是	NA	"rather than"	H
rather	Baseline	636	而不是	NA	"rather than"	H
rather	Baseline	234	而不是	NA	"rather than"	H
rather	Baseline	753	而不是	NA	"rather than"	H
rather	Baseline	177	而不是	NA	"rather than"	H
rather	Baseline	173	而不是	NA	"rather than"	H
rather	Baseline	393	而不是	NA	"rather than"	H
rather	Baseline	38	而不是	NA	"rather than"	H
rather	Baseline	236	而不是	NA	"rather than"	H
rather	Baseline	705	而不是	NA	"rather than"	H
rather	Baseline	185	而不是	NA	"rather than"	H
rather	Baseline	444	而不是	NA	"rather than"	H
rather	Baseline	119	而不是	NA	"rather than"	H
rather	Baseline	587	而不是	NA	"rather than"	H
rather	Baseline	765	而不是	NA	"rather than"	H
rather	Baseline	273	而不是	NA	"rather than"	H
rather	Baseline	499	而不是	NA	"rather than"	H
rather	Baseline	510	而不是	NA	"rather than"	H
rather	Baseline	144	而不是	NA	"rather than"	H
rather	Baseline	22	而不是	NA	"rather than"	H
rather	Baseline	31	而不是	NA	"rather than"	H
rather	Baseline	451	而不是	NA	"rather than"	H
rather	Baseline	93	而不是	NA	"rather than"	H
rather	Baseline	17	而不是	NA	"rather than"	H
rather	Baseline	172	而不是	NA	"rather than"	H
rather	Baseline	350	而不是	NA	"rather than"	H
rather	Baseline	383	而不是	NA	"rather than"	H
rather	Baseline	849	而不是	NA	"rather than"	H
rather	Baseline	339	而不是	NA	"rather than"	H
rather	Baseline	123	而不是	NA	"rather than"	H
rather	Baseline	348	而不是	NA	"rather than"	H
rather	Baseline	27	而不是	NA	"rather than"	H
rather	Baseline	291	而不是	NA	"rather than"	H
rather	Baseline	272	而不是	NA	"rather than"	H
rather	Baseline	316	而不是	NA	"rather than"	H
rather	Baseline	767	而不是	NA	"rather than"	H
rather	Baseline	33	而不是	NA	"rather than"	H
rather	Baseline	247	而不是	NA	"rather than"	H
rather	Baseline	54	而不是	NA	"rather than"	H
rather	Baseline	591	而不是	NA	"rather than"	H
rather	Baseline	372	而不是	NA	"rather than"	H
rather	Baseline	120	而不是	NA	"rather than"	H
rather	Baseline	461	而不是	NA	"rather than"	H
rather	Baseline	51	而不是	NA	"rather than"	H
rather	Baseline	464	而不是	NA	"rather than"	H
rather	Baseline	748	而不是	NA	"rather than"	H
rather	Baseline	46	而不是	NA	"rather than"	H
rather	Baseline	178	而不是	NA	"rather than"	H
rather	Baseline	799	而不是	NA	"rather than"	H
rather	Baseline	189	而不是	NA	"rather than"	H
rather	Baseline	271	而不是	NA	"rather than"	H
rather	Baseline	428	而不是	NA	"rather than"	H
rather	Baseline	758	而不是	NA	"rather than"	H
rather	Baseline	239	而不是	NA	"rather than"	H
rather	Baseline	446	而不是	NA	"rather than"	H
rather	Baseline	204	而不是	NA	"rather than"	H
rather	Baseline	271	而不是	NA	"rather than"	H
rather	Baseline	321	而不是	NA	"rather than"	H
rather	Baseline	72	而不是	NA	"rather than"	H
rather	Baseline	110	而不是	NA	"rather than"	H
rather	Baseline	173	而不是	NA	"rather than"	H
rather	Baseline	610	而不是	NA	"rather than"	H
rather	Baseline	33	而不是	NA	"rather than"	H
rather	Baseline	396	而不是	NA	"rather than"	H
rather	Baseline	789	而不是	NA	"rather than"	H
rather	Baseline	157	而不是	NA	"rather than"	H
rather	Baseline	724	而不是	NA	"rather than"	H
rather	Baseline	705	而不是	NA	"rather than"	H
rather	Baseline	185	而不是	NA	"rather than"	H
rather	Baseline	480	而不是	NA	"rather than"	H
rather	Baseline	513	而不是	NA	"rather than"	H
rather	Baseline	610	而不是	NA	"rather than"	H
rather	Baseline	174	而不是	NA	"rather than"	H
rather	Baseline	799	而不是	NA	"rather than"	H
rather	Baseline	128	而不是	NA	"rather than"	H
rather	Baseline	210	而不是	NA	"rather than"	H
rather	Baseline	480	而不是	NA	"rather than"	H
rather	Baseline	646	宁愿	NA	"student content"	H
rather	Baseline	690	宁愿	NA	"student content"	H
rather	Baseline	336	而不是	NA	"rather than"	H
rather	Baseline	92	而不是	NA	"rather than"	H
rather	Baseline	329	而不是	NA	"rather than"	H
rather	Baseline	775	而不是	NA	"rather than"	H
rather	Baseline	785	而不是	NA	"rather than"	H
rather	Baseline	730	而不是	NA	"rather than"	H
rather	Baseline	201	而不是	NA	"rather than"	H
rather	Baseline	194	而不是	NA	"rather than"	H
rather	Baseline	42	而不是	NA	"rather than"	H
rather	Baseline	697	而不是	NA	"rather than"	H
rather	Baseline	361	而不是	NA	"rather than"	H
rather	Baseline	495	而不是	NA	"rather than"	H
rather	Baseline	176	而不是	NA	"rather than"	H
can	Generic	649	能	M1	"you can"	H
can	Generic	557	能	M1	"essay/aloud can"	H
can	Generic	130	能	M1	"you can"	H
can	Generic	466	能	NA	"topic can be"	M
can	Generic	487	能	M1	"you can"	H
can	Generic	34	能	M1	"modal hedge"	L
can	Generic	577	能	M1	"modal hedge"	L
can	Generic	254	能	NA	"topic can be"	M
can	Generic	382	能	NA	"topic content"	M
can	Generic	403	能	NA	"topic can be"	M
can	Generic	696	能	NA	"topic can be"	M
can	Generic	15	能	NA	"topic content"	H
can	Generic	157	能	M1	"modal hedge"	L
can	Generic	499	能	M1	"modal hedge"	L
can	Generic	542	能	M1	"modal hedge"	L
can	Generic	185	不能	NA	"can't"	H
can	Generic	591	能	NA	"topic content"	H
can	Generic	351	能	M1	"modal hedge"	L
can	Generic	484	能	NA	"topic content"	H
can	Generic	605	不能	NA	"can't"	H
can	Generic	632	不能	NA	"can't"	H
can	Generic	312	能	NA	"topic can be"	M
can	Generic	470	能	M1	"modal hedge"	L
can	Generic	779	能	M1	"essay/aloud can"	H
can	Generic	117	能	M1	"you can"	H
can	Generic	606	能	M1	"essay/aloud can"	H
can	Generic	195	能	NA	"topic content"	H
can	Generic	288	能	NA	"topic can be"	M
can	Generic	666	能	NA	"topic content"	H
can	Generic	151	能	M1	"you can"	H
can	Generic	162	不能	NA	"can't"	H
can	Generic	158	能	NA	"topic content"	M
can	Generic	450	能	NA	"topic can be"	M
can	Generic	467	能	NA	"topic can be"	M
can	Generic	554	能	M1	"modal hedge"	L
can	Generic	290	能	NA	"topic content"	H
can	Generic	467	能	M1	"you can"	H
can	Generic	473	能	M1	"modal hedge"	L
can	Generic	639	能	NA	"topic content"	H
can	Generic	172	能	M1	"this can weaken"	H
can	Generic	213	能	M1	"X can weaken"	M
can	Generic	335	能	M1	"modal hedge"	L
can	Generic	367	能	M1	"this can weaken"	H
can	Generic	554	能	NA	"topic content"	M
can	Generic	163	能	M1	"modal hedge"	L
can	Generic	274	能	M1	"modal hedge"	L
can	Generic	171	能	M1	"modal hedge"	L
can	Generic	412	能	M1	"modal hedge"	L
can	Generic	678	能	M1	"essay/aloud can"	H
can	Generic	737	能	M1	"essay/aloud can"	H
can	Generic	90	能	NA	"topic content"	H
can	Generic	324	能	NA	"topic can be"	M
can	Generic	355	能	NA	"topic content"	H
can	Generic	642	能	M1	"modal hedge"	L
can	Generic	348	能	M1	"modal hedge"	L
can	Generic	222	能	NA	"topic can be"	M
can	Generic	232	能	M1	"modal hedge"	L
can	Generic	492	能	NA	"topic can be"	M
can	Generic	293	能	M1	"modal hedge"	L
can	Generic	341	能	NA	"topic content"	H
can	Generic	302	能	M1	"modal hedge"	L
can	Generic	32	能	M1	"I can see"	H
can	Generic	149	能	M1	"you can"	H
can	Generic	508	能	M1	"modal hedge"	L
can	Generic	529	能	M1	"you can"	H
can	Generic	481	能	NA	"topic can be"	M
can	Generic	497	能	NA	"topic can be"	M
can	Generic	529	能	M1	"modal hedge"	L
can	Generic	262	能	M1	"you can"	H
can	Generic	523	能	M1	"you can"	H
can	Generic	90	能	NA	"topic can be"	M
can	Generic	412	能	M1	"modal hedge"	L
can	Generic	596	能	M1	"essay/aloud can"	H
can	Generic	477	能	NA	"topic content"	H
can	Generic	592	能	M1	"modal hedge"	L
can	Generic	598	能	M1	"you can"	H
can	Generic	136	能	M1	"essay/aloud can"	H
can	Generic	495	能	M1	"X can weaken"	M
can	Generic	524	能	NA	"topic content"	M
can	Generic	398	能	NA	"topic can be"	M
can	Generic	483	能	NA	"topic can be"	M
can	Generic	491	能	NA	"topic can be"	M
can	Generic	248	能	M1	"modal hedge"	L
can	Generic	509	能	M1	"I can see"	H
can	Generic	709	能	M1	"modal hedge"	L
can	Generic	385	能	M1	"X can weaken"	M
can	Generic	473	能	NA	"topic content"	H
can	Generic	492	能	NA	"topic content"	H
can	Generic	624	能	M1	"essay/aloud can"	H
can	Generic	339	能	M1	"modal hedge"	L
can	Generic	526	能	NA	"topic content"	H
can	Generic	159	能	M1	"modal hedge"	L
can	Generic	626	能	M1	"essay/aloud can"	H
can	Generic	144	能	NA	"topic can be"	M
can	Generic	277	能	NA	"can not/only"	M
can	Generic	386	能	M1	"I can see"	H
can	Generic	451	能	M1	"I can see"	H
can	Generic	666	能	M1	"essay/aloud can"	H
can	Generic	535	能	NA	"topic content"	H
can	Generic	542	能	M1	"modal hedge"	L
can	Generic	564	能	NA	"topic content"	H
can	Generic	46	能	M1	"essay/aloud can"	H
can	Generic	223	能	NA	"topic can be"	M
can	Generic	234	能	M1	"modal hedge"	L
can	Generic	436	能	NA	"topic content"	M
can	Generic	539	能	M1	"modal hedge"	L
can	Generic	96	能	M1	"you can"	H
can	Generic	287	能	M1	"you can"	H
can	Generic	572	能	M1	"modal hedge"	L
can	Generic	577	能	NA	"topic can be"	M
can	Generic	602	能	M1	"modal hedge"	L
can	Generic	753	能	M1	"you can"	H
can	Generic	262	能	M1	"you can"	H
can	Generic	26	能	M1	"I can see"	H
can	Generic	140	能	M1	"you can"	H
can	Generic	123	能	M1	"essay/aloud can"	H
can	Generic	618	能	M1	"essay/aloud can"	H
can	Generic	269	能	M1	"modal hedge"	L
can	Generic	137	能	M1	"essay/aloud can"	H
can	Generic	291	能	NA	"topic content"	H
can	Generic	217	能	NA	"topic content"	M
can	Generic	693	能	M1	"essay/aloud can"	H
can	Generic	411	能	NA	"topic content"	H
can	Generic	190	能	NA	"topic content"	H
can	Generic	524	能	NA	"topic can be"	M
can	Generic	702	能	M1	"modal hedge"	L
can	Generic	631	不能	NA	"can't"	H
can	Generic	722	能	M1	"essay/aloud can"	H
can	Generic	170	能	NA	"topic content"	M
can	Generic	167	能	M1	"essay/aloud can"	H
can	Generic	377	能	NA	"topic content"	H
can	Generic	541	能	NA	"topic can be"	M
can	Generic	753	能	M1	"you can"	H
can	Generic	695	能	M1	"modal hedge"	L
can	Generic	16	能	M1	"I can see"	H
can	Generic	394	能	NA	"topic can be"	M
can	Generic	440	能	M1	"modal hedge"	L
can	Generic	458	能	NA	"topic content"	H
can	Generic	499	不能	NA	"can't"	H
can	Generic	338	能	M1	"you can"	H
can	Generic	440	能	M1	"X can weaken"	M
can	Generic	322	不能	NA	"can't"	H
can	Generic	591	能	M1	"modal hedge"	L
can	Generic	605	能	NA	"topic can be"	M
can	Generic	584	能	M1	"modal hedge"	L
can	Generic	655	能	M1	"this can weaken"	H
can	Generic	680	能	M1	"you can"	H
can	Generic	380	能	NA	"topic can be"	M
can	Generic	291	能	M1	"you can"	H
can	Generic	323	能	M1	"you can"	H
can	Generic	546	能	M1	"modal hedge"	L
can	Generic	254	能	M1	"you can"	H
can	Generic	125	能	M1	"modal hedge"	L
can	Generic	403	能	M1	"modal hedge"	L
can	Generic	380	能	NA	"topic content"	H
can	Generic	248	能	NA	"topic can be"	M
can	Generic	695	能	M1	"modal hedge"	L
can	Generic	689	能	NA	"topic can be"	M
can	Generic	664	能	M1	"this can weaken"	H
can	Generic	196	能	M1	"modal hedge"	L
can	Generic	37	能	M1	"you can"	H
can	Generic	423	能	NA	"topic can be"	M
can	Generic	578	能	M1	"modal hedge"	L
can	Generic	715	能	M1	"essay/aloud can"	H
can	Generic	667	能	M1	"essay/aloud can"	H
can	Generic	707	能	M1	"essay/aloud can"	H
can	Generic	567	能	NA	"topic can be"	M
can	Generic	600	能	M1	"modal hedge"	L
can	Generic	642	能	M1	"essay/aloud can"	H
can	Generic	393	能	M1	"you can"	H
can	Generic	592	能	NA	"topic content"	M
can	Generic	594	能	M1	"modal hedge"	L
can	Generic	662	能	NA	"topic can be"	M
can	Generic	430	能	NA	"topic can be"	M
can	Generic	154	能	M1	"you can"	H
can	Generic	319	能	M1	"modal hedge"	L
can	Generic	613	能	NA	"topic content"	M
can	Generic	727	能	M1	"this can weaken"	H
can	Generic	200	能	M1	"modal hedge"	L
can	Generic	204	能	M1	"modal hedge"	L
can	Generic	753	能	M1	"essay/aloud can"	H
can	Generic	385	不能	NA	"can't"	H
can	Generic	529	能	M1	"this can weaken"	H
can	Generic	546	不能	NA	"can't"	H
can	Generic	572	能	NA	"topic can be"	M
can	Generic	97	能	NA	"topic can be"	M
can	Generic	408	能	M1	"modal hedge"	L
can	Generic	494	能	NA	"topic can be"	M
can	Generic	167	能	M1	"you can"	H
can	Generic	778	能	M1	"essay/aloud can"	H
can	Generic	507	能	NA	"topic can be"	M
can	Generic	128	能	NA	"topic content"	H
can	Generic	307	能	M1	"modal hedge"	L
can	Generic	315	能	M1	"modal hedge"	L
can	Generic	434	能	M1	"modal hedge"	L
can	Generic	530	不能	NA	"can't"	H
can	Generic	189	能	M1	"modal hedge"	L
can	Generic	612	能	M1	"essay/aloud can"	H
can	Generic	237	能	M1	"modal hedge"	L
can	Generic	279	能	M1	"modal hedge"	L
can	Generic	317	能	M1	"modal hedge"	L
can	Generic	406	能	M1	"modal hedge"	L
can	Generic	647	能	NA	"topic can be"	M
can	Generic	282	能	NA	"topic content"	H
can	Generic	159	能	NA	"can not/only"	M
can	Generic	510	能	NA	"topic content"	H
can	Generic	560	不能	NA	"can't"	H
can	Generic	17	能	M1	"I can see"	H
can	Generic	348	能	M1	"you can"	H
can	Generic	645	能	M1	"you can"	H
can	Generic	769	能	M1	"essay/aloud can"	H
can	Generic	736	能	M1	"this can weaken"	H
can	Generic	90	能	M1	"you can"	H
can	Generic	536	能	NA	"topic can be"	M
can	Generic	652	能	NA	"topic can be"	M
can	Generic	14	能	M1	"modal hedge"	L
can	Generic	594	能	NA	"can not/only"	M
can	Generic	607	能	M1	"modal hedge"	L
can	Generic	23	能	NA	"topic content"	H
can	Generic	392	能	M1	"modal hedge"	L
can	Generic	607	能	M1	"modal hedge"	L
can	Generic	688	能	M1	"this can weaken"	H
can	Generic	27	能	NA	"topic content"	H
can	Generic	206	能	NA	"topic content"	H
can	Generic	537	能	M1	"you can"	H
can	Generic	15	能	NA	"topic content"	H
can	Generic	628	能	M1	"modal hedge"	L
can	Generic	25	能	NA	"topic content"	H
can	Generic	88	能	NA	"topic content"	H
can	Generic	420	能	NA	"topic content"	M
can	Generic	452	能	M1	"modal hedge"	L
can	Generic	597	能	M1	"modal hedge"	L
can	Generic	620	能	M1	"modal hedge"	L
can	Generic	624	能	NA	"topic content"	H
can	Generic	659	能	M1	"this can weaken"	H
can	Generic	54	能	M1	"you can"	H
can	Generic	151	不能	NA	"can't"	H
can	Generic	763	能	M1	"essay/aloud can"	H
can	Generic	48	能	NA	"topic content"	H
can	Generic	100	能	NA	"topic content"	H
can	Generic	234	能	NA	"topic can be"	M
can	Generic	418	能	NA	"topic can be"	M
can	Generic	659	能	NA	"topic content"	H
can	Generic	725	能	M1	"essay/aloud can"	H
can	Generic	20	能	M1	"this can weaken"	H
can	Generic	188	能	NA	"topic content"	H
can	Generic	217	能	NA	"topic content"	H
can	Generic	219	能	NA	"topic can be"	M
can	Generic	269	能	NA	"topic content"	H
can	Generic	574	不能	NA	"can't"	H
can	Generic	670	能	NA	"topic content"	H
can	Generic	74	能	M1	"you can"	H
can	Generic	388	能	NA	"topic can be"	M
can	Generic	453	能	NA	"topic can be"	M
can	Generic	564	能	M1	"this can weaken"	H
can	Generic	217	能	NA	"topic can be"	M
can	Generic	336	能	M1	"you can"	H
can	Generic	299	能	M1	"modal hedge"	L
can	Generic	322	能	M1	"you can"	H
can	Generic	337	能	M1	"modal hedge"	L
can	Generic	456	能	M1	"this can weaken"	H
can	Generic	802	能	M1	"essay/aloud can"	H
can	Generic	28	能	M1	"you can"	H
can	Generic	192	能	NA	"topic can be"	M
can	Generic	465	能	M1	"you can"	H
can	Generic	766	能	M1	"this can weaken"	H
can	Generic	294	能	M1	"modal hedge"	L
can	Generic	338	能	NA	"topic can be"	M
can	Generic	626	能	M1	"modal hedge"	L
can	Generic	405	能	NA	"topic can be"	M
can	Generic	124	能	NA	"topic content"	H
can	Generic	312	能	NA	"topic content"	H
can	Generic	378	能	M1	"you can"	H
can	Generic	416	能	NA	"topic content"	H
can	Generic	526	能	M1	"modal hedge"	L
can	Generic	572	能	NA	"topic can be"	M
can	Generic	590	能	NA	"topic can be"	M
can	Generic	660	能	NA	"topic content"	M
can	Generic	771	能	M1	"modal hedge"	L
can	Generic	811	能	M1	"this can weaken"	H
can	Generic	84	能	NA	"topic can be"	M
can	Generic	649	能	NA	"topic can be"	M
can	Generic	726	能	M1	"you can"	H
can	Generic	26	能	NA	"topic content"	H
can	Generic	152	能	M1	"this can weaken"	H
can	Generic	222	能	NA	"topic content"	H
can	Generic	318	能	M1	"you can"	H
can	Generic	451	能	NA	"topic content"	H
can	Generic	500	能	NA	"topic can be"	M
can	Generic	504	能	NA	"topic can be"	M
can	Generic	510	能	NA	"can not/only"	M
can	Generic	536	能	NA	"topic content"	H
can	Generic	550	能	NA	"topic content"	H
can	Generic	681	能	NA	"topic content"	M
can	Generic	713	能	NA	"topic content"	H
can	Generic	772	能	M1	"essay/aloud can"	H
can	Generic	305	能	M1	"modal hedge"	L
can	Generic	344	能	M1	"you can"	H
can	Generic	375	能	NA	"topic content"	H
can	Generic	509	能	M1	"you can"	H
can	Generic	709	能	NA	"topic content"	M
can	Generic	786	能	M1	"essay/aloud can"	H
can	Generic	24	能	M1	"you can"	H
can	Generic	245	能	M1	"this can weaken"	H
can	Generic	448	能	M1	"you can"	H
can	Generic	340	能	M1	"this can weaken"	H
can	Generic	436	能	M1	"modal hedge"	L
can	Generic	759	能	M1	"modal hedge"	L
can	Generic	831	能	M1	"this can weaken"	H
can	Generic	291	能	M1	"modal hedge"	L
can	Generic	618	能	NA	"topic can be"	M
can	Generic	732	能	M1	"this can weaken"	H
can	Generic	311	能	NA	"topic content"	M
can	Generic	600	能	NA	"topic can be"	M
can	Generic	23	能	NA	"topic can be"	M
can	Generic	717	能	NA	"topic can be"	M
can	Generic	728	能	M1	"modal hedge"	L
can	Generic	161	能	M1	"this can weaken"	H
can	Generic	290	能	M1	"modal hedge"	L
can	Generic	529	能	M1	"modal hedge"	L
can	Generic	742	能	M1	"essay/aloud can"	H
can	Generic	810	能	M1	"you can"	H
can	Generic	734	能	M1	"you can"	H
can	Generic	268	能	M1	"modal hedge"	L
can	Generic	398	能	M1	"you can"	H
can	Generic	643	能	M1	"modal hedge"	L
can	Generic	656	能	M1	"this can weaken"	H
can	Generic	760	能	M1	"essay/aloud can"	H
can	Generic	52	能	M1	"you can"	H
can	Generic	140	能	NA	"topic can be"	M
can	Generic	435	能	M1	"modal hedge"	L
can	Generic	444	能	M1	"modal hedge"	L
can	Generic	541	能	M1	"you can"	H
can	Generic	786	能	M1	"this can weaken"	H
can	Generic	297	能	NA	"topic can be"	M
can	Generic	415	能	M1	"modal hedge"	L
can	Generic	111	能	M1	"you can"	H
can	Generic	211	能	M1	"you can"	H
can	Generic	385	能	M1	"X can weaken"	M
can	Generic	570	能	NA	"topic content"	M
can	Generic	741	能	M1	"this can weaken"	H
can	Generic	241	能	NA	"topic can be"	M
can	Generic	249	能	NA	"topic can be"	M
can	Generic	246	能	M1	"modal hedge"	L
can	Generic	740	能	M1	"this can weaken"	H
can	Generic	301	能	NA	"topic can be"	M
can	Generic	476	能	NA	"topic content"	M
can	Generic	649	能	M1	"you can"	H
can	Generic	654	能	M1	"X can weaken"	M
can	Generic	729	能	M1	"X can weaken"	M
can	Generic	839	能	M1	"this can weaken"	H
can	Generic	345	能	NA	"topic can be"	M
can	Generic	609	能	M1	"you can"	H
can	Generic	647	能	M1	"this can weaken"	H
can	Generic	538	能	M1	"modal hedge"	L
can	Generic	561	能	NA	"topic content"	H
can	Generic	571	能	M1	"modal hedge"	L
can	Generic	609	能	M1	"you can"	H
can	Generic	723	能	NA	"topic can be"	M
can	Generic	18	能	NA	"topic can be"	M
can	Generic	172	能	M1	"modal hedge"	L
can	Generic	649	能	M1	"modal hedge"	L
can	Generic	360	能	NA	"topic content"	M
can	Generic	460	能	NA	"topic can be"	M
can	Generic	467	能	M1	"this can weaken"	H
can	Generic	514	能	M1	"modal hedge"	L
can	Generic	565	能	NA	"topic can be"	M
can	Generic	584	能	M1	"this can weaken"	H
can	Generic	623	能	NA	"topic can be"	M
can	Generic	323	能	M1	"modal hedge"	L
can	Generic	331	能	M1	"modal hedge"	L
can	Generic	525	能	M1	"modal hedge"	L
can	Generic	92	能	M1	"you can"	H
can	Generic	152	能	M1	"modal hedge"	L
can	Generic	371	能	M1	"this can weaken"	H
can	Generic	426	能	NA	"topic can be"	M
can	Generic	532	能	NA	"can not/only"	M
can	Generic	713	能	NA	"topic can be"	M
can	Generic	766	能	M1	"essay/aloud can"	H
can	Generic	303	不能	NA	"can't"	H
can	Generic	11	能	NA	"topic can be"	M
can	Generic	328	能	M1	"modal hedge"	L
can	Generic	381	能	NA	"topic content"	M
can	Generic	413	能	M1	"modal hedge"	L
can	Generic	590	能	NA	"topic can be"	M
can	Generic	46	能	M1	"you can"	H
can	Generic	797	能	M1	"essay/aloud can"	H
can	Generic	729	能	M1	"essay/aloud can"	H
can	Generic	312	能	NA	"topic can be"	M
can	Generic	373	能	M1	"modal hedge"	L
can	Generic	577	能	M1	"modal hedge"	L
can	Generic	437	能	NA	"topic content"	M
can	Generic	543	能	M1	"modal hedge"	L
can	Generic	739	能	M1	"essay/aloud can"	H
can	Generic	31	能	NA	"topic content"	H
can	Generic	191	能	NA	"topic content"	H
can	Generic	227	能	M1	"modal hedge"	L
can	Generic	236	能	NA	"topic can be"	M
can	Generic	295	能	NA	"topic content"	H
can	Generic	424	能	M1	"modal hedge"	L
can	Generic	441	能	M1	"modal hedge"	L
can	Generic	521	能	M1	"modal hedge"	L
can	Generic	576	能	NA	"topic can be"	M
can	Generic	710	能	NA	"topic content"	H
can	Generic	603	能	M1	"modal hedge"	L
can	Generic	606	能	M1	"modal hedge"	L
can	Generic	614	能	M1	"modal hedge"	L
can	Generic	819	能	M1	"this can weaken"	H
can	Generic	538	能	M1	"modal hedge"	L
can	Generic	556	能	M1	"modal hedge"	L
can	Generic	765	能	M1	"essay/aloud can"	H
can	Generic	366	能	M1	"I can see"	H
can	Generic	503	能	M1	"I can see"	H
can	Generic	637	能	NA	"topic content"	M
can	Generic	772	能	M1	"this can weaken"	H
can	Generic	235	能	NA	"topic can be"	M
can	Generic	388	能	NA	"topic content"	H
can	Generic	570	能	NA	"topic content"	H
can	Generic	619	能	NA	"topic content"	H
can	Generic	626	能	M1	"modal hedge"	L
can	Generic	641	能	NA	"topic content"	H
can	Generic	648	能	NA	"topic can be"	M
can	Generic	826	能	M1	"essay/aloud can"	H
can	Generic	107	能	M1	"you can"	H
can	Generic	42	能	M1	"you can"	H
can	Generic	273	能	NA	"topic content"	H
can	Generic	731	能	M1	"modal hedge"	L
can	Generic	389	能	M1	"you can"	H
can	Generic	823	能	M1	"essay/aloud can"	H
can	Generic	706	能	NA	"can not/only"	M
can	Generic	514	能	NA	"topic can be"	M
can	Generic	762	能	M1	"essay/aloud can"	H
can	Generic	129	能	NA	"topic can be"	M
can	Generic	195	能	NA	"topic can be"	M
can	Generic	265	能	NA	"topic can be"	M
can	Generic	274	能	NA	"topic can be"	M
can	Generic	632	能	M1	"modal hedge"	L
can	Generic	636	能	NA	"topic can be"	M
can	Generic	717	能	M1	"modal hedge"	L
can	Generic	164	能	M1	"modal hedge"	L
can	Generic	691	能	NA	"topic content"	H
can	Generic	788	能	M1	"essay/aloud can"	H
can	Generic	232	能	M1	"X can weaken"	M
can	Generic	527	能	NA	"topic content"	H
can	Generic	597	能	NA	"topic can be"	M
can	Generic	856	能	M1	"essay/aloud can"	H
can	Generic	13	能	M1	"modal hedge"	L
can	Generic	144	能	NA	"topic content"	M
can	Generic	469	能	M1	"modal hedge"	L
can	Generic	236	能	M1	"you can"	H
can	Generic	428	能	M1	"you can"	H
can	Generic	495	能	M1	"modal hedge"	L
can	Generic	503	能	NA	"topic can be"	M
can	Generic	232	能	NA	"topic can be"	M
can	Generic	340	能	NA	"topic content"	M
can	Generic	777	能	M1	"essay/aloud can"	H
can	Generic	325	能	M1	"modal hedge"	L
can	Generic	813	能	M1	"I can see"	H
can	Generic	322	能	M1	"you can"	H
can	Generic	473	能	NA	"topic can be"	M
can	Generic	676	能	M1	"modal hedge"	L
can	Generic	393	能	M1	"you can"	H
can	Generic	600	能	M1	"you can"	H
can	Generic	726	能	M1	"essay/aloud can"	H
can	Generic	468	能	M1	"modal hedge"	L
can	Generic	488	能	NA	"topic can be"	M
can	Generic	555	能	NA	"topic can be"	M
can	Generic	196	能	NA	"topic content"	H
can	Generic	764	能	M1	"you can"	H
can	Generic	847	能	M1	"essay/aloud can"	H
can	Generic	533	能	NA	"topic can be"	M
can	Generic	637	能	NA	"topic content"	M
can	Generic	464	能	NA	"topic can be"	M
can	Generic	737	能	NA	"topic content"	H
can	Generic	704	能	M1	"modal hedge"	L
can	Generic	272	能	NA	"topic content"	H
can	Generic	214	能	M1	"modal hedge"	L
can	Generic	473	能	M1	"you can"	H
can	Generic	674	能	NA	"topic content"	H
can	Generic	90	能	NA	"topic content"	M
can	Generic	766	能	NA	"topic can be"	M
can	Generic	781	能	M1	"essay/aloud can"	H
can	Generic	287	能	NA	"topic can be"	M
can	Generic	308	能	M1	"modal hedge"	L
can	Generic	419	能	M1	"this can weaken"	H
can	Generic	473	能	M1	"modal hedge"	L
can	Generic	572	能	M1	"modal hedge"	L
can	Generic	362	能	M1	"modal hedge"	L
can	Generic	452	能	NA	"topic content"	H
can	Generic	553	能	M1	"you can"	H
can	Generic	275	能	M1	"you can"	H
can	Generic	399	能	M1	"you can"	H
can	Generic	599	能	NA	"topic can be"	M
can	Generic	771	能	M1	"you can"	H
can	Generic	775	能	M1	"essay/aloud can"	H
can	Generic	65	能	M1	"you can"	H
can	Generic	448	能	NA	"topic content"	H
can	Generic	467	能	NA	"topic can be"	M
can	Generic	592	能	NA	"can not/only"	M
can	Generic	78	能	M1	"you can"	H
can	Generic	164	能	NA	"topic content"	M
can	Generic	517	能	NA	"topic can be"	M
can	Generic	599	不能	NA	"can't"	H
can	Generic	807	能	M1	"this can weaken"	H
can	Generic	314	能	M1	"modal hedge"	L
can	Generic	481	能	M1	"modal hedge"	L
can	Generic	193	能	NA	"topic content"	M
can	Generic	299	能	NA	"topic can be"	M
can	Generic	544	能	NA	"topic content"	H
can	Generic	600	能	NA	"topic can be"	M
can	Generic	644	能	M1	"modal hedge"	L
can	Generic	672	能	M1	"you can"	H
can	Generic	781	能	M1	"essay/aloud can"	H
can	Generic	163	能	NA	"topic can be"	M
can	Generic	317	能	NA	"topic can be"	M
can	Generic	332	能	NA	"topic can be"	M
can	Generic	670	能	M1	"you can"	H
can	Generic	282	能	M1	"this can weaken"	H
can	Generic	450	能	M1	"you can"	H
can	Generic	479	能	M1	"modal hedge"	L
can	Generic	672	能	NA	"topic can be"	M
can	Generic	310	能	NA	"topic can be"	M
can	Generic	381	能	M1	"modal hedge"	L
can	Generic	830	能	M1	"essay/aloud can"	H
can	Generic	115	能	NA	"topic can be"	M
can	Generic	603	能	NA	"topic can be"	M
can	Generic	741	能	NA	"topic can be"	M
can	Generic	817	能	M1	"this can weaken"	H
can	Generic	117	能	M1	"modal hedge"	L
can	Generic	178	能	NA	"topic can be"	M
can	Generic	785	能	M1	"essay/aloud can"	H
can	Generic	198	能	NA	"topic can be"	M
can	Generic	676	能	M1	"you can"	H
can	Generic	601	能	NA	"topic content"	H
can	Generic	280	能	NA	"topic can be"	M
can	Generic	463	能	M1	"you can"	H
can	Generic	483	能	NA	"topic can be"	M
can	Generic	725	能	NA	"topic can be"	M
can	Generic	794	能	M1	"X can weaken"	M
can	Generic	588	能	NA	"topic content"	H
can	Generic	658	能	M1	"modal hedge"	L
can	Generic	775	能	M1	"essay/aloud can"	H
can	Generic	271	能	M1	"you can"	H
can	Generic	345	能	NA	"topic can be"	M
can	Generic	99	能	M1	"you can"	H
can	Generic	139	能	M1	"this can weaken"	H
can	Generic	241	能	M1	"modal hedge"	L
can	Generic	337	能	NA	"topic content"	H
can	Generic	592	能	NA	"topic content"	H
can	Generic	600	能	NA	"topic content"	H
can	Generic	290	能	M1	"modal hedge"	L
can	Generic	454	能	M1	"modal hedge"	L
can	Generic	15	能	M1	"modal hedge"	L
can	Generic	219	能	NA	"topic can be"	M
can	Generic	658	能	NA	"topic content"	H
can	Generic	676	能	NA	"topic content"	M
can	Generic	770	能	M1	"essay/aloud can"	H
can	Generic	505	能	M1	"modal hedge"	L
can	Generic	519	能	M1	"modal hedge"	L
can	Generic	285	能	NA	"topic content"	M
can	Generic	290	能	M1	"you can"	H
can	Generic	380	能	NA	"topic can be"	M
can	Generic	608	能	NA	"topic can be"	M
can	Generic	780	能	M1	"essay/aloud can"	H
can	Generic	22	能	NA	"topic content"	M
can	Generic	260	能	M1	"this can weaken"	H
can	Generic	316	能	M1	"modal hedge"	L
can	Generic	349	能	NA	"topic content"	H
can	Generic	710	能	M1	"modal hedge"	L
can	Generic	19	能	NA	"topic content"	H
can	Generic	399	能	M1	"X can weaken"	M
can	Generic	78	能	NA	"topic can be"	M
can	Generic	321	能	NA	"topic can be"	M
can	Generic	423	能	M1	"this can weaken"	H
can	Generic	493	能	NA	"topic can be"	M
can	Generic	191	能	NA	"topic can be"	M
can	Generic	243	能	NA	"topic content"	H
can	Generic	450	能	M1	"you can"	H
can	Generic	833	能	M1	"this can weaken"	H
can	Generic	53	能	M1	"modal hedge"	L
can	Generic	209	能	NA	"topic content"	H
can	Generic	429	能	NA	"topic content"	H
can	Generic	474	能	NA	"can not/only"	M
can	Generic	540	能	NA	"can not/only"	M
can	Generic	589	能	M1	"modal hedge"	L
can	Generic	794	能	M1	"essay/aloud can"	H
can	Generic	289	能	M1	"modal hedge"	L
can	Generic	512	能	M1	"this can weaken"	H
can	Generic	576	能	M1	"modal hedge"	L
can	Generic	133	能	NA	"topic content"	M
can	Generic	601	能	NA	"can not/only"	M
can	Generic	158	能	M1	"modal hedge"	L
can	Generic	508	能	M1	"modal hedge"	L
can	Generic	520	能	M1	"modal hedge"	L
can	Generic	529	不能	NA	"can't"	H
can	Generic	534	不能	NA	"can't"	H
can	Generic	815	能	M1	"essay/aloud can"	H
can	Generic	41	能	NA	"topic can be"	M
can	Generic	425	能	M1	"you can"	H
can	Generic	747	能	M1	"I can see"	H
can	Generic	72	能	NA	"topic can be"	M
can	Generic	425	能	NA	"topic can be"	M
can	Generic	368	能	M1	"modal hedge"	L
can	Generic	376	能	M1	"modal hedge"	L
can	Generic	445	能	M1	"you can"	H
can	Generic	668	能	NA	"topic can be"	M
can	Generic	166	能	NA	"topic content"	M
can	Generic	462	能	M1	"modal hedge"	L
can	Generic	770	能	M1	"modal hedge"	L
can	Generic	830	能	M1	"essay/aloud can"	H
can	Generic	324	能	NA	"topic can be"	M
can	Generic	384	能	M1	"modal hedge"	L
can	Generic	619	能	NA	"can not/only"	M
can	Generic	847	能	M1	"essay/aloud can"	H
can	Generic	32	能	M1	"you can"	H
can	Generic	442	能	M1	"you can"	H
can	Generic	797	能	M1	"this can weaken"	H
can	Generic	187	能	M1	"modal hedge"	L
can	Generic	505	能	M1	"modal hedge"	L
can	Generic	576	能	NA	"topic content"	H
can	Generic	684	能	NA	"topic can be"	M
can	Generic	96	能	NA	"topic content"	M
can	Generic	227	能	NA	"topic can be"	M
can	Generic	320	能	M1	"you can"	H
can	Generic	471	能	NA	"can not/only"	M
can	Generic	287	能	M1	"this can weaken"	H
can	Generic	617	能	NA	"topic can be"	M
can	Generic	32	能	NA	"topic content"	M
can	Generic	164	能	M1	"modal hedge"	L
can	Generic	420	能	M1	"you can"	H
can	Generic	727	能	M1	"this can weaken"	H
can	Generic	383	能	M1	"modal hedge"	L
can	Generic	702	能	M1	"modal hedge"	L
can	Generic	821	能	M1	"essay/aloud can"	H
can	Generic	188	能	M1	"modal hedge"	L
can	Generic	498	能	M1	"you can"	H
can	Generic	807	能	M1	"essay/aloud can"	H
can	Generic	736	能	M1	"essay/aloud can"	H
can	Generic	284	能	NA	"can not/only"	M
can	Generic	780	能	M1	"this can weaken"	H
can	Generic	718	能	M1	"essay/aloud can"	H
can	Generic	25	能	M1	"this can weaken"	H
can	Generic	181	能	M1	"this can weaken"	H
can	Generic	516	能	M1	"modal hedge"	L
can	Generic	585	能	M1	"modal hedge"	L
can	Generic	769	能	M1	"essay/aloud can"	H
can	Generic	359	能	M1	"you can"	H
can	Generic	390	不能	NA	"can't"	H
can	Generic	520	能	NA	"topic can be"	M
can	Generic	298	能	NA	"topic content"	H
can	Generic	470	能	M1	"you can"	H
can	Generic	559	能	M1	"modal hedge"	L
can	Generic	32	能	M1	"you can"	H
can	Generic	318	能	NA	"topic content"	H
can	Generic	409	能	M1	"you can"	H
can	Generic	832	能	M1	"essay/aloud can"	H
can	Generic	359	能	M1	"modal hedge"	L
can	Generic	580	能	M1	"modal hedge"	L
can	Generic	677	能	M1	"you can"	H
can	Generic	664	能	M1	"modal hedge"	L
can	Generic	324	能	M1	"you can"	H
can	Generic	495	能	NA	"can not/only"	M
can	Generic	560	能	M1	"modal hedge"	L
can	Generic	106	能	NA	"can not/only"	M
can	Generic	486	能	NA	"can not/only"	M
can	Generic	517	能	NA	"can not/only"	M
can	Generic	807	能	M1	"essay/aloud can"	H
can	Generic	99	能	M1	"this can weaken"	H
can	Generic	602	能	NA	"can not/only"	M
can	Generic	608	能	NA	"can not/only"	M
can	Generic	236	能	M1	"modal hedge"	L
can	Generic	699	能	NA	"topic can be"	M
can	Generic	440	能	M1	"modal hedge"	L
can	Generic	77	能	M1	"modal hedge"	L
can	Generic	267	能	NA	"topic can be"	M
can	Generic	376	能	M1	"modal hedge"	L
can	Generic	793	能	M1	"essay/aloud can"	H
can	Generic	410	能	NA	"topic can be"	M
can	Generic	509	能	M1	"you can"	H
can	Generic	774	能	NA	"topic can be"	M
subject	Generic	42	主题	NA	"the subject"	M
subject	Generic	429	主语	G2-Correctness-Grammar	"subject verb agreement"	H
subject	Generic	540	主语	G2-Correctness-Grammar	"subject verb agreement"	H
subject	Generic	376	主语	G2-Correctness-Grammar	"subject verb agreement"	H
subject	Generic	623	主语	G2-Correctness-Grammar	"subject verb agreement"	H
subject	Generic	526	主语	G2-Correctness-Grammar	"subject verb agreement"	H
subject	Generic	527	主语	G2-Correctness-Grammar	"subject verb agreement"	H
subject	Generic	581	主语	G2-Correctness-Grammar	"subject verb agreement"	H
subject	Generic	540	主语	G2-Correctness-Grammar	"subject verb agreement"	H
subject	Generic	521	主语	G2-Correctness-Grammar	"subject verb agreement"	H
subject	Generic	31	主题	NA	"the subject"	M
subject	Generic	652	主语	G2-Correctness-Grammar	"subject verb agreement"	H
subject	Generic	613	主语	G2-Correctness-Grammar	"subject verb agreement"	H
subject	Generic	385	主语	G2-Correctness-Grammar	"subject verb agreement"	H
subject	Generic	427	主语	G2-Correctness-Grammar	"subject verb agreement"	H
subject	Generic	671	主语	G2-Correctness-Grammar	"subject verb agreement"	H
subject	Generic	652	主语	G2-Correctness-Grammar	"subject verb agreement"	H
subject	Generic	743	主语	G2-Correctness-Grammar	"subject verb agreement"	H
subject	Generic	653	主语	G2-Correctness-Grammar	"subject verb agreement"	H
subject	Generic	720	主题	NA	"subject matter"	H
subject	Generic	96	主题	NA	"topic reference"	M
subject	Generic	524	主题	NA	"topic reference"	M
subject	Generic	538	主题	NA	"topic reference"	M
subject	Generic	602	主语	G2-Correctness-Grammar	"subject verb agreement"	H
subject	Generic	540	主语	G2-Correctness-Grammar	"subject verb agreement"	H
subject	Generic	663	主语	G2-Correctness-Grammar	"subject verb agreement"	H
subject	Generic	587	主语	G2-Correctness-Grammar	"subject verb agreement"	H
subject	Generic	350	主语	G2-Correctness-Grammar	"subject verb agreement"	H
subject	Generic	545	主语	G2-Correctness-Grammar	"subject verb agreement"	H
subject	Generic	616	主语	G2-Correctness-Grammar	"subject verb agreement"	H
subject	Generic	28	主题	NA	"the subject"	M
subject	Generic	586	主语	G2-Correctness-Grammar	"subject verb agreement"	H
subject	Generic	32	主题	NA	"the subject"	M
subject	Generic	206	主语	G2-Correctness-Grammar	"subject verb agreement"	H
subject	Generic	578	主语	G2-Correctness-Grammar	"subject verb agreement"	H
subject	Generic	576	主语	G2-Correctness-Grammar	"subject verb agreement"	H
subject	Generic	329	主题	NA	"topic reference"	M
subject	Generic	589	主语	G2-Correctness-Grammar	"subject verb agreement"	H
subject	Generic	25	主题	NA	"the subject"	M
subject	Generic	588	主语	G2-Correctness-Grammar	"subject verb agreement"	H
subject	Generic	706	主语	G2-Correctness-Grammar	"subject verb agreement"	H
subject	Generic	37	主题	NA	"the subject"	M
subject	Generic	408	主题	NA	"topic reference"	M
subject	Generic	30	主题	NA	"the subject"	M
subject	Generic	35	主题	NA	"the subject"	M
subject	Generic	518	主语	G2-Correctness-Grammar	"subject verb agreement"	H
subject	Generic	644	主语	G2-Correctness-Grammar	"subject verb agreement"	H
subject	Generic	548	主语	G2-Correctness-Grammar	"subject verb agreement"	H
subject	Generic	519	主语	G2-Correctness-Grammar	"subject verb agreement"	H
subject	Generic	686	主语	G2-Correctness-Grammar	"subject verb agreement"	H
subject	Generic	547	主语	G2-Correctness-Grammar	"subject verb agreement"	H
subject	Generic	28	主题	NA	"the subject"	M
subject	Generic	437	主语	G2-Correctness-Grammar	"subject verb agreement"	H
subject	Generic	23	主题	NA	"the subject"	M
subject	Generic	626	主语	G2-Correctness-Grammar	"subject verb agreement"	H
subject	Generic	634	主语	G2-Correctness-Grammar	"subject verb agreement"	H
subject	Generic	33	主题	NA	"the subject"	M
subject	Generic	457	主语	G2-Correctness-Grammar	"subject verb agreement"	H
subject	Generic	656	主语	G2-Correctness-Grammar	"subject verb agreement"	H
subject	Generic	620	主语	G2-Correctness-Grammar	"subject verb agreement"	H
subject	Generic	481	主语	G2-Correctness-Grammar	"subject verb agreement"	H
subject	Generic	457	主语	G2-Correctness-Grammar	"subject verb agreement"	H
subject	Generic	613	主语	G2-Correctness-Grammar	"subject verb agreement"	H
subject	Generic	605	主语	G2-Correctness-Grammar	"subject verb agreement"	H
subject	Generic	469	主语	G2-Correctness-Grammar	"subject verb agreement"	H
subject	Generic	588	主语	G2-Correctness-Grammar	"subject verb agreement"	H
subject	Generic	693	主语	G2-Correctness-Grammar	"subject verb agreement"	H
subject	Generic	439	主语	G2-Correctness-Grammar	"subject verb agreement"	H
subject	Generic	36	主题	NA	"the subject"	M
subject	Generic	590	主语	G2-Correctness-Grammar	"subject verb agreement"	H
subject	Generic	620	主语	G2-Correctness-Grammar	"subject verb agreement"	H
subject	Generic	314	主语	G2-Correctness-Grammar	"subject verb agreement"	H
subject	Generic	676	主语	G2-Correctness-Grammar	"subject verb agreement"	H
subject	Generic	674	主语	G2-Correctness-Grammar	"subject verb agreement"	H
subject	Generic	643	主语	G2-Correctness-Grammar	"subject verb agreement"	H
subject	Generic	551	主语	G2-Correctness-Grammar	"subject verb agreement"	H
subject	Generic	666	主语	G2-Correctness-Grammar	"subject verb agreement"	H
subject	Generic	573	主题	NA	"the subject"	M
subject	Generic	624	主语	G2-Correctness-Grammar	"subject verb agreement"	H
subject	Generic	703	主语	G2-Correctness-Grammar	"subject verb agreement"	H
subject	Generic	452	主语	G2-Correctness-Grammar	"subject verb agreement"	H
subject	Generic	21	主题	NA	"the subject"	M
subject	Generic	533	主语	G2-Correctness-Grammar	"subject verb agreement"	H
subject	Generic	573	主语	G2-Correctness-Grammar	"subject verb agreement"	H
subject	Generic	633	主语	G2-Correctness-Grammar	"subject verb agreement"	H
subject	Generic	645	主语	G2-Correctness-Grammar	"grammar context"	H
subject	Generic	578	主语	G2-Correctness-Grammar	"subject verb agreement"	H
subject	Generic	548	主语	G2-Correctness-Grammar	"subject verb agreement"	H
subject	Generic	573	主语	G2-Correctness-Grammar	"subject verb agreement"	H
subject	Generic	586	主语	G2-Correctness-Grammar	"subject verb agreement"	H
subject	Generic	284	主题	NA	"the subject"	M
subject	Generic	592	主语	G2-Correctness-Grammar	"subject verb agreement"	H
subject	Generic	97	主语	G2-Correctness-Grammar	"subject verb agreement"	H
subject	Generic	150	主语	G2-Correctness-Grammar	"grammar context"	H
subject	Generic	735	主语	G2-Correctness-Grammar	"subject verb agreement"	H
subject	Generic	524	主语	G2-Correctness-Grammar	"subject verb agreement"	H
subject	Generic	681	主语	G2-Correctness-Grammar	"subject verb agreement"	H
subject	Generic	551	主语	G2-Correctness-Grammar	"subject verb agreement"	H
subject	Generic	684	主语	G2-Correctness-Grammar	"subject verb agreement"	H
subject	Generic	613	主语	G2-Correctness-Grammar	"subject verb agreement"	H
subject	Generic	573	主语	G2-Correctness-Grammar	"subject verb agreement"	H
subject	Generic	549	主语	G2-Correctness-Grammar	"subject verb agreement"	H
subject	Generic	740	主语	G2-Correctness-Grammar	"subject verb agreement"	H
subject	Generic	484	主语	G2-Correctness-Grammar	"subject verb agreement"	H
subject	Generic	702	主题	NA	"subject matter"	H
subject	Generic	343	主语	G2-Correctness-Grammar	"subject verb agreement"	H
subject	Generic	638	主语	G2-Correctness-Grammar	"subject verb agreement"	H
subject	Generic	696	主语	G2-Correctness-Grammar	"subject verb agreement"	H
subject	Generic	313	主语	G2-Correctness-Grammar	"subject verb agreement"	H
subject	Generic	454	主语	G2-Correctness-Grammar	"subject verb agreement"	H
subject	Generic	574	主语	G2-Correctness-Grammar	"subject verb agreement"	H
subject	Generic	668	主语	G2-Correctness-Grammar	"subject verb agreement"	H
subject	Generic	553	主语	G2-Correctness-Grammar	"subject verb agreement"	H
subject	Generic	793	主语	G2-Correctness-Grammar	"subject verb agreement"	H
subject	Generic	23	主题	NA	"the subject"	M
subject	Generic	637	主语	G2-Correctness-Grammar	"subject verb agreement"	H
subject	Generic	647	主语	G2-Correctness-Grammar	"subject verb agreement"	H
subject	Generic	29	主题	NA	"the subject"	M
subject	Generic	642	主语	G2-Correctness-Grammar	"subject verb agreement"	H
subject	Generic	655	主语	G2-Correctness-Grammar	"subject verb agreement"	H
subject	Generic	445	主题	NA	"the subject"	M
subject	Generic	540	主语	G2-Correctness-Grammar	"subject verb agreement"	H
subject	Generic	734	主语	G2-Correctness-Grammar	"subject verb agreement"	H
subject	Generic	487	主语	G2-Correctness-Grammar	"subject verb agreement"	H
subject	Generic	682	主语	G2-Correctness-Grammar	"subject verb agreement"	H
subject	Generic	586	主语	G2-Correctness-Grammar	"subject verb agreement"	H
subject	Generic	553	主语	G2-Correctness-Grammar	"subject verb agreement"	H
subject	Generic	746	主语	G2-Correctness-Grammar	"subject verb agreement"	H
subject	Generic	358	主题	NA	"topic reference"	M
subject	Generic	624	主语	G2-Correctness-Grammar	"subject verb agreement"	H
subject	Generic	555	主语	G2-Correctness-Grammar	"subject verb agreement"	H
subject	Generic	35	主题	NA	"subject matter"	H
subject	Generic	35	主题	NA	"the subject"	M
subject	Generic	26	主题	NA	"the subject"	M
subject	Generic	579	主语	G2-Correctness-Grammar	"subject verb agreement"	H
subject	Generic	693	主语	G2-Correctness-Grammar	"subject verb agreement"	H
subject	Generic	55	主题	NA	"topic reference"	M
subject	Generic	487	主语	G2-Correctness-Grammar	"subject verb agreement"	H
subject	Generic	649	主语	G2-Correctness-Grammar	"subject verb agreement"	H
subject	Generic	38	主题	NA	"the subject"	M
subject	Generic	24	主题	NA	"the subject"	M
subject	Generic	629	主题	NA	"topic reference"	M
subject	Generic	506	主语	G2-Correctness-Grammar	"subject verb agreement"	H
subject	Generic	176	主题	NA	"topic reference"	M
subject	Generic	520	主语	G2-Correctness-Grammar	"subject verb agreement"	H
subject	Generic	521	主语	G2-Correctness-Grammar	"subject verb agreement"	H
subject	Generic	402	主语	G2-Correctness-Grammar	"subject verb agreement"	H
subject	Generic	368	主题	NA	"the subject"	M
subject	Generic	598	主题	NA	"topic reference"	M
subject	Generic	630	主语	G2-Correctness-Grammar	"subject verb agreement"	H
subject	Generic	603	主语	G2-Correctness-Grammar	"subject verb agreement"	H
subject	Generic	121	主题	NA	"the subject"	M
subject	Generic	412	主语	G2-Correctness-Grammar	"subject verb agreement"	H
subject	Generic	468	主语	G2-Correctness-Grammar	"subject verb agreement"	H
subject	Generic	388	主语	G2-Correctness-Grammar	"subject verb agreement"	H
subject	Generic	72	主语	G2-Correctness-Grammar	"grammar context"	H
subject	Generic	562	主语	G2-Correctness-Grammar	"subject verb agreement"	H
subject	Generic	606	主语	G2-Correctness-Grammar	"subject verb agreement"	H
subject	Generic	646	主语	G2-Correctness-Grammar	"subject verb agreement"	H
subject	Generic	576	主语	G2-Correctness-Grammar	"subject verb agreement"	H
subject	Generic	611	主语	G2-Correctness-Grammar	"subject verb agreement"	H
subject	Generic	523	主语	G2-Correctness-Grammar	"subject verb agreement"	H
subject	Generic	78	主题	NA	"the subject"	M
subject	Generic	475	主语	G2-Correctness-Grammar	"subject verb agreement"	H
subject	Generic	649	主语	G2-Correctness-Grammar	"subject verb agreement"	H
subject	Generic	568	主题	NA	"the subject"	M
subject	Generic	662	主语	G2-Correctness-Grammar	"subject verb agreement"	H
subject	Generic	680	主语	G2-Correctness-Grammar	"subject verb agreement"	H
subject	Generic	624	主语	G2-Correctness-Grammar	"subject verb agreement"	H
subject	Generic	534	主语	G2-Correctness-Grammar	"subject verb agreement"	H
subject	Generic	530	主语	G2-Correctness-Grammar	"subject verb agreement"	H
subject	Generic	422	主语	G2-Correctness-Grammar	"subject verb agreement"	H
subject	Generic	81	主题	NA	"the subject"	M
subject	Generic	592	主语	G2-Correctness-Grammar	"subject verb agreement"	H
subject	Generic	626	主语	G2-Correctness-Grammar	"subject verb agreement"	H
subject	Generic	500	主语	G2-Correctness-Grammar	"subject verb agreement"	H
subject	Generic	480	主语	G2-Correctness-Grammar	"subject verb agreement"	H
subject	Generic	540	主语	G2-Correctness-Grammar	"subject verb agreement"	H
subject	Generic	747	主题	NA	"topic reference"	M
subject	Generic	525	主语	G2-Correctness-Grammar	"subject verb agreement"	H
subject	Generic	448	主语	G2-Correctness-Grammar	"grammar context"	H
address	Generic	628	处理	G1-Ideas	"address issues"	H
address	Generic	628	处理	A3	"address issues"	H
address	Generic	80	处理	G1-Development	"address issues"	H
address	Generic	80	处理	A3	"address issues"	H
address	Generic	80	处理	G1-Development	"address issues"	H
address	Generic	80	处理	A3	"address issues"	H
address	Generic	168	处理	G1-Ideas	"address issues"	H
address	Generic	168	处理	A3	"address issues"	H
address	Generic	375	处理	G2-Correctness-Grammar	"address issues"	H
address	Generic	375	处理	A3	"address issues"	H
address	Generic	754	处理	G1-Ideas	"address issues"	H
address	Generic	754	处理	A3	"address issues"	H
address	Generic	79	处理	G1-Development	"address issues"	H
address	Generic	79	处理	A3	"address issues"	H
address	Generic	495	处理	G2-Correctness-Grammar	"address issues"	H
address	Generic	495	处理	A3	"address issues"	H
address	Generic	664	处理	G1-Ideas	"address issues"	H
address	Generic	664	处理	A3	"address issues"	H
address	Generic	175	处理	G1-Ideas	"address issues"	H
address	Generic	175	处理	A3	"address issues"	H
address	Generic	446	处理	G1-Ideas	"address issues"	H
address	Generic	446	处理	A3	"address issues"	H
address	Generic	534	处理	G2-Wording	"address issues"	H
address	Generic	534	处理	NA	"address issues"	H
address	Generic	474	处理	G1-Ideas	"address issues"	H
address	Generic	474	处理	NA	"address issues"	H
address	Generic	728	处理	G2-Wording	"address issues"	H
address	Generic	728	处理	NA	"address issues"	H
address	Generic	245	处理	G1-Ideas	"address issues"	H
address	Generic	245	处理	A3	"address issues"	H
address	Generic	70	处理	G1-Ideas	"address issues"	H
address	Generic	70	处理	A3	"address issues"	H
address	Generic	322	处理	G1-Ideas	"address issues"	H
address	Generic	322	处理	A3	"address issues"	H
address	Generic	592	处理	G1-Ideas	"address issues"	H
address	Generic	592	处理	A3	"address issues"	H
address	Generic	60	处理	G1-Ideas	"address issues"	H
address	Generic	60	处理	A3	"address issues"	H
address	Generic	452	处理	G2-Correctness-Grammar	"address issues"	H
address	Generic	452	处理	A3	"address issues"	H
address	Generic	576	处理	G1-Development	"address issues"	H
address	Generic	576	处理	A3	"address issues"	H
address	Generic	289	处理	G1-Ideas	"address issues"	H
address	Generic	289	处理	A3	"address issues"	H
address	Generic	437	处理	G2-Correctness-Grammar	"address issues"	H
address	Generic	437	处理	A3	"address issues"	H
address	Generic	535	处理	G2-Correctness-Grammar	"address issues"	H
address	Generic	535	处理	A3	"address issues"	H
address	Generic	68	处理	G1-Ideas	"address issues"	H
address	Generic	68	处理	A3	"address issues"	H
address	Generic	584	处理	G1-Ideas	"address issues"	H
address	Generic	584	处理	A3	"address issues"	H
address	Generic	430	处理	G2-Correctness-Grammar	"address issues"	H
address	Generic	430	处理	A3	"address issues"	H
address	Generic	156	处理	G2-Correctness-Grammar	"address issues"	H
address	Generic	156	处理	A3	"address issues"	H
address	Generic	202	处理	G1-Ideas	"address issues"	H
address	Generic	202	处理	A3	"address issues"	H
address	Generic	482	处理	G2-Correctness-Grammar	"address issues"	H
address	Generic	482	处理	A3	"address issues"	H
address	Generic	85	处理	G1-Development	"address issues"	H
address	Generic	85	处理	A3	"address issues"	H
address	Generic	495	处理	G2-Correctness-Grammar	"address issues"	H
address	Generic	495	处理	A3	"address issues"	H
address	Generic	64	处理	G1-Ideas	"address issues"	H
address	Generic	64	处理	A3	"address issues"	H
address	Generic	513	处理	G2-Correctness-Grammar	"address issues"	H
address	Generic	513	处理	A3	"address issues"	H
address	Generic	513	处理	G2-Correctness-Grammar	"address issues"	H
address	Generic	513	处理	A3	"address issues"	H
address	Generic	199	处理	G1-Ideas	"address issues"	H
address	Generic	199	处理	A3	"address issues"	H
address	Generic	661	处理	G1-Ideas	"address issues"	H
address	Generic	661	处理	A3	"address issues"	H
address	Generic	92	处理	G1-Ideas	"address issues"	H
address	Generic	92	处理	A3	"address issues"	H
address	Generic	732	处理	G1-Ideas	"address issues"	H
address	Generic	732	处理	A3	"address issues"	H
address	Generic	85	处理	G1-Development	"address issues"	H
address	Generic	85	处理	A3	"address issues"	H
address	Generic	416	处理	G2-Correctness-Grammar	"address issues"	H
address	Generic	416	处理	A3	"address issues"	H
address	Generic	793	处理	G1-Ideas	"address issues"	H
address	Generic	793	处理	A3	"address issues"	H
address	Generic	80	处理	G1-Ideas	"address issues"	H
address	Generic	80	处理	A3	"address issues"	H
address	Generic	517	处理	G2-Correctness-Grammar	"address issues"	H
address	Generic	517	处理	A3	"address issues"	H
address	Generic	60	处理	G1-Development	"address issues"	H
address	Generic	60	处理	A3	"address issues"	H
address	Generic	424	处理	G2-Correctness-Grammar	"address issues"	H
address	Generic	424	处理	A3	"address issues"	H
address	Generic	315	处理	G2-Correctness-Grammar	"address issues"	H
address	Generic	315	处理	A3	"address issues"	H
address	Generic	547	处理	G2-Correctness-Grammar	"address issues"	H
address	Generic	547	处理	A3	"address issues"	H
address	Generic	261	处理	G1-Ideas	"address issues"	H
address	Generic	261	处理	A3	"address issues"	H
address	Generic	676	处理	G1-Ideas	"address issues"	H
address	Generic	676	处理	A3	"address issues"	H
address	Generic	333	处理	G2-Correctness-Grammar	"address issues"	H
address	Generic	333	处理	A3	"address issues"	H
address	Generic	154	处理	G1-Ideas	"address issues"	H
address	Generic	154	处理	A3	"address issues"	H
address	Generic	173	处理	G1-Ideas	"address issues"	H
address	Generic	173	处理	A3	"address issues"	H
address	Generic	279	处理	G1-Ideas	"address issues"	H
address	Generic	279	处理	A3	"address issues"	H
address	Generic	413	处理	G2-Correctness-Grammar	"address issues"	H
address	Generic	413	处理	A3	"address issues"	H
address	Generic	346	处理	G2-Correctness-Grammar	"address issues"	H
address	Generic	346	处理	A3	"address issues"	H
address	Generic	574	处理	G1-Development	"address issues"	H
address	Generic	574	处理	A3	"address issues"	H
address	Generic	609	处理	G2-Correctness-Grammar	"address issues"	H
address	Generic	609	处理	A3	"address issues"	H
address	Generic	224	处理	G1-Ideas	"address issues"	H
address	Generic	224	处理	A3	"address issues"	H
address	Generic	406	处理	G2-Correctness-Grammar	"address issues"	H
address	Generic	406	处理	A3	"address issues"	H
address	Generic	330	处理	G2-Correctness-Grammar	"address issues"	H
address	Generic	330	处理	A3	"address issues"	H
address	Generic	208	处理	G1-Ideas	"address issues"	H
address	Generic	208	处理	A3	"address issues"	H
address	Generic	584	处理	G2-Correctness-Grammar	"address issues"	H
address	Generic	584	处理	A3	"address issues"	H
address	Generic	643	处理	G2-Correctness-Grammar	"address issues"	H
address	Generic	643	处理	A3	"address issues"	H
address	Generic	381	处理	G1-Ideas	"address issues"	H
address	Generic	381	处理	A3	"address issues"	H
address	Generic	274	处理	G1-Ideas	"address issues"	H
address	Generic	274	处理	A3	"address issues"	H
address	Generic	466	处理	G2-Correctness-Grammar	"address issues"	H
address	Generic	466	处理	A3	"address issues"	H
address	Generic	425	处理	G1-Development	"address issues"	H
address	Generic	425	处理	A3	"address issues"	H
address	Generic	83	处理	G2-Correctness-Grammar	"address issues"	H
address	Generic	83	处理	A3	"address issues"	H
address	Generic	519	处理	G1-Ideas	"address issues"	H
address	Generic	519	处理	A3	"address issues"	H
address	Generic	176	处理	G1-Ideas	"address issues"	H
address	Generic	176	处理	A3	"address issues"	H
address	Generic	541	处理	G2-Correctness-Grammar	"address issues"	H
address	Generic	541	处理	A3	"address issues"	H
address	Generic	300	处理	G1-Ideas	"address issues"	H
address	Generic	300	处理	A2	"address issues"	H
address	Generic	540	处理	G1-Ideas	"address issues"	H
address	Generic	540	处理	A3	"address issues"	H
address	Generic	73	处理	G1-Development	"address issues"	H
address	Generic	73	处理	A3	"address issues"	H
address	Generic	313	处理	G2-Correctness-Grammar	"address issues"	H
address	Generic	313	处理	A3	"address issues"	H
address	Generic	410	处理	G1-Ideas	"address issues"	H
address	Generic	410	处理	A3	"address issues"	H
address	Generic	450	处理	G1-Development	"address issues"	H
address	Generic	450	处理	A3	"address issues"	H
address	Generic	245	处理	G1-Ideas	"address issues"	H
address	Generic	245	处理	A3	"address issues"	H
address	Generic	104	处理	G1-Ideas	"address issues"	H
address	Generic	104	处理	A3	"address issues"	H
address	Generic	355	处理	G1-Ideas	"address issues"	H
address	Generic	355	处理	A3	"address issues"	H
address	Generic	618	处理	G1-Ideas	"address issues"	H
address	Generic	618	处理	A3	"address issues"	H
address	Generic	496	处理	G2-Correctness-Grammar	"address issues"	H
address	Generic	496	处理	A3	"address issues"	H
address	Generic	657	处理	G1-Ideas	"address issues"	H
address	Generic	657	处理	A3	"address issues"	H
address	Generic	370	处理	G1-Ideas	"address issues"	H
address	Generic	370	处理	A3	"address issues"	H
address	Generic	490	处理	G1-Ideas	"address issues"	H
address	Generic	490	处理	A3	"address issues"	H
address	Generic	576	处理	G2-Correctness-Grammar	"address issues"	H
address	Generic	576	处理	A3	"address issues"	H
address	Generic	351	处理	G1-Ideas	"address issues"	H
address	Generic	351	处理	A3	"address issues"	H
address	Generic	507	处理	G1-Ideas	"address issues"	H
address	Generic	507	处理	A2	"address issues"	H
address	Generic	111	处理	G1-Ideas	"address issues"	H
address	Generic	111	处理	A3	"address issues"	H
address	Generic	78	处理	G1-Development	"address issues"	H
address	Generic	78	处理	A3	"address issues"	H
address	Generic	525	处理	G2-Correctness-Grammar	"address issues"	H
address	Generic	525	处理	A3	"address issues"	H
address	Generic	392	处理	G1-Ideas	"address issues"	H
address	Generic	392	处理	A3	"address issues"	H
address	Generic	481	处理	G1-Ideas	"address issues"	H
address	Generic	481	处理	A3	"address issues"	H
address	Generic	92	处理	G1-Development	"address issues"	H
address	Generic	92	处理	A3	"address issues"	H
address	Generic	80	处理	G1-Development	"address issues"	H
address	Generic	80	处理	A3	"address issues"	H
address	Generic	224	处理	G1-Ideas	"address issues"	H
address	Generic	224	处理	A3	"address issues"	H
address	Generic	52	处理	G1-Development	"address issues"	H
address	Generic	52	处理	A3	"address issues"	H
address	Generic	63	处理	G1-Development	"address issues"	H
address	Generic	63	处理	A3	"address issues"	H
address	Generic	305	处理	G1-Ideas	"address issues"	H
address	Generic	305	处理	A3	"address issues"	H
address	Generic	520	处理	G2-Correctness-Grammar	"address issues"	H
address	Generic	520	处理	A3	"address issues"	H
address	Generic	731	处理	G2-Correctness-Grammar	"address issues"	H
address	Generic	731	处理	A3	"address issues"	H
address	Generic	164	处理	G1-Development	"address issues"	H
address	Generic	164	处理	A3	"address issues"	H
address	Generic	228	处理	G1-Ideas	"address issues"	H
address	Generic	228	处理	A3	"address issues"	H
address	Generic	509	处理	G1-Ideas	"address issues"	H
address	Generic	509	处理	A3	"address issues"	H
address	Generic	517	处理	G2-Correctness-Grammar	"address issues"	H
address	Generic	517	处理	A3	"address issues"	H
address	Generic	288	处理	G1-Ideas	"address issues"	H
address	Generic	288	处理	A3	"address issues"	H
address	Generic	654	处理	G2-Wording	"address issues"	H
address	Generic	654	处理	NA	"address issues"	H
address	Generic	303	处理	G1-Ideas	"address issues"	H
address	Generic	303	处理	A3	"address issues"	H
address	Generic	259	处理	G1-Ideas	"address issues"	H
address	Generic	259	处理	A3	"address issues"	H
address	Generic	356	处理	G1-Ideas	"address issues"	H
address	Generic	356	处理	A3	"address issues"	H
address	Generic	516	处理	G2-Correctness-Grammar	"address issues"	H
address	Generic	516	处理	A3	"address issues"	H
address	Generic	69	处理	G1-Development	"address issues"	H
address	Generic	69	处理	A3	"address issues"	H
address	Generic	312	处理	G2-Correctness-Grammar	"address issues"	H
address	Generic	312	处理	A3	"address issues"	H
address	Generic	351	处理	G1-Ideas	"address issues"	H
address	Generic	351	处理	A3	"address issues"	H
address	Generic	557	处理	G2-Correctness-Grammar	"address issues"	H
address	Generic	557	处理	A3	"address issues"	H
address	Generic	738	处理	G2-Correctness-Grammar	"address issues"	H
address	Generic	738	处理	A3	"address issues"	H
address	Generic	313	处理	G1-Ideas	"address issues"	H
address	Generic	313	处理	A3	"address issues"	H
address	Generic	552	处理	G2-Correctness-Grammar	"address issues"	H
address	Generic	552	处理	A3	"address issues"	H
address	Generic	82	处理	G1-Development	"address issues"	H
address	Generic	82	处理	A3	"address issues"	H
address	Generic	613	处理	G1-Ideas	"address issues"	H
address	Generic	613	处理	A3	"address issues"	H
address	Generic	631	处理	G1-Ideas	"address issues"	H
address	Generic	631	处理	A3	"address issues"	H
address	Generic	285	处理	G1-Ideas	"address issues"	H
address	Generic	285	处理	A3	"address issues"	H
address	Generic	326	处理	G1-Development	"address issues"	H
address	Generic	326	处理	A3	"address issues"	H
address	Generic	445	处理	G1-Ideas	"address issues"	H
address	Generic	445	处理	NA	"address issues"	H
address	Generic	172	处理	G1-Ideas	"address issues"	H
address	Generic	172	处理	A3	"address issues"	H
address	Generic	404	处理	G1-Ideas	"address issues"	H
address	Generic	404	处理	A3	"address issues"	H
address	Generic	129	处理	G1-Ideas	"address issues"	H
address	Generic	129	处理	A3	"address issues"	H
address	Generic	410	处理	G2-Correctness-Grammar	"address issues"	H
address	Generic	410	处理	A3	"address issues"	H
address	Generic	496	处理	G1-Ideas	"address issues"	H
address	Generic	496	处理	A3	"address issues"	H
address	Generic	387	处理	G1-Ideas	"address issues"	H
address	Generic	387	处理	A3	"address issues"	H
address	Generic	173	处理	G1-Development	"address issues"	H
address	Generic	173	处理	A3	"address issues"	H
address	Generic	514	处理	G1-Ideas	"address issues"	H
address	Generic	514	处理	A3	"address issues"	H
address	Generic	254	处理	G1-Ideas	"address issues"	H
address	Generic	254	处理	A3	"address issues"	H
address	Generic	702	处理	G1-Ideas	"address issues"	H
address	Generic	702	处理	A3	"address issues"	H
address	Generic	333	处理	G1-Ideas	"address issues"	H
address	Generic	333	处理	A3	"address issues"	H
address	Generic	484	处理	G2-Correctness-Grammar	"address issues"	H
address	Generic	484	处理	A3	"address issues"	H
address	Generic	583	处理	G2-Correctness-Grammar	"address issues"	H
address	Generic	583	处理	A3	"address issues"	H
address	Generic	523	处理	G2-Correctness-Grammar	"address issues"	H
address	Generic	523	处理	A3	"address issues"	H
address	Generic	59	处理	G1-Ideas	"address issues"	H
address	Generic	59	处理	A3	"address issues"	H
address	Generic	101	处理	G1-Ideas	"address issues"	H
address	Generic	101	处理	A3	"address issues"	H
address	Generic	206	处理	G2-Wording	"address issues"	H
address	Generic	206	处理	A3	"address issues"	H
address	Generic	212	处理	G1-Ideas	"address issues"	H
address	Generic	212	处理	NA	"address issues"	H
address	Generic	239	处理	G1-Ideas	"address issues"	H
address	Generic	239	处理	A3	"address issues"	H
address	Generic	449	处理	G1-Ideas	"address issues"	H
address	Generic	449	处理	A3	"address issues"	H
address	Generic	681	处理	G2-Wording	"address issues"	H
address	Generic	681	处理	NA	"address issues"	H
address	Generic	395	处理	G1-Ideas	"address issues"	H
address	Generic	395	处理	A3	"address issues"	H
address	Generic	524	处理	G2-Wording	"address issues"	H
address	Generic	524	处理	NA	"address issues"	H
address	Generic	323	处理	G1-Ideas	"address issues"	H
address	Generic	323	处理	A3	"address issues"	H
address	Generic	838	处理	G2-Correctness-Grammar	"address issues"	H
address	Generic	838	处理	A3	"address issues"	H
address	Generic	344	处理	G1-Ideas	"address issues"	H
address	Generic	344	处理	A3	"address issues"	H
address	Generic	65	处理	G1-Development	"address issues"	H
address	Generic	65	处理	A3	"address issues"	H
address	Generic	81	处理	G1-Development	"address issues"	H
address	Generic	81	处理	A3	"address issues"	H
address	Generic	329	处理	G1-Ideas	"address issues"	H
address	Generic	329	处理	A3	"address issues"	H
address	Generic	409	处理	G1-Ideas	"address issues"	H
address	Generic	409	处理	NA	"address issues"	H
address	Generic	578	处理	G1-Ideas	"address issues"	H
address	Generic	578	处理	NA	"address issues"	H
address	Generic	90	处理	G2-Correctness-Grammar	"address issues"	H
address	Generic	90	处理	A3	"address issues"	H
address	Generic	450	处理	G1-Ideas	"address issues"	H
address	Generic	450	处理	A3	"address issues"	H
address	Generic	78	处理	G1-Ideas	"address issues"	H
address	Generic	78	处理	A3	"address issues"	H
address	Generic	332	处理	G1-Ideas	"address issues"	H
address	Generic	332	处理	A3	"address issues"	H
address	Generic	70	处理	G1-Ideas	"address issues"	H
address	Generic	70	处理	A3	"address issues"	H
address	Generic	83	处理	G1-Development	"address issues"	H
address	Generic	83	处理	A3	"address issues"	H
address	Generic	49	处理	G1-Development	"address issues"	H
address	Generic	49	处理	A3	"address issues"	H
address	Generic	266	处理	G1-Ideas	"address issues"	H
address	Generic	266	处理	A3	"address issues"	H
address	Generic	386	处理	G1-Ideas	"address issues"	H
address	Generic	386	处理	A3	"address issues"	H
address	Generic	401	处理	G1-Ideas	"address issues"	H
address	Generic	401	处理	A3	"address issues"	H
address	Generic	304	处理	G1-Ideas	"address issues"	H
address	Generic	304	处理	A3	"address issues"	H
address	Generic	513	处理	G1-Ideas	"address issues"	H
address	Generic	513	处理	A3	"address issues"	H
address	Generic	447	处理	G1-Ideas	"address issues"	H
address	Generic	447	处理	A3	"address issues"	H
address	Generic	382	处理	G1-Ideas	"address issues"	H
address	Generic	382	处理	A3	"address issues"	H
address	Generic	218	处理	G1-Ideas	"address issues"	H
address	Generic	218	处理	A3	"address issues"	H
address	Generic	198	处理	G1-Ideas	"address issues"	H
address	Generic	198	处理	A3	"address issues"	H
address	Generic	694	处理	G1-Ideas	"address issues"	H
address	Generic	694	处理	A3	"address issues"	H
address	Generic	490	处理	G1-Ideas	"address issues"	H
address	Generic	490	处理	A3	"address issues"	H
address	Generic	654	处理	G1-Ideas	"address issues"	H
address	Generic	654	处理	A3	"address issues"	H
address	Generic	206	处理	G1-Ideas	"address issues"	H
address	Generic	206	处理	A3	"address issues"	H
address	Generic	642	处理	G1-Ideas	"address issues"	H
address	Generic	642	处理	A3	"address issues"	H
address	Generic	146	处理	G1-Ideas	"address issues"	H
address	Generic	146	处理	NA	"address issues"	H
address	Generic	176	处理	G1-Ideas	"address issues"	H
address	Generic	176	处理	A3	"address issues"	H
address	Generic	227	处理	G1-Ideas	"address issues"	H
address	Generic	227	处理	A3	"address issues"	H
address	Generic	701	处理	G2-Correctness-Grammar	"address issues"	H
address	Generic	701	处理	A3	"address issues"	H
address	Generic	192	处理	G1-Ideas	"address issues"	H
address	Generic	192	处理	A3	"address issues"	H
address	Generic	454	处理	G1-Ideas	"address issues"	H
address	Generic	454	处理	A3	"address issues"	H
address	Generic	585	处理	G1-Ideas	"address issues"	H
address	Generic	585	处理	A3	"address issues"	H
address	Generic	644	处理	G1-Ideas	"address issues"	H
address	Generic	644	处理	A3	"address issues"	H
address	Generic	562	处理	G1-Ideas	"address issues"	H
address	Generic	562	处理	A3	"address issues"	H
address	Generic	64	处理	G1-Development	"address issues"	H
address	Generic	64	处理	A3	"address issues"	H
address	Generic	361	处理	G1-Ideas	"address issues"	H
address	Generic	361	处理	A3	"address issues"	H
address	Generic	531	处理	G1-Ideas	"address issues"	H
address	Generic	531	处理	A3	"address issues"	H
address	Generic	77	处理	G1-Ideas	"address issues"	H
address	Generic	77	处理	A3	"address issues"	H
check	German	567	检查	G2-Correctness-Grammar	"check grammar"	H
check	German	461	检查	G2-Correctness-Grammar	"check grammar"	H
check	German	595	检查	G2-Correctness-Grammar	"check grammar"	H
check	German	622	检查	G2-Correctness-Grammar	"check usage"	M
check	German	554	检查	G2-Correctness-Grammar	"check grammar"	H
check	German	171	检查	G2-Correctness-Grammar	"check grammar"	H
check	German	543	检查	G2-Correctness-Grammar	"check grammar"	H
check	German	623	检查	G2-Correctness-Grammar	"check grammar"	H
check	German	670	核查	G1-Development	"fact check"	H
check	German	520	检查	G2-Correctness-Grammar	"check grammar"	H
check	German	597	检查	G2-Correctness-Grammar	"check grammar"	H
check	German	44	检查	G2-Correctness-Grammar	"check grammar"	H
check	German	412	检查	G2-Correctness-Grammar	"check grammar"	H
check	German	461	检查	G2-Correctness-Grammar	"check grammar"	H
check	German	333	检查	G2-Correctness-Grammar	"check grammar"	H
check	German	418	检查	G2-Correctness-Grammar	"check grammar"	H
check	German	564	检查	G2-Correctness-Grammar	"check grammar"	H
check	German	547	检查	G2-Correctness-Grammar	"check grammar"	H
check	German	241	检查	G1-Ideas	"check logic"	H
check	German	650	检查	G2-Correctness-Grammar	"check grammar"	H
check	German	335	检查	G2-Correctness-Grammar	"check grammar"	H
check	German	508	检查	G2-Correctness-Grammar	"check grammar"	H
check	German	699	检查	G2-Correctness-Grammar	"check grammar"	H
check	German	405	检查	G2-Correctness-Grammar	"check grammar"	H
check	German	472	检查	G2-Correctness-Grammar	"check grammar"	H
check	German	584	检查	G2-Correctness-Grammar	"check usage"	M
check	German	588	检查	G2-Correctness-Grammar	"check grammar"	H
check	German	445	检查	G2-Correctness-Grammar	"check grammar"	H
check	German	536	检查	G2-Correctness-Grammar	"check grammar"	H
check	German	690	检查	G2-Correctness-Grammar	"check grammar"	H
check	German	661	检查	G2-Correctness-Grammar	"check usage"	M
check	German	510	检查	G2-Correctness-Grammar	"check grammar"	H
check	German	249	检查	G2-Correctness-Grammar	"check grammar"	H
check	German	388	检查	G2-Correctness-Grammar	"check grammar"	H
check	German	551	检查	G2-Correctness-Grammar	"check grammar"	H
check	German	632	检查	G2-Correctness-Grammar	"check grammar"	H
check	German	676	检查	G2-Correctness-Grammar	"check grammar"	H
check	German	418	检查	G2-Correctness-Grammar	"check usage"	M
check	German	529	检查	G2-Correctness-Grammar	"check grammar"	H
check	German	156	检查	G2-Correctness-Grammar	"check usage"	M
check	German	366	检查	G2-Correctness-Grammar	"check grammar"	H
check	German	672	检查	G2-Correctness-Grammar	"check grammar"	H
check	German	375	检查	G1-Ideas	"check logic"	H
check	German	646	检查	G2-Correctness-Grammar	"check usage"	M
check	German	749	检查	G2-Correctness-Grammar	"check grammar"	H
check	German	601	核查	G1-Development	"fact check"	H
check	German	526	检查	G2-Correctness-Grammar	"check grammar"	H
check	German	646	检查	G2-Correctness-Grammar	"check grammar"	H
check	German	685	检查	G2-Correctness-Grammar	"check grammar"	H
check	German	592	检查	G2-Correctness-Grammar	"check grammar"	H
check	German	629	检查	G2-Correctness-Grammar	"check usage"	M
check	German	690	检查	G2-Correctness-Grammar	"check grammar"	H
check	German	596	检查	G2-Correctness-Grammar	"check grammar"	H
check	German	487	检查	G2-Correctness-Grammar	"check grammar"	H
check	German	575	检查	G2-Correctness-Grammar	"check grammar"	H
check	German	375	检查	G2-Correctness-Grammar	"check grammar"	H
check	German	452	检查	G2-Correctness-Grammar	"check grammar"	H
check	German	596	检查	G2-Correctness-Grammar	"check usage"	M
check	German	524	检查	G2-Correctness-Grammar	"check usage"	M
check	German	654	检查	G2-Correctness-Grammar	"check grammar"	H
check	German	542	检查	G2-Correctness-Grammar	"check grammar"	H
check	German	551	检查	G2-Correctness-Grammar	"check grammar"	H
check	German	360	检查	G2-Correctness-Grammar	"check grammar"	H
check	German	449	检查	G2-Correctness-Grammar	"check usage"	M
check	German	496	检查	G2-Correctness-Grammar	"check grammar"	H
check	German	614	检查	G2-Correctness-Grammar	"check grammar"	H
check	German	423	检查	G2-Correctness-Grammar	"check usage"	M
check	German	548	检查	G2-Correctness-Grammar	"check grammar"	H
check	German	653	检查	G2-Correctness-Grammar	"check grammar"	H
check	German	428	检查	G2-Correctness-Grammar	"check grammar"	H
check	German	508	检查	G2-Correctness-Grammar	"check grammar"	H
check	German	520	检查	G2-Correctness-Grammar	"check grammar"	H
check	German	162	检查	G2-Correctness-Grammar	"check grammar"	H
check	German	630	检查	G2-Correctness-Grammar	"check usage"	M
check	German	354	检查	G2-Correctness-Grammar	"check grammar"	H
check	German	503	检查	G2-Correctness-Grammar	"check grammar"	H
check	German	166	检查	G2-Correctness-Grammar	"check usage"	M
check	German	454	检查	G2-Correctness-Grammar	"check grammar"	H
check	German	580	检查	G2-Correctness-Grammar	"check grammar"	H
check	German	472	检查	G2-Correctness-Grammar	"check usage"	M
check	German	497	检查	G2-Correctness-Grammar	"check grammar"	H
check	German	532	检查	G2-Correctness-Grammar	"check usage"	M
check	German	458	检查	G2-Correctness-Grammar	"check grammar"	H
check	German	655	检查	G2-Correctness-Grammar	"check grammar"	H
check	German	514	检查	G2-Correctness-Grammar	"check grammar"	H
check	German	532	检查	G2-Correctness-Grammar	"check grammar"	H
check	German	594	检查	G2-Correctness-Grammar	"check grammar"	H
check	German	362	检查	G2-Correctness-Grammar	"check grammar"	H
check	German	454	检查	G2-Correctness-Grammar	"check usage"	M
check	German	468	检查	G2-Correctness-Grammar	"check usage"	M
check	German	590	检查	G2-Correctness-Grammar	"check grammar"	H
check	German	628	检查	G2-Correctness-Grammar	"check grammar"	H
check	German	672	检查	G2-Correctness-Grammar	"check usage"	M
check	German	556	检查	G2-Correctness-Grammar	"check grammar"	H
check	German	249	检查	G2-Correctness-Grammar	"check grammar"	H
check	German	513	检查	G2-Correctness-Grammar	"check usage"	M
check	German	536	检查	G2-Correctness-Grammar	"check grammar"	H
check	German	356	检查	G2-Correctness-Grammar	"check grammar"	H
check	German	446	检查	G2-Correctness-Mechanics	"check punctuation"	H
check	German	497	检查	G2-Correctness-Grammar	"check grammar"	H
check	German	513	检查	G2-Correctness-Grammar	"check grammar"	H
check	German	520	检查	G2-Correctness-Grammar	"check grammar"	H
check	German	404	检查	G2-Correctness-Grammar	"check grammar"	H
check	German	483	检查	G2-Correctness-Grammar	"check grammar"	H
check	German	523	检查	G2-Correctness-Grammar	"check grammar"	H
check	German	557	检查	G2-Correctness-Grammar	"check grammar"	H
check	German	662	检查	G2-Correctness-Grammar	"check usage"	M
check	German	560	检查	G2-Correctness-Grammar	"check grammar"	H
check	German	667	检查	G2-Correctness-Grammar	"check grammar"	H
check	German	542	检查	G2-Correctness-Grammar	"check grammar"	H
check	German	581	检查	G2-Correctness-Grammar	"check grammar"	H
check	German	395	检查	G2-Correctness-Grammar	"check grammar"	H
check	German	120	检查	G2-Correctness-Grammar	"check grammar"	H
check	German	154	检查	G2-Correctness-Grammar	"check usage"	M
check	German	537	检查	G2-Correctness-Grammar	"check grammar"	H
check	German	370	检查	G2-Correctness-Grammar	"check usage"	M
check	German	466	检查	G2-Correctness-Grammar	"check grammar"	H
check	German	468	检查	G2-Correctness-Grammar	"check grammar"	H
check	German	554	检查	G2-Correctness-Grammar	"check grammar"	H
check	German	573	检查	G2-Correctness-Grammar	"check grammar"	H
check	German	623	检查	G2-Correctness-Grammar	"check usage"	M
check	German	434	检查	G2-Correctness-Grammar	"check grammar"	H
check	German	358	检查	G2-Correctness-Grammar	"check usage"	M
check	German	466	检查	G2-Correctness-Grammar	"check grammar"	H
check	German	425	检查	G2-Correctness-Grammar	"check grammar"	H
check	German	485	检查	G2-Correctness-Grammar	"check grammar"	H
check	German	536	检查	G2-Correctness-Grammar	"check grammar"	H
check	German	454	检查	G2-Correctness-Grammar	"check grammar"	H
check	German	480	检查	G2-Correctness-Grammar	"check grammar"	H
check	German	501	检查	G2-Correctness-Grammar	"check usage"	M
check	German	389	检查	G2-Correctness-Grammar	"check grammar"	H
check	German	301	检查	G2-Correctness-Grammar	"check grammar"	H
check	German	467	检查	G2-Correctness-Grammar	"check grammar"	H
check	German	482	检查	G2-Correctness-Grammar	"check grammar"	H
check	German	643	检查	G2-Correctness-Grammar	"check grammar"	H
check	German	689	检查	G2-Correctness-Grammar	"check grammar"	H
check	German	509	检查	G2-Correctness-Grammar	"check usage"	M
check	German	658	检查	G2-Correctness-Grammar	"check usage"	M
check	German	599	检查	G2-Correctness-Grammar	"check grammar"	H
check	German	437	检查	G2-Correctness-Grammar	"check grammar"	H
check	German	442	检查	G2-Correctness-Grammar	"check grammar"	H
check	German	565	检查	G2-Correctness-Grammar	"check grammar"	H
check	German	615	检查	G2-Correctness-Grammar	"check grammar"	H
check	German	571	检查	G2-Correctness-Grammar	"check usage"	M
check	German	573	检查	G2-Correctness-Grammar	"check grammar"	H
check	German	648	检查	G2-Correctness-Grammar	"check grammar"	H
check	German	121	检查	G2-Correctness-Grammar	"check grammar"	H
check	German	174	检查	G2-Correctness-Grammar	"check grammar"	H
check	German	538	检查	G2-Correctness-Grammar	"check grammar"	H
check	German	572	检查	G2-Correctness-Grammar	"check usage"	M
check	German	374	检查	G2-Correctness-Grammar	"check grammar"	H
check	German	307	检查	G2-Correctness-Grammar	"check grammar"	H
check	German	420	检查	G2-Correctness-Grammar	"check grammar"	H
check	German	564	检查	G2-Correctness-Grammar	"check grammar"	H
check	German	424	检查	G2-Correctness-Grammar	"check usage"	M
check	German	494	检查	G2-Correctness-Grammar	"check usage"	M
check	German	633	检查	G2-Correctness-Grammar	"check grammar"	H
check	German	454	检查	G2-Correctness-Grammar	"check grammar"	H
check	German	531	检查	G2-Correctness-Grammar	"check usage"	M
check	German	343	检查	G2-Correctness-Grammar	"check grammar"	H
check	German	602	检查	G2-Correctness-Grammar	"check grammar"	H
check	German	652	检查	G2-Correctness-Grammar	"check grammar"	H
check	German	316	检查	G2-Correctness-Grammar	"check grammar"	H
check	German	432	检查	G2-Correctness-Grammar	"check grammar"	H
check	German	613	检查	G2-Correctness-Grammar	"check usage"	M
check	German	676	检查	G2-Correctness-Grammar	"check grammar"	H
check	German	165	检查	G2-Correctness-Grammar	"check grammar"	H
check	German	526	检查	G2-Correctness-Grammar	"check grammar"	H
check	German	651	检查	G2-Correctness-Grammar	"check usage"	M
check	German	675	检查	G2-Correctness-Grammar	"check usage"	M
check	German	276	检查	G2-Correctness-Grammar	"check usage"	M
check	German	480	检查	G2-Correctness-Grammar	"check grammar"	H
check	German	550	检查	G2-Correctness-Grammar	"check grammar"	H
check	German	484	检查	G2-Correctness-Grammar	"check grammar"	H
check	German	325	检查	G2-Correctness-Grammar	"check usage"	M
check	German	593	检查	G2-Correctness-Grammar	"check usage"	M
check	German	661	核查	G1-Development	"fact check"	H
check	German	420	检查	G2-Correctness-Grammar	"check grammar"	H
check	German	467	检查	G2-Correctness-Grammar	"check grammar"	H
check	German	535	检查	G2-Correctness-Grammar	"check grammar"	H
check	German	754	检查	G2-Correctness-Grammar	"check usage"	M
check	German	492	检查	G2-Correctness-Grammar	"check grammar"	H
check	German	558	检查	G2-Correctness-Grammar	"check grammar"	H
check	German	610	检查	G2-Correctness-Grammar	"check grammar"	H
check	German	609	检查	G2-Correctness-Grammar	"check grammar"	H
check	German	756	检查	G2-Correctness-Grammar	"check usage"	M
check	German	472	检查	G2-Correctness-Grammar	"check grammar"	H
check	German	622	检查	G2-Correctness-Mechanics	"check punctuation"	H
check	German	439	检查	G2-Correctness-Grammar	"check grammar"	H
check	German	531	检查	G2-Correctness-Grammar	"check usage"	M
check	German	459	检查	G2-Correctness-Grammar	"check grammar"	H
check	German	545	检查	G2-Correctness-Grammar	"check usage"	M
check	German	354	检查	G2-Correctness-Grammar	"check grammar"	H
check	German	402	检查	G2-Correctness-Grammar	"check usage"	M
check	German	587	检查	G2-Correctness-Grammar	"check grammar"	H
check	German	691	检查	G2-Correctness-Grammar	"check grammar"	H
check	German	651	检查	G2-Correctness-Grammar	"check grammar"	H
check	German	485	检查	G2-Correctness-Grammar	"check grammar"	H
check	German	681	检查	G2-Correctness-Grammar	"check usage"	M
check	German	711	检查	G2-Correctness-Grammar	"check grammar"	H
check	German	493	检查	G2-Correctness-Grammar	"check usage"	M
check	German	472	检查	G2-Correctness-Grammar	"check grammar"	H
check	German	378	检查	G2-Correctness-Grammar	"check grammar"	H
check	German	552	检查	G2-Correctness-Grammar	"check grammar"	H
check	German	484	检查	G2-Correctness-Grammar	"check grammar"	H
check	German	629	检查	G2-Correctness-Grammar	"check grammar"	H
check	German	666	检查	G2-Correctness-Grammar	"check grammar"	H
check	German	592	检查	G2-Correctness-Grammar	"check usage"	M
check	German	598	检查	G2-Correctness-Grammar	"check grammar"	H
check	German	833	检查	G2-Correctness-Grammar	"check grammar"	H
check	German	639	检查	G2-Correctness-Grammar	"check grammar"	H
check	German	687	检查	G2-Correctness-Grammar	"check grammar"	H
check	German	779	检查	G2-Correctness-Grammar	"check grammar"	H
check	German	311	检查	G2-Correctness-Grammar	"check usage"	M
check	German	667	检查	G2-Correctness-Grammar	"check grammar"	H
check	German	494	检查	G2-Correctness-Grammar	"check grammar"	H
check	German	586	检查	G2-Correctness-Grammar	"check grammar"	H
check	German	532	检查	G2-Correctness-Grammar	"check usage"	M
check	German	687	检查	G2-Correctness-Grammar	"check grammar"	H
check	German	729	检查	G2-Correctness-Grammar	"check grammar"	H
check	German	296	检查	G2-Correctness-Grammar	"check usage"	M
check	German	569	检查	G2-Correctness-Grammar	"check grammar"	H
check	German	374	检查	G2-Correctness-Grammar	"check grammar"	H
check	German	513	检查	G2-Correctness-Grammar	"check grammar"	H
check	German	527	检查	G2-Correctness-Grammar	"check grammar"	H
check	German	582	检查	G2-Correctness-Grammar	"check grammar"	H
check	German	643	检查	G2-Correctness-Grammar	"check grammar"	H
check	German	665	检查	G2-Correctness-Grammar	"check grammar"	H
check	German	609	检查	G2-Correctness-Grammar	"check grammar"	H
check	German	457	检查	G2-Correctness-Grammar	"check grammar"	H
check	German	536	检查	G2-Correctness-Grammar	"check grammar"	H
check	German	591	检查	G2-Correctness-Grammar	"check grammar"	H
check	German	714	检查	G2-Correctness-Grammar	"check grammar"	H
check	German	649	检查	G2-Correctness-Grammar	"check grammar"	H
check	German	656	检查	G2-Correctness-Grammar	"check grammar"	H
check	German	387	检查	G2-Correctness-Grammar	"check usage"	M
check	German	420	检查	G2-Correctness-Grammar	"check usage"	M
check	German	432	检查	G2-Correctness-Grammar	"check usage"	M
check	German	457	检查	G2-Correctness-Grammar	"check usage"	M
check	German	705	检查	G2-Correctness-Grammar	"check grammar"	H
check	German	580	检查	G2-Correctness-Grammar	"check usage"	M
check	German	522	检查	G2-Correctness-Grammar	"check grammar"	H
check	German	662	检查	G2-Correctness-Grammar	"check usage"	M
move	L1	751	移动	G1-Global Structure	"essay structure move"	H
move	L1	751	移动	NA	"essay structure move"	H
move	L1	82	移动	G1-Global Structure	"essay structure move"	H
move	L1	82	移动	NA	"essay structure move"	H
move	L1	383	移动	G1-Global Structure	"essay structure move"	H
move	L1	383	移动	NA	"essay structure move"	H
move	L1	79	移动	G1-Global Structure	"essay structure move"	H
move	L1	79	移动	A1	"essay structure move"	H
move	L1	209	移动	G1-Ideas	"essay structure move"	H
move	L1	209	移动	A1	"essay structure move"	H
move	L1	331	移动	G1-Ideas	"essay structure move"	H
move	L1	331	移动	A1	"essay structure move"	H
move	L1	293	移动	G1-Development	"essay structure move"	H
move	L1	293	移动	NA	"essay structure move"	H
move	L1	353	移动	G1-Global Structure	"essay structure move"	H
move	L1	353	移动	A2	"essay structure move"	H
move	L1	431	移动	G1-Development	"essay structure move"	H
move	L1	431	移动	NA	"essay structure move"	H
move	L1	408	移动	G1-Ideas	"essay structure move"	H
move	L1	408	移动	A2	"essay structure move"	H
move	L1	210	移动	G1-Development	"essay structure move"	H
move	L1	210	移动	A3	"essay structure move"	H
move	L1	363	移动	G1-Global Structure	"essay structure move"	H
move	L1	363	移动	NA	"essay structure move"	H
move	L1	382	移动	G1-Ideas	"essay structure move"	H
move	L1	382	移动	A1	"essay structure move"	H
move	L1	465	移动	G1-Ideas	"essay structure move"	H
move	L1	465	移动	A1	"essay structure move"	H
move	L1	399	移动	G1-Global Structure	"essay structure move"	H
move	L1	399	移动	NA	"essay structure move"	H
move	L1	649	移动	G1-Global Structure	"essay structure move"	H
move	L1	649	移动	NA	"essay structure move"	H
move	L1	604	移动	G1-Global Structure	"essay structure move"	H
move	L1	604	移动	NA	"essay structure move"	H
move	L1	689	移动	G1-Development	"essay structure move"	H
move	L1	689	移动	NA	"essay structure move"	H
move	L1	690	移动	G1-Ideas	"essay structure move"	H
move	L1	690	移动	NA	"essay structure move"	H
move	L1	712	移动	G1-Global Structure	"essay structure move"	H
move	L1	712	移动	NA	"essay structure move"	H
move	L1	304	移动	G1-Global Structure	"essay structure move"	H
move	L1	304	移动	NA	"essay structure move"	H
move	L1	584	移动	G1-Global Structure	"essay structure move"	H
move	L1	584	移动	A1	"essay structure move"	H
move	L1	748	移动	G1-Global Structure	"essay structure move"	H
move	L1	748	移动	NA	"essay structure move"	H
move	L1	740	移动	G1-Global Structure	"essay structure move"	H
move	L1	740	移动	NA	"essay structure move"	H
move	L1	773	移动	G1-Development	"essay structure move"	H
move	L1	773	移动	NA	"essay structure move"	H
move	L1	445	移动	G1-Global Structure	"essay structure move"	H
move	L1	445	移动	NA	"essay structure move"	H
move	L1	352	移动	G1-Ideas	"essay structure move"	H
move	L1	352	移动	A1	"essay structure move"	H
move	L1	751	移动	G1-Global Structure	"essay structure move"	H
move	L1	751	移动	NA	"essay structure move"	H
move	L1	556	移动	G1-Global Structure	"essay structure move"	H
move	L1	556	移动	NA	"essay structure move"	H
move	L1	604	移动	G1-Global Structure	"essay structure move"	H
move	L1	604	移动	NA	"essay structure move"	H
move	L1	342	移动	G1-Global Structure	"essay structure move"	H
move	L1	342	移动	NA	"essay structure move"	H
move	L1	303	移动	G1-Ideas	"essay structure move"	H
move	L1	303	移动	A1	"essay structure move"	H
move	L1	773	移动	G1-Ideas	"essay structure move"	H
move	L1	773	移动	A3	"essay structure move"	H
move	L1	273	移动	G1-Development	"essay structure move"	H
move	L1	273	移动	NA	"essay structure move"	H
move	L1	613	移动	G1-Ideas	"essay structure move"	H
move	L1	613	移动	NA	"essay structure move"	H
move	L1	205	移动	G1-Global Structure	"essay structure move"	H
move	L1	205	移动	NA	"essay structure move"	H
move	L1	373	移动	G1-Global Structure	"essay structure move"	H
move	L1	373	移动	NA	"essay structure move"	H
move	L1	259	移动	G1-Global Structure	"essay structure move"	H
move	L1	259	移动	NA	"essay structure move"	H
move	L1	178	移动	G1-Global Structure	"essay structure move"	H
move	L1	178	移动	NA	"essay structure move"	H
move	L1	618	移动	G1-Ideas	"essay structure move"	H
move	L1	618	移动	NA	"essay structure move"	H
move	L1	386	移动	G1-Ideas	"essay structure move"	H
move	L1	386	移动	NA	"essay structure move"	H
move	L1	682	移动	G1-Global Structure	"essay structure move"	H
move	L1	682	移动	A3	"essay structure move"	H
move	L1	310	移动	G1-Global Structure	"essay structure move"	H
move	L1	310	移动	NA	"essay structure move"	H
move	L1	42	移动	G1-Global Structure	"essay structure move"	H
move	L1	42	移动	NA	"essay structure move"	H
move	L1	360	移动	G1-Ideas	"essay structure move"	H
move	L1	360	移动	NA	"essay structure move"	H
move	L1	356	移动	G1-Global Structure	"essay structure move"	H
move	L1	356	移动	NA	"essay structure move"	H
move	L1	368	移动	G1-Global Structure	"essay structure move"	H
move	L1	368	移动	NA	"essay structure move"	H
move	L1	662	移动	G1-Ideas	"essay structure move"	H
move	L1	662	移动	NA	"essay structure move"	H
move	L1	784	移动	G1-Global Structure	"essay structure move"	H
move	L1	784	移动	NA	"essay structure move"	H
move	L1	358	移动	G1-Global Structure	"essay structure move"	H
move	L1	358	移动	A2	"essay structure move"	H
move	L1	419	移动	G1-Global Structure	"essay structure move"	H
move	L1	419	移动	NA	"essay structure move"	H
move	L1	488	移动	G1-Global Structure	"essay structure move"	H
move	L1	488	移动	NA	"essay structure move"	H
move	L1	64	移动	G1-Ideas	"essay structure move"	H
move	L1	64	移动	NA	"essay structure move"	H
move	L1	135	移动	G1-Global Structure	"essay structure move"	H
move	L1	135	移动	NA	"essay structure move"	H
move	L1	323	移动	G1-Global Structure	"essay structure move"	H
move	L1	323	移动	NA	"essay structure move"	H
move	L1	179	移动	G1-Global Structure	"essay structure move"	H
move	L1	179	移动	NA	"essay structure move"	H
move	L1	90	移动	G1-Global Structure	"essay structure move"	H
move	L1	90	移动	NA	"essay structure move"	H
move	L1	744	移动	G1-Global Structure	"essay structure move"	H
move	L1	744	移动	A3	"essay structure move"	H
move	L1	360	移动	G1-Global Structure	"essay structure move"	H
move	L1	360	移动	NA	"essay structure move"	H
move	L1	166	移动	G1-Global Structure	"essay structure move"	H
move	L1	166	移动	NA	"essay structure move"	H
move	L1	725	移动	G1-Global Structure	"essay structure move"	H
move	L1	725	移动	NA	"essay structure move"	H
move	L1	771	移动	G1-Global Structure	"essay structure move"	H
move	L1	771	移动	NA	"essay structure move"	H
move	L1	183	移动	G1-Global Structure	"essay structure move"	H
move	L1	183	移动	NA	"essay structure move"	H
move	L1	197	移动	G1-Global Structure	"essay structure move"	H
move	L1	197	移动	NA	"essay structure move"	H
move	L1	364	移动	G1-Ideas	"essay structure move"	H
move	L1	364	移动	NA	"essay structure move"	H
move	L1	196	移动	G1-Global Structure	"essay structure move"	H
move	L1	196	移动	NA	"essay structure move"	H
move	L1	130	移动	G1-Global Structure	"essay structure move"	H
move	L1	130	移动	NA	"essay structure move"	H
move	L1	153	移动	G1-Global Structure	"essay structure move"	H
move	L1	153	移动	A3	"essay structure move"	H
move	L1	237	移动	G1-Global Structure	"essay structure move"	H
move	L1	237	移动	NA	"essay structure move"	H
move	L1	342	移动	G1-Global Structure	"essay structure move"	H
move	L1	342	移动	NA	"essay structure move"	H
move	L1	765	移动	G1-Global Structure	"essay structure move"	H
move	L1	765	移动	NA	"essay structure move"	H
move	L1	185	移动	G1-Global Structure	"essay structure move"	H
move	L1	185	移动	A3	"essay structure move"	H
move	L1	741	移动	G1-Global Structure	"essay structure move"	H
move	L1	741	移动	A3	"essay structure move"	H
move	L1	251	移动	G1-Global Structure	"essay structure move"	H
move	L1	251	移动	A1	"essay structure move"	H
move	L1	278	移动	G1-Global Structure	"essay structure move"	H
move	L1	278	移动	A2	"essay structure move"	H
move	L1	82	移动	G1-Development	"essay structure move"	H
move	L1	82	移动	NA	"essay structure move"	H
move	L1	107	移动	G1-Global Structure	"essay structure move"	H
move	L1	107	移动	NA	"essay structure move"	H
move	L1	224	移动	G1-Global Structure	"essay structure move"	H
move	L1	224	移动	NA	"essay structure move"	H
move	L1	446	移动	G1-Global Structure	"essay structure move"	H
move	L1	446	移动	NA	"essay structure move"	H
move	L1	101	移动	G1-Global Structure	"essay structure move"	H
move	L1	101	移动	NA	"essay structure move"	H
move	L1	193	移动	G1-Global Structure	"essay structure move"	H
move	L1	193	移动	NA	"essay structure move"	H
move	L1	413	移动	G1-Global Structure	"essay structure move"	H
move	L1	413	移动	NA	"essay structure move"	H
move	L1	274	移动	G1-Development	"essay structure move"	H
move	L1	274	移动	NA	"essay structure move"	H
move	L1	306	移动	G1-Global Structure	"essay structure move"	H
move	L1	306	移动	NA	"essay structure move"	H
move	L1	95	移动	G1-Development	"essay structure move"	H
move	L1	95	移动	NA	"essay structure move"	H
move	L1	267	移动	G1-Global Structure	"essay structure move"	H
move	L1	267	移动	NA	"essay structure move"	H
move	L1	264	移动	G1-Global Structure	"essay structure move"	H
move	L1	264	移动	NA	"essay structure move"	H
move	L1	273	移动	G1-Global Structure	"essay structure move"	H
move	L1	273	移动	NA	"essay structure move"	H
move	L1	115	移动	G1-Global Structure	"essay structure move"	H
move	L1	115	移动	NA	"essay structure move"	H
move	L1	128	移动	G1-Global Structure	"essay structure move"	H
move	L1	128	移动	NA	"essay structure move"	H
move	L1	102	移动	G1-Global Structure	"essay structure move"	H
move	L1	102	移动	NA	"essay structure move"	H
move	L1	625	移动	G1-Global Structure	"essay structure move"	H
move	L1	625	移动	NA	"essay structure move"	H
move	L1	487	移动	G1-Global Structure	"essay structure move"	H
move	L1	487	移动	NA	"essay structure move"	H
move	L1	167	移动	G1-Global Structure	"essay structure move"	H
move	L1	167	移动	NA	"essay structure move"	H
move	L1	603	移动	G1-Global Structure	"essay structure move"	H
move	L1	603	移动	A3	"essay structure move"	H
move	L1	525	移动	G1-Global Structure	"essay structure move"	H
move	L1	525	移动	NA	"essay structure move"	H
move	L1	119	移动	G1-Global Structure	"essay structure move"	H
move	L1	119	移动	A1	"essay structure move"	H
move	L1	590	移动	G1-Global Structure	"essay structure move"	H
move	L1	590	移动	NA	"essay structure move"	H
move	L1	412	移动	G1-Global Structure	"essay structure move"	H
move	L1	412	移动	A1	"essay structure move"	H
move	L1	363	移动	G1-Global Structure	"essay structure move"	H
move	L1	363	移动	NA	"essay structure move"	H
move	L1	231	移动	G1-Global Structure	"essay structure move"	H
move	L1	231	移动	NA	"essay structure move"	H
move	L1	478	移动	G1-Global Structure	"essay structure move"	H
move	L1	478	移动	A3	"essay structure move"	H
move	L1	308	移动	G1-Global Structure	"essay structure move"	H
move	L1	308	移动	A3	"essay structure move"	H
move	L1	221	移动	G1-Ideas	"essay structure move"	H
move	L1	221	移动	A1	"essay structure move"	H
move	L1	31	移动	G1-Development	"essay structure move"	H
move	L1	31	移动	NA	"essay structure move"	H
move	L1	775	移动	G1-Global Structure	"essay structure move"	H
move	L1	775	移动	A1	"essay structure move"	H
move	L1	124	移动	G1-Global Structure	"essay structure move"	H
move	L1	124	移动	NA	"essay structure move"	H
move	L1	440	移动	G1-Global Structure	"essay structure move"	H
move	L1	440	移动	NA	"essay structure move"	H
move	L1	102	移动	G1-Global Structure	"essay structure move"	H
move	L1	102	移动	NA	"essay structure move"	H
move	L1	112	移动	G1-Global Structure	"essay structure move"	H
move	L1	112	移动	NA	"essay structure move"	H
move	L1	570	移动	G1-Global Structure	"essay structure move"	H
move	L1	570	移动	NA	"essay structure move"	H
move	L1	43	移动	G1-Global Structure	"essay structure move"	H
move	L1	43	移动	NA	"essay structure move"	H
move	L1	808	移动	G1-Global Structure	"essay structure move"	H
move	L1	808	移动	NA	"essay structure move"	H
move	L1	807	移动	G1-Global Structure	"essay structure move"	H
move	L1	807	移动	NA	"essay structure move"	H
move	L1	18	移动	G1-Development	"essay structure move"	H
move	L1	18	移动	NA	"essay structure move"	H
move	L1	259	移动	G1-Global Structure	"essay structure move"	H
move	L1	259	移动	A1	"essay structure move"	H
move	L1	452	移动	G1-Global Structure	"essay structure move"	H
move	L1	452	移动	NA	"essay structure move"	H
move	L1	328	移动	G1-Global Structure	"essay structure move"	H
move	L1	328	移动	A1	"essay structure move"	H
move	L1	395	移动	G1-Global Structure	"essay structure move"	H
move	L1	395	移动	NA	"essay structure move"	H
move	L1	234	移动	G1-Global Structure	"essay structure move"	H
move	L1	234	移动	NA	"essay structure move"	H
move	L1	203	移动	G1-Global Structure	"essay structure move"	H
move	L1	203	移动	NA	"essay structure move"	H
move	L1	245	移动	G1-Global Structure	"essay structure move"	H
move	L1	245	移动	NA	"essay structure move"	H
move	L1	169	移动	G1-Global Structure	"essay structure move"	H
move	L1	169	移动	A1	"essay structure move"	H
move	L1	32	移动	G1-Development	"essay structure move"	H
move	L1	32	移动	NA	"essay structure move"	H
move	L1	130	移动	G1-Global Structure	"essay structure move"	H
move	L1	130	移动	NA	"essay structure move"	H
move	L1	15	移动	G1-Global Structure	"essay structure move"	H
move	L1	15	移动	NA	"essay structure move"	H
move	L1	118	移动	G1-Global Structure	"essay structure move"	H
move	L1	118	移动	NA	"essay structure move"	H
move	L1	227	移动	G1-Global Structure	"essay structure move"	H
move	L1	227	移动	NA	"essay structure move"	H
move	L1	273	移动	G1-Global Structure	"essay structure move"	H
move	L1	273	移动	NA	"essay structure move"	H
move	L1	374	移动	G1-Global Structure	"essay structure move"	H
move	L1	374	移动	NA	"essay structure move"	H
move	L1	287	移动	G1-Global Structure	"essay structure move"	H
move	L1	287	移动	NA	"essay structure move"	H
move	L1	200	移动	G1-Global Structure	"essay structure move"	H
move	L1	200	移动	NA	"essay structure move"	H
move	L1	132	移动	G1-Global Structure	"essay structure move"	H
move	L1	132	移动	NA	"essay structure move"	H
move	L1	660	移动	G1-Global Structure	"essay structure move"	H
move	L1	660	移动	NA	"essay structure move"	H
move	L1	676	移动	G1-Development	"essay structure move"	H
move	L1	676	移动	NA	"essay structure move"	H
move	L1	256	移动	G1-Global Structure	"essay structure move"	H
move	L1	256	移动	A3	"essay structure move"	H
move	L1	125	移动	G1-Global Structure	"essay structure move"	H
move	L1	125	移动	A3	"essay structure move"	H
move	L1	80	移动	G1-Global Structure	"essay structure move"	H
move	L1	80	移动	NA	"essay structure move"	H
move	L1	177	移动	G1-Global Structure	"essay structure move"	H
move	L1	177	移动	NA	"essay structure move"	H
move	L1	297	移动	G1-Global Structure	"essay structure move"	H
move	L1	297	移动	A3	"essay structure move"	H
move	L1	156	移动	G1-Global Structure	"essay structure move"	H
move	L1	156	移动	A1	"essay structure move"	H
move	L1	478	移动	G1-Development	"essay structure move"	H
move	L1	478	移动	A3	"essay structure move"	H
moves	Generic	218	步骤	G1-Ideas	"rhetorical moves"	H
moves	Generic	390	步骤	G1-Ideas	"rhetorical moves"	H
moves	Generic	504	推进	G1-Global Structure	"essay moves from"	H
moves	Generic	229	推进	G1-Global Structure	"essay moves from"	H
moves	Generic	252	步骤	G1-Ideas	"rhetorical moves"	H
moves	Generic	224	推进	G1-Global Structure	"essay moves from"	H
moves	Generic	578	推进	G1-Global Structure	"essay moves from"	H
moves	Generic	192	步骤	G1-Ideas	"rhetorical moves"	H
moves	Generic	425	步骤	G1-Ideas	"rhetorical moves"	H
moves	Generic	191	推进	G1-Global Structure	"essay moves from"	H
moves	Generic	419	推进	G1-Global Structure	"essay moves from"	H
moves	Generic	245	推进	G1-Global Structure	"essay moves from"	H
moves	Generic	340	步骤	G1-Ideas	"rhetorical moves"	H
moves	Generic	365	步骤	G1-Ideas	"rhetorical moves"	H
moves	Generic	99	推进	G1-Global Structure	"essay moves from"	H
moves	Generic	619	推进	G1-Global Structure	"essay moves from"	H
moves	Generic	496	推进	G1-Global Structure	"essay moves"	M
moves	Generic	216	步骤	G1-Ideas	"rhetorical moves"	H
moves	Generic	663	推进	G1-Global Structure	"essay moves from"	H
moves	Generic	504	推进	G1-Global Structure	"essay moves"	M
moves	Generic	507	推进	G1-Global Structure	"essay moves"	M
moves	Generic	26	步骤	G1-Ideas	"rhetorical moves"	H
moves	Generic	192	推进	G1-Global Structure	"essay moves from"	H
moves	Generic	186	推进	G1-Global Structure	"essay moves"	M
moves	Generic	250	推进	G1-Global Structure	"essay moves from"	H
moves	Generic	198	推进	G1-Global Structure	"essay moves from"	H
moves	Generic	245	推进	G1-Global Structure	"essay moves from"	H
moves	Generic	167	推进	G1-Global Structure	"essay moves from"	H
moves	Generic	164	推进	G1-Global Structure	"essay moves from"	H
moves	Generic	145	推进	G1-Global Structure	"essay moves from"	H
moves	Generic	224	推进	G1-Global Structure	"essay moves"	M
moves	Generic	260	推进	G1-Global Structure	"essay moves from"	H
moves	Generic	233	推进	G1-Global Structure	"essay moves from"	H
moves	Generic	153	推进	G1-Global Structure	"essay moves from"	H
moves	Generic	96	步骤	G1-Ideas	"rhetorical moves"	H
moves	Generic	86	步骤	G1-Ideas	"rhetorical moves"	H
moves	Generic	99	步骤	G1-Ideas	"rhetorical moves"	H
moves	Generic	169	推进	G1-Global Structure	"essay moves from"	H
moves	Generic	477	推进	G1-Global Structure	"essay moves from"	H
moves	Generic	32	步骤	G1-Ideas	"rhetorical moves"	H
moves	Generic	111	步骤	G1-Ideas	"rhetorical moves"	H
moves	Generic	74	步骤	G1-Ideas	"rhetorical moves"	H
moves	Generic	95	步骤	G1-Ideas	"rhetorical moves"	H
moves	Generic	427	推进	G1-Global Structure	"essay moves from"	H
moves	Generic	87	步骤	G1-Ideas	"rhetorical moves"	H
moves	Generic	38	步骤	G1-Ideas	"rhetorical moves"	H
moves	Generic	302	推进	G1-Global Structure	"essay moves"	M
moves	Generic	117	步骤	G1-Ideas	"rhetorical moves"	H
moves	Generic	647	步骤	G1-Ideas	"rhetorical moves"	H
moves	Generic	144	推进	G1-Global Structure	"essay moves from"	H
moves	Generic	112	步骤	G1-Ideas	"rhetorical moves"	H
moves	Generic	312	推进	G1-Global Structure	"essay moves from"	H
moves	Generic	84	步骤	G1-Ideas	"rhetorical moves"	H
moves	Generic	81	推进	G1-Global Structure	"essay moves from"	H
moves	Generic	113	步骤	G1-Ideas	"rhetorical moves"	H
moves	Generic	219	推进	G1-Global Structure	"essay moves"	M
moves	Generic	133	步骤	G1-Ideas	"rhetorical moves"	H
moves	Generic	121	推进	G1-Global Structure	"essay moves from"	H
moves	Generic	603	推进	G1-Global Structure	"essay moves"	M
moves	Generic	137	推进	G1-Global Structure	"essay moves"	M
moves	Generic	46	推进	G1-Global Structure	"essay moves from"	H
moves	Generic	110	步骤	G1-Ideas	"rhetorical moves"	H
moves	Generic	430	推进	G1-Global Structure	"essay moves from"	H
moves	Generic	513	步骤	G1-Ideas	"rhetorical moves"	H
moves	Generic	257	推进	G1-Global Structure	"essay moves"	M
moves	Generic	98	推进	G1-Global Structure	"essay moves from"	H
moves	Generic	347	推进	G1-Global Structure	"essay moves from"	H
moves	Generic	91	步骤	G1-Ideas	"rhetorical moves"	H
moves	Generic	586	推进	G1-Global Structure	"essay moves"	M
moves	Generic	593	推进	G1-Global Structure	"essay moves"	M
moves	Generic	187	推进	G1-Global Structure	"essay moves from"	H
moves	Generic	69	推进	G1-Global Structure	"essay moves"	M
moves	Generic	263	步骤	G1-Ideas	"rhetorical moves"	H
moves	Generic	492	推进	G1-Global Structure	"essay moves from"	H
moves	Generic	213	推进	G1-Global Structure	"essay moves from"	H
moves	Generic	216	推进	G1-Global Structure	"essay moves from"	H
moves	Generic	106	步骤	G1-Ideas	"rhetorical moves"	H
moves	Generic	183	推进	G1-Global Structure	"essay moves from"	H
moves	Generic	167	推进	G1-Global Structure	"essay moves from"	H
clarify	Generic	505	澄清	G1-Ideas	"clarify thesis"	H
clarify	Generic	692	澄清	G1-Ideas	"clarify thesis"	H
clarify	Generic	711	澄清	G1-Ideas	"clarify thesis"	H
clarify	Generic	606	澄清	G1-Ideas	"clarify thesis"	H
clarify	Generic	83	澄清	G1-Ideas	"clarify thesis"	H
clarify	Generic	401	澄清	G1-Ideas	"clarify thesis"	H
clarify	Generic	592	澄清	G2-Wording	"clarify meaning"	H
clarify	Generic	139	澄清	G1-Ideas	"clarify thesis"	H
clarify	Generic	654	澄清	G2-Wording	"clarify meaning"	H
clarify	Generic	80	澄清	G1-Ideas	"clarify thesis"	H
clarify	Generic	677	澄清	G2-Wording	"clarify meaning"	H
clarify	Generic	91	澄清	G1-Ideas	"clarify thesis"	H
clarify	Generic	78	澄清	G1-Ideas	"clarify thesis"	H
clarify	Generic	129	澄清	G1-Ideas	"clarify thesis"	H
clarify	Generic	66	澄清	G1-Ideas	"clarify thesis"	H
clarify	Generic	149	澄清	G1-Ideas	"clarify thesis"	H
clarify	Generic	754	澄清	G1-Ideas	"clarify argument"	M
clarify	Generic	190	澄清	G1-Ideas	"clarify argument"	M
clarify	Generic	342	澄清	G1-Ideas	"clarify argument"	M
clarify	Generic	711	澄清	G2-Wording	"clarify wording"	H
clarify	Generic	203	澄清	G1-Ideas	"clarify argument"	M
clarify	Generic	705	澄清	G1-Ideas	"clarify argument"	M
clarify	Generic	641	澄清	G1-Ideas	"clarify thesis"	H
clarify	Generic	462	澄清	G1-Ideas	"clarify argument"	M
clarify	Generic	64	澄清	G1-Ideas	"clarify thesis"	H
clarify	Generic	550	澄清	G1-Ideas	"clarify argument"	M
clarify	Generic	606	澄清	G1-Ideas	"clarify argument"	M
clarify	Generic	628	澄清	G2-Wording	"clarify wording"	H
clarify	Generic	669	澄清	G1-Ideas	"clarify thesis"	H
clarify	Generic	629	澄清	G1-Ideas	"clarify argument"	M
clarify	Generic	635	澄清	G1-Ideas	"clarify thesis"	H
clarify	Generic	607	澄清	G2-Wording	"clarify meaning"	H
clarify	Generic	182	澄清	G1-Ideas	"clarify argument"	M
clarify	Generic	712	澄清	G1-Ideas	"clarify thesis"	H
clarify	Generic	619	澄清	G1-Ideas	"clarify argument"	M
clarify	Generic	343	澄清	G1-Ideas	"clarify argument"	M
clarify	Generic	521	澄清	G1-Ideas	"clarify argument"	M
clarify	Generic	321	澄清	G1-Ideas	"clarify argument"	M
clarify	Generic	272	澄清	G1-Ideas	"clarify argument"	M
clarify	Generic	592	澄清	G1-Ideas	"clarify argument"	M
clarify	Generic	481	澄清	G1-Ideas	"clarify argument"	M
clarify	Generic	562	澄清	G1-Ideas	"clarify argument"	M
clarify	Generic	372	澄清	G1-Ideas	"clarify argument"	M
clarify	Generic	704	澄清	G1-Ideas	"clarify argument"	M
clarify	Generic	42	澄清	G1-Ideas	"clarify argument"	M
clarify	Generic	257	澄清	G1-Ideas	"clarify argument"	M
clarify	Generic	139	澄清	G1-Ideas	"clarify argument"	M
clarify	Generic	751	澄清	G2-Wording	"clarify wording"	H
clarify	Generic	60	澄清	G1-Ideas	"clarify argument"	M
clarify	Generic	271	澄清	G1-Ideas	"clarify argument"	M
clarify	Generic	357	澄清	G1-Ideas	"clarify argument"	M
clarify	Generic	663	澄清	G1-Ideas	"clarify argument"	M
clarify	Generic	623	澄清	G1-Ideas	"clarify argument"	M
clarify	Generic	293	澄清	G1-Ideas	"clarify argument"	M
clarify	Generic	433	澄清	G1-Ideas	"clarify argument"	M
clarify	Generic	226	澄清	G1-Ideas	"clarify argument"	M
clarify	Generic	281	澄清	G1-Ideas	"clarify argument"	M
clarify	Generic	634	澄清	G1-Ideas	"clarify argument"	M
clarify	Generic	592	澄清	G1-Ideas	"clarify argument"	M
clarify	Generic	363	澄清	G1-Ideas	"clarify argument"	M
clarify	Generic	497	澄清	G1-Ideas	"clarify argument"	M
clarify	Generic	750	澄清	G1-Ideas	"clarify thesis"	H
clarify	Generic	546	澄清	G1-Ideas	"clarify argument"	M
clarify	Generic	677	澄清	G1-Ideas	"clarify argument"	M
clarify	Generic	242	澄清	G1-Ideas	"clarify thesis"	H
clarify	Generic	76	澄清	G1-Ideas	"clarify thesis"	H
clarify	Generic	440	澄清	G1-Ideas	"clarify argument"	M
clarify	Generic	248	澄清	G1-Ideas	"clarify argument"	M
clarify	Generic	707	澄清	G1-Ideas	"clarify thesis"	H
clarify	Generic	118	澄清	G1-Ideas	"clarify thesis"	H
clarify	Generic	792	澄清	G1-Ideas	"clarify thesis"	H
clarify	Generic	79	澄清	G2-Wording	"clarify wording"	H
clarify	Generic	708	澄清	G1-Ideas	"clarify argument"	M
clarify	Generic	203	澄清	G1-Ideas	"clarify argument"	M
clarify	Generic	560	澄清	G2-Wording	"clarify wording"	H
clarify	Generic	691	澄清	G1-Ideas	"clarify argument"	M
clarify	Generic	46	澄清	G1-Ideas	"clarify argument"	M
clarify	Generic	138	澄清	G1-Ideas	"clarify argument"	M
clarify	Generic	158	澄清	G1-Ideas	"clarify thesis"	H
clarify	Generic	86	澄清	G1-Ideas	"clarify thesis"	H
clarify	Generic	83	澄清	G1-Ideas	"clarify argument"	M
clarify	Generic	60	澄清	G2-Wording	"clarify wording"	H
clarify	Generic	417	澄清	G1-Ideas	"clarify argument"	M
clarify	Generic	761	澄清	G1-Ideas	"clarify thesis"	H
clarify	Generic	585	澄清	G1-Ideas	"clarify argument"	M
clarify	Generic	446	澄清	G1-Ideas	"clarify argument"	M
clarify	Generic	81	澄清	G1-Ideas	"clarify thesis"	H
clarify	Generic	72	澄清	G1-Ideas	"clarify thesis"	H
clarify	Generic	686	澄清	G1-Ideas	"clarify argument"	M
clarify	Generic	408	澄清	G2-Wording	"clarify wording"	H
clarify	Generic	629	澄清	G1-Ideas	"clarify argument"	M
clarify	Generic	331	澄清	G1-Ideas	"clarify argument"	M
clarify	Generic	356	澄清	G2-Wording	"clarify wording"	H
clarify	Generic	48	澄清	G1-Ideas	"clarify thesis"	H
clarify	Generic	121	澄清	G1-Ideas	"clarify argument"	M
clarify	Generic	768	澄清	G1-Ideas	"clarify argument"	M
clarify	Generic	85	澄清	G1-Ideas	"clarify thesis"	H
clarify	Generic	771	澄清	G1-Ideas	"clarify thesis"	H
clarify	Generic	551	澄清	G1-Ideas	"clarify argument"	M
clarify	Generic	658	澄清	G1-Ideas	"clarify argument"	M
clarify	Generic	492	澄清	G1-Ideas	"clarify argument"	M
clarify	Generic	291	澄清	G1-Ideas	"clarify argument"	M
clarify	Generic	110	澄清	G1-Ideas	"clarify thesis"	H
clarify	Generic	102	澄清	G1-Ideas	"clarify thesis"	H
clarify	Generic	399	澄清	G1-Ideas	"clarify argument"	M
clarify	Generic	645	澄清	G1-Ideas	"clarify argument"	M
clarify	Generic	315	澄清	G1-Ideas	"clarify thesis"	H
clarify	Generic	340	澄清	G1-Ideas	"clarify argument"	M
clarify	Generic	730	澄清	G1-Ideas	"clarify thesis"	H
clarify	Generic	58	澄清	G1-Ideas	"clarify thesis"	H
clarify	Generic	693	澄清	G1-Ideas	"clarify argument"	M
clarify	Generic	512	澄清	G1-Ideas	"clarify argument"	M
clarify	Generic	413	澄清	G1-Ideas	"clarify argument"	M
clarify	Generic	796	澄清	G1-Ideas	"clarify argument"	M
clarify	Generic	267	澄清	G1-Ideas	"clarify argument"	M
clarify	Generic	121	澄清	G1-Ideas	"clarify thesis"	H
clarify	Generic	557	澄清	G2-Wording	"clarify wording"	H
clarify	Generic	85	澄清	G2-Wording	"clarify wording"	H
clarify	Generic	139	澄清	G1-Ideas	"clarify thesis"	H
clarify	Generic	718	澄清	G1-Ideas	"clarify argument"	M
clarify	Generic	403	澄清	G1-Ideas	"clarify argument"	M
clarify	Generic	48	澄清	G1-Ideas	"clarify argument"	M
clarify	Generic	732	澄清	G1-Ideas	"clarify thesis"	H
clarify	Generic	434	澄清	G1-Ideas	"clarify argument"	M
clarify	Generic	423	澄清	G1-Ideas	"clarify thesis"	H
clarify	Generic	128	澄清	G1-Ideas	"clarify thesis"	H
clarify	Generic	714	澄清	G1-Ideas	"clarify thesis"	H
clarify	Generic	57	澄清	G1-Ideas	"clarify argument"	M
clarify	Generic	134	澄清	G1-Ideas	"clarify thesis"	H
clarify	Generic	506	澄清	G1-Ideas	"clarify argument"	M
clarify	Generic	362	澄清	G1-Ideas	"clarify argument"	M
clarify	Generic	763	澄清	G1-Ideas	"clarify thesis"	H
clarify	Generic	74	澄清	G2-Wording	"clarify wording"	H
clarify	Generic	686	澄清	G1-Ideas	"clarify argument"	M
clarify	Generic	261	澄清	G1-Ideas	"clarify argument"	M
clarify	Generic	395	澄清	G1-Ideas	"clarify argument"	M
clarify	Generic	322	澄清	G1-Ideas	"clarify argument"	M
clarify	Generic	141	澄清	G1-Ideas	"clarify thesis"	H
clarify	Generic	127	澄清	G1-Ideas	"clarify thesis"	H
clarify	Generic	365	澄清	G1-Ideas	"clarify argument"	M
clarify	Generic	720	澄清	G1-Ideas	"clarify argument"	M
clarify	Generic	709	澄清	G1-Ideas	"clarify argument"	M
clarify	Generic	706	澄清	G1-Ideas	"clarify thesis"	H
clarify	Generic	71	澄清	G1-Ideas	"clarify thesis"	H
clarify	Generic	587	澄清	G1-Ideas	"clarify argument"	M
clarify	Generic	691	澄清	G1-Ideas	"clarify thesis"	H
clarify	Generic	444	澄清	G1-Ideas	"clarify thesis"	H
clarify	Generic	785	澄清	G1-Ideas	"clarify argument"	M
clarify	Generic	72	澄清	G1-Ideas	"clarify thesis"	H
clarify	Generic	131	澄清	G1-Ideas	"clarify thesis"	H
clarify	Generic	719	澄清	G1-Ideas	"clarify argument"	M
clarify	Generic	725	澄清	G2-Wording	"clarify wording"	H
clarify	Generic	61	澄清	G2-Wording	"clarify wording"	H
edit	L1	732	编辑	G2-Correctness-Grammar	"edit for grammar"	H
edit	L1	733	编辑	G2-Correctness-Grammar	"line edit"	H
edit	L1	736	编辑	G2-Correctness-Grammar	"line edit"	H
edit	L1	148	编辑	G2-Correctness-Grammar	"line edit"	H
edit	L1	152	编辑	G2-Correctness-Grammar	"line edit"	H
edit	L1	743	编辑	G2-Correctness-Mechanics	"mechanical edit"	H
edit	L1	532	编辑	G2-Correctness-Grammar	"edit error"	H
edit	L1	750	编辑	G2-Correctness-Grammar	"edit for grammar"	H
edit	L1	721	编辑	G2-Correctness-Grammar	"edit for grammar"	H
edit	L1	819	编辑	G2-Correctness-Grammar	"edit for grammar"	H
edit	L1	803	编辑	G2-Correctness-Grammar	"edit for grammar"	H
edit	L1	500	编辑	G2-Correctness-Grammar	"edit for grammar"	H
edit	L1	695	编辑	G2-Correctness-Grammar	"edit for grammar"	H
edit	L1	776	编辑	G2-Correctness-Grammar	"edit for grammar"	H
edit	L1	638	编辑	G2-Correctness-Grammar	"edit for grammar"	H
edit	L1	762	编辑	G2-Correctness-Grammar	"edit for grammar"	H
edit	L1	727	编辑	G2-Correctness-Grammar	"edit pass"	M
edit	L1	546	编辑	G2-Correctness-Grammar	"edit for grammar"	H
edit	L1	705	编辑	G2-Correctness-Grammar	"edit for grammar"	H
edit	L1	661	编辑	G2-Correctness-Grammar	"edit for grammar"	H
edit	L1	806	编辑	G2-Correctness-Grammar	"edit for grammar"	H
edit	L1	830	编辑	G2-Correctness-Grammar	"edit for grammar"	H
edit	L1	761	编辑	G2-Correctness-Grammar	"edit for grammar"	H
edit	L1	688	编辑	G2-Correctness-Grammar	"edit for grammar"	H
edit	L1	753	编辑	G2-Correctness-Grammar	"edit pass"	M
edit	L1	737	编辑	G2-Correctness-Grammar	"edit for grammar"	H
edit	L1	516	编辑	G2-Correctness-Grammar	"edit pass"	M
edit	L1	806	编辑	G2-Correctness-Grammar	"edit for grammar"	H
edit	L1	624	编辑	G2-Correctness-Grammar	"edit for grammar"	H
edit	L1	783	编辑	G2-Correctness-Grammar	"edit for grammar"	H
edit	L1	712	编辑	G2-Correctness-Grammar	"edit for grammar"	H
edit	L1	547	编辑	G2-Correctness-Grammar	"edit for grammar"	H
edit	L1	670	编辑	G2-Correctness-Grammar	"edit pass"	M
edit	L1	759	编辑	G2-Correctness-Grammar	"edit for grammar"	H
edit	L1	606	编辑	G2-Correctness-Grammar	"edit pass"	M
edit	L1	760	编辑	G2-Correctness-Grammar	"edit for grammar"	H
edit	L1	745	编辑	G2-Correctness-Grammar	"edit for grammar"	H
edit	L1	608	编辑	G2-Correctness-Grammar	"edit for grammar"	H
edit	L1	777	编辑	G2-Correctness-Grammar	"edit for grammar"	H
edit	L1	710	编辑	G2-Correctness-Grammar	"edit for grammar"	H
edit	L1	806	编辑	G2-Correctness-Grammar	"edit for grammar"	H
edit	L1	580	编辑	G2-Correctness-Grammar	"edit pass"	M
edit	L1	781	编辑	G2-Correctness-Grammar	"edit for grammar"	H
edit	L1	490	编辑	G2-Correctness-Grammar	"edit pass"	M
edit	L1	528	编辑	G2-Correctness-Grammar	"edit pass"	M
edit	L1	461	编辑	G2-Correctness-Grammar	"edit for grammar"	H
edit	L1	575	编辑	G2-Correctness-Grammar	"edit for grammar"	H
edit	L1	760	编辑	G2-Correctness-Grammar	"edit for grammar"	H
edit	L1	516	编辑	G2-Correctness-Grammar	"edit for grammar"	H
edit	L1	743	编辑	G2-Correctness-Grammar	"edit for grammar"	H
edit	L1	802	编辑	G2-Correctness-Grammar	"edit pass"	M
edit	L1	813	编辑	G2-Correctness-Grammar	"edit for grammar"	H
edit	L1	680	编辑	G2-Correctness-Grammar	"edit for grammar"	H
edit	L1	605	编辑	G2-Correctness-Grammar	"edit pass"	M
edit	L1	782	编辑	G2-Correctness-Grammar	"edit for grammar"	H
edit	L1	619	编辑	G2-Correctness-Grammar	"edit for grammar"	H
edit	L1	710	编辑	G2-Correctness-Grammar	"edit pass"	M
edit	L1	731	编辑	G2-Correctness-Grammar	"edit for grammar"	H
edit	L1	815	编辑	G2-Correctness-Grammar	"edit for grammar"	H
edit	L1	698	编辑	G2-Correctness-Grammar	"edit for grammar"	H
edit	L1	756	编辑	G2-Correctness-Grammar	"edit for grammar"	H
edit	L1	766	编辑	G2-Correctness-Grammar	"edit for grammar"	H
edit	L1	771	编辑	G2-Correctness-Grammar	"edit for grammar"	H
edit	L1	758	编辑	G2-Correctness-Grammar	"edit for grammar"	H
edit	L1	780	编辑	G2-Correctness-Grammar	"edit for grammar"	H
edit	L1	597	编辑	G2-Correctness-Grammar	"edit for grammar"	H
edit	L1	759	编辑	G2-Correctness-Grammar	"edit for grammar"	H
edit	L1	721	编辑	G2-Correctness-Grammar	"edit for grammar"	H
edit	L1	635	编辑	G2-Correctness-Grammar	"edit for grammar"	H
edit	L1	603	编辑	G2-Correctness-Grammar	"edit pass"	M
edit	L1	773	编辑	G2-Correctness-Grammar	"edit for grammar"	H
edit	L1	812	编辑	G2-Correctness-Grammar	"edit pass"	M
edit	L1	809	编辑	G2-Correctness-Grammar	"edit for grammar"	H
edit	L1	804	编辑	G2-Correctness-Grammar	"edit for grammar"	H
edit	L1	775	编辑	G2-Correctness-Grammar	"edit for grammar"	H
edit	L1	722	编辑	G2-Correctness-Grammar	"edit for grammar"	H
edit	L1	695	编辑	G2-Correctness-Grammar	"edit pass"	M
edit	L1	781	编辑	G2-Correctness-Grammar	"edit for grammar"	H
edit	L1	698	编辑	G2-Correctness-Grammar	"edit pass"	M
edit	L1	652	编辑	G2-Correctness-Grammar	"edit pass"	M
edit	L1	760	编辑	G2-Correctness-Grammar	"edit pass"	M
edit	L1	763	编辑	G2-Correctness-Grammar	"edit pass"	M
edit	L1	781	编辑	G2-Correctness-Grammar	"edit for grammar"	H
edit	L1	563	编辑	G2-Correctness-Grammar	"edit for grammar"	H
edit	L1	590	编辑	G2-Correctness-Grammar	"edit for grammar"	H
edit	L1	746	编辑	G2-Correctness-Grammar	"edit pass"	M
edit	L1	782	编辑	G2-Correctness-Grammar	"edit for grammar"	H
edit	L1	644	编辑	G2-Correctness-Grammar	"edit for grammar"	H
edit	L1	440	编辑	G2-Correctness-Grammar	"edit pass"	M
edit	L1	675	编辑	G2-Correctness-Grammar	"edit for grammar"	H
edit	L1	607	编辑	G2-Correctness-Grammar	"edit pass"	M
edit	L1	55	编辑	G2-Correctness-Grammar	"edit for grammar"	H
edit	L1	745	编辑	G2-Correctness-Grammar	"edit for grammar"	H
edit	L1	696	编辑	G2-Correctness-Grammar	"edit for grammar"	H
edit	L1	808	编辑	G2-Correctness-Grammar	"edit pass"	M
edit	L1	621	编辑	G2-Correctness-Grammar	"edit for grammar"	H
edit	L1	602	编辑	G2-Correctness-Grammar	"edit pass"	M
edit	L1	782	编辑	G2-Correctness-Grammar	"edit for grammar"	H
edit	L1	710	编辑	G2-Correctness-Grammar	"edit for grammar"	H
edit	L1	774	编辑	G2-Correctness-Grammar	"edit for grammar"	H
edit	L1	590	编辑	G2-Correctness-Grammar	"edit pass"	M
edit	L1	530	编辑	G2-Correctness-Grammar	"edit pass"	M
edit	L1	771	编辑	G2-Correctness-Grammar	"edit for grammar"	H
edit	L1	818	编辑	G2-Correctness-Grammar	"edit for grammar"	H
edit	L1	794	编辑	G2-Correctness-Grammar	"edit for grammar"	H
edit	L1	655	编辑	G2-Correctness-Grammar	"edit pass"	M
edit	L1	623	编辑	G2-Correctness-Grammar	"edit for grammar"	H
edit	L1	742	编辑	G2-Correctness-Grammar	"edit for grammar"	H
edit	L1	624	编辑	G2-Correctness-Grammar	"edit for grammar"	H
edit	L1	753	编辑	G2-Correctness-Grammar	"edit for grammar"	H
edit	L1	609	编辑	G2-Correctness-Grammar	"edit for grammar"	H
edit	L1	672	编辑	G2-Correctness-Grammar	"edit pass"	M
edit	L1	797	编辑	G2-Correctness-Grammar	"edit pass"	M
edit	L1	770	编辑	G2-Correctness-Grammar	"edit for grammar"	H
edit	L1	834	编辑	G2-Correctness-Grammar	"edit for grammar"	H
edit	L1	739	编辑	G2-Correctness-Grammar	"edit pass"	M
edit	L1	686	编辑	G2-Correctness-Grammar	"edit for grammar"	H
edit	L1	578	编辑	G2-Correctness-Grammar	"edit for grammar"	H
edit	L1	693	编辑	G2-Correctness-Grammar	"edit for grammar"	H
edit	L1	640	编辑	G2-Correctness-Grammar	"edit for grammar"	H
edit	L1	634	编辑	G2-Correctness-Grammar	"edit for grammar"	H
edit	L1	658	编辑	G2-Correctness-Grammar	"edit for grammar"	H
consistent	Generic	480	一致	G2-Correctness-Grammar	"consistent grammar"	H
consistent	Generic	551	一致	G2-Correctness-Grammar	"consistent grammar"	H
consistent	Generic	654	一致	G2-Wording	"consistent tone"	H
consistent	Generic	576	一致	G2-Wording	"consistent tone"	H
consistent	Generic	680	一致	G2-Wording	"consistent voice"	H
consistent	Generic	51	一致	G1-Ideas	"consistent argument"	H
consistent	Generic	508	一致	G2-Correctness-Grammar	"consistent grammar"	H
consistent	Generic	535	一致	G2-Correctness-Grammar	"consistent grammar"	H
consistent	Generic	654	一致	G1-Development	"consistent development"	H
consistent	Generic	599	一致	G2-Correctness-Grammar	"consistent grammar"	H
consistent	Generic	481	一致	G2-Correctness-Grammar	"consistent grammar"	H
consistent	Generic	168	一致	G2-Correctness-Grammar	"be consistent"	M
consistent	Generic	625	一致	G1-Ideas	"consistent argument"	H
consistent	Generic	597	一致	G2-Correctness-Grammar	"consistent grammar"	H
consistent	Generic	740	一致	G1-Development	"consistent development"	H
consistent	Generic	532	一致	G2-Correctness-Grammar	"be consistent"	M
consistent	Generic	663	一致	G2-Correctness-Grammar	"be consistent"	M
consistent	Generic	682	一致	G2-Correctness-Grammar	"be consistent"	M
consistent	Generic	540	一致	G2-Correctness-Grammar	"consistent grammar"	H
consistent	Generic	644	一致	G2-Correctness-Grammar	"consistent grammar"	H
consistent	Generic	609	一致	G2-Correctness-Grammar	"be consistent"	M
consistent	Generic	615	一致	G2-Correctness-Grammar	"consistent grammar"	H
consistent	Generic	659	一致	G1-Ideas	"consistent argument"	H
consistent	Generic	462	一致	G2-Wording	"consistent tone"	H
consistent	Generic	676	一致	G2-Correctness-Grammar	"consistent grammar"	H
consistent	Generic	577	一致	G2-Correctness-Grammar	"consistent grammar"	H
consistent	Generic	41	一致	G1-Ideas	"consistent argument"	H
consistent	Generic	291	一致	G2-Correctness-Grammar	"be consistent"	M
consistent	Generic	677	一致	G1-Ideas	"consistent argument"	H
consistent	Generic	406	一致	G2-Correctness-Grammar	"be consistent"	M
consistent	Generic	743	一致	G1-Ideas	"consistent argument"	H
consistent	Generic	623	一致	G2-Correctness-Grammar	"consistent grammar"	H
consistent	Generic	529	一致	G2-Correctness-Grammar	"be consistent"	M
consistent	Generic	702	一致	G2-Correctness-Grammar	"be consistent"	M
consistent	Generic	229	一致	G2-Correctness-Grammar	"consistent grammar"	H
consistent	Generic	473	一致	G2-Correctness-Grammar	"consistent grammar"	H
consistent	Generic	316	一致	G2-Correctness-Grammar	"be consistent"	M
consistent	Generic	508	一致	G1-Ideas	"consistent argument"	H
consistent	Generic	162	一致	G2-Correctness-Grammar	"be consistent"	M
consistent	Generic	396	一致	G2-Correctness-Grammar	"be consistent"	M
consistent	Generic	783	一致	G2-Correctness-Grammar	"consistent grammar"	H
consistent	Generic	185	一致	G2-Correctness-Grammar	"consistent grammar"	H
consistent	Generic	90	一致	G2-Correctness-Grammar	"be consistent"	M
consistent	Generic	319	一致	G2-Correctness-Grammar	"be consistent"	M
consistent	Generic	755	一致	G2-Correctness-Grammar	"consistent grammar"	H
consistent	Generic	701	一致	G1-Ideas	"consistent argument"	H
consistent	Generic	337	一致	G2-Correctness-Grammar	"consistent grammar"	H
consistent	Generic	592	一致	G2-Correctness-Grammar	"consistent grammar"	H
consistent	Generic	411	一致	G2-Correctness-Grammar	"consistent grammar"	H
consistent	Generic	624	一致	G1-Ideas	"consistent argument"	H
consistent	Generic	637	一致	G2-Correctness-Grammar	"be consistent"	M
consistent	Generic	316	一致	G2-Correctness-Grammar	"be consistent"	M
consistent	Generic	217	一致	G2-Correctness-Grammar	"consistent grammar"	H
consistent	Generic	171	一致	G2-Correctness-Grammar	"consistent grammar"	H
consistent	Generic	610	一致	G2-Correctness-Grammar	"consistent grammar"	H
consistent	Generic	476	一致	G1-Ideas	"consistent argument"	H
consistent	Generic	717	一致	G2-Wording	"consistent tone"	H
consistent	Generic	653	一致	G2-Correctness-Grammar	"consistent grammar"	H
consistent	Generic	599	一致	G2-Wording	"consistent tone"	H
consistent	Generic	535	一致	G2-Correctness-Grammar	"be consistent"	M
consistent	Generic	204	一致	G1-Ideas	"consistent argument"	H
consistent	Generic	62	一致	G1-Ideas	"consistent argument"	H
consistent	Generic	470	一致	G2-Correctness-Grammar	"be consistent"	M
consistent	Generic	472	一致	G1-Ideas	"consistent argument"	H
consistent	Generic	604	一致	G2-Correctness-Grammar	"consistent grammar"	H
consistent	Generic	554	一致	G2-Correctness-Grammar	"be consistent"	M
consistent	Generic	571	一致	G2-Correctness-Grammar	"consistent grammar"	H
consistent	Generic	829	一致	G1-Ideas	"consistent argument"	H
consistent	Generic	79	一致	G2-Correctness-Grammar	"consistent grammar"	H
consistent	Generic	363	一致	G2-Correctness-Grammar	"be consistent"	M
consistent	Generic	130	一致	G1-Development	"consistent development"	H
consistent	Generic	11	一致	G1-Ideas	"consistent argument"	H
consistent	Generic	562	一致	G2-Wording	"consistent tone"	H
consistent	Generic	837	一致	G1-Ideas	"consistent argument"	H
consistent	Generic	547	一致	G2-Correctness-Grammar	"be consistent"	M
consistent	Generic	708	一致	G2-Wording	"consistent tone"	H
consistent	Generic	627	一致	G2-Correctness-Grammar	"be consistent"	M
consistent	Generic	746	一致	G2-Correctness-Grammar	"be consistent"	M
consistent	Generic	339	一致	G1-Ideas	"consistent argument"	H
consistent	Generic	11	一致	G2-Correctness-Grammar	"be consistent"	M
consistent	Generic	85	一致	G2-Correctness-Grammar	"consistent grammar"	H
consistent	Generic	594	一致	G2-Correctness-Grammar	"be consistent"	M
consistent	Generic	301	一致	G2-Correctness-Grammar	"consistent grammar"	H
consistent	Generic	489	一致	G2-Correctness-Grammar	"be consistent"	M
consistent	Generic	11	一致	G2-Correctness-Grammar	"be consistent"	M
consistent	Generic	512	一致	G2-Correctness-Grammar	"be consistent"	M
consistent	Generic	630	一致	G2-Correctness-Grammar	"consistent grammar"	H
consistent	Generic	80	一致	G1-Ideas	"consistent argument"	H
consistent	Generic	242	一致	G1-Ideas	"consistent argument"	H
consistent	Generic	810	一致	G1-Ideas	"consistent argument"	H
consistent	Generic	204	一致	G2-Correctness-Grammar	"be consistent"	M
consistent	Generic	73	一致	G1-Ideas	"consistent argument"	H
consistent	Generic	78	一致	G1-Ideas	"consistent argument"	H
consistent	Generic	669	一致	G2-Correctness-Grammar	"be consistent"	M
consistent	Generic	72	一致	G2-Correctness-Grammar	"consistent grammar"	H
consistent	Generic	73	一致	G1-Ideas	"consistent argument"	H
consistent	Generic	10	一致	G1-Ideas	"consistent argument"	H
consistent	Generic	82	一致	G2-Correctness-Grammar	"consistent grammar"	H
consistent	Generic	738	一致	G1-Ideas	"consistent argument"	H
consistent	Generic	478	一致	G2-Correctness-Grammar	"be consistent"	M
consistent	Generic	740	一致	G2-Correctness-Grammar	"be consistent"	M
consistent	Generic	30	一致	G1-Ideas	"consistent argument"	H
consistent	Generic	70	一致	G2-Correctness-Grammar	"consistent grammar"	H
consistent	Generic	396	一致	G2-Correctness-Grammar	"be consistent"	M
consistent	Generic	50	一致	G1-Ideas	"consistent argument"	H
consistent	Generic	658	一致	G2-Correctness-Grammar	"consistent grammar"	H
consistent	Generic	64	一致	G2-Correctness-Grammar	"consistent grammar"	H
consistent	Generic	662	一致	G2-Correctness-Grammar	"be consistent"	M
consistent	Generic	77	一致	G2-Wording	"consistent tone"	H
consistent	Generic	702	一致	G2-Wording	"consistent tone"	H
consistent	Generic	428	一致	G2-Correctness-Grammar	"be consistent"	M
consistent	Generic	62	一致	G2-Correctness-Grammar	"consistent grammar"	H
consistent	Generic	59	一致	G1-Ideas	"consistent argument"	H
consistent	Generic	701	一致	G2-Correctness-Grammar	"be consistent"	M
consistent	Generic	93	一致	G1-Ideas	"consistent argument"	H
consistent	Generic	71	一致	G2-Correctness-Grammar	"consistent grammar"	H
consistent	Generic	534	一致	G2-Correctness-Grammar	"be consistent"	M
consistent	Generic	647	一致	G2-Correctness-Grammar	"be consistent"	M
consistent	Generic	592	一致	G2-Wording	"consistent tone"	H
consistent	Generic	71	一致	G2-Correctness-Grammar	"consistent grammar"	H
consistent	Generic	85	一致	G2-Wording	"consistent tone"	H
consistent	Generic	144	一致	G1-Ideas	"consistent argument"	H
consistent	Generic	11	一致	G2-Correctness-Grammar	"be consistent"	M
consistent	Generic	686	一致	G2-Correctness-Grammar	"consistent grammar"	H
consistent	Generic	636	一致	G2-Correctness-Grammar	"be consistent"	M
consistent	Generic	69	一致	G2-Correctness-Grammar	"consistent grammar"	H
consistent	Generic	656	一致	G2-Correctness-Grammar	"be consistent"	M
consistent	Generic	34	一致	G2-Correctness-Grammar	"consistent grammar"	H
consistent	Generic	750	一致	G2-Correctness-Grammar	"be consistent"	M
clearly	Generic	29	清楚地	NA	"comes through clearly"	H
clearly	Generic	319	清楚地	G1-Ideas	"state thesis clearly"	H
clearly	Generic	574	清楚地	G1-Ideas	"state thesis clearly"	H
clearly	Generic	64	清楚地	G1-Ideas	"state thesis clearly"	H
clearly	Generic	246	清楚地	G1-Ideas	"state thesis clearly"	H
clearly	Generic	319	清楚地	G1-Ideas	"clearly defined"	H
clearly	Generic	705	显然	NA	"clearly have"	H
clearly	Generic	131	清楚地	G1-Ideas	"state thesis clearly"	H
clearly	Generic	219	清楚地	G1-Ideas	"state thesis clearly"	H
clearly	Generic	126	清楚地	G1-Ideas	"state thesis clearly"	H
clearly	Generic	551	清楚地	G1-Ideas	"clearly"	M
clearly	Generic	25	显然	NA	"you clearly have"	H
clearly	Generic	155	清楚地	G1-Ideas	"state thesis clearly"	H
clearly	Generic	264	清楚地	G1-Ideas	"clearly defined"	H
clearly	Generic	619	清楚地	G1-Ideas	"state thesis clearly"	H
clearly	Generic	669	清楚地	G1-Ideas	"clearly"	M
clearly	Generic	13	显然	NA	"you clearly have"	H
clearly	Generic	117	清楚地	G1-Ideas	"state thesis clearly"	H
clearly	Generic	16	显然	NA	"you clearly have"	H
clearly	Generic	25	显然	NA	"you clearly have"	H
clearly	Generic	125	清楚地	G1-Ideas	"state thesis clearly"	H
clearly	Generic	16	显然	NA	"you clearly have"	H
clearly	Generic	162	清楚地	G1-Ideas	"state thesis clearly"	H
clearly	Generic	13	显然	NA	"you clearly have"	H
clearly	Generic	97	清楚地	G1-Ideas	"clearly"	M
clearly	Generic	749	清楚地	G1-Ideas	"state thesis clearly"	H
clearly	Generic	18	显然	NA	"you clearly have"	H
clearly	Generic	256	清楚地	G1-Ideas	"clearly"	M
clearly	Generic	142	清楚地	G1-Ideas	"state thesis clearly"	H
clearly	Generic	666	清楚地	G1-Ideas	"state thesis clearly"	H
clearly	Generic	723	清楚地	G1-Ideas	"clearly"	M
clearly	Generic	354	清楚地	G1-Ideas	"clearly defined"	H
clearly	Generic	138	清楚地	G1-Ideas	"clearly"	M
clearly	Generic	385	清楚地	G1-Ideas	"more clearly"	H
clearly	Generic	22	显然	NA	"you clearly have"	H
clearly	Generic	719	清楚地	G1-Ideas	"clearly"	M
clearly	Generic	25	清楚地	NA	"comes through clearly"	H
clearly	Generic	79	清楚地	G1-Ideas	"not clearly"	H
clearly	Generic	376	清楚地	G1-Ideas	"state thesis clearly"	H
clearly	Generic	671	清楚地	G1-Ideas	"clearly"	M
clearly	Generic	18	显然	NA	"you clearly have"	H
clearly	Generic	251	清楚地	G1-Ideas	"state thesis clearly"	H
clearly	Generic	32	清楚地	G1-Ideas	"clearly"	M
clearly	Generic	57	清楚地	G1-Ideas	"state thesis clearly"	H
clearly	Generic	163	清楚地	G1-Ideas	"clearly"	M
clearly	Generic	335	清楚地	G1-Ideas	"more clearly"	H
clearly	Generic	35	清楚地	NA	"comes through clearly"	H
clearly	Generic	421	清楚地	G1-Ideas	"more clearly"	H
clearly	Generic	21	显然	NA	"you clearly have"	H
clearly	Generic	132	清楚地	G1-Ideas	"state thesis clearly"	H
clearly	Generic	240	清楚地	G1-Ideas	"state thesis clearly"	H
clearly	Generic	676	清楚地	G1-Ideas	"state thesis clearly"	H
clearly	Generic	227	清楚地	G1-Ideas	"clearly defined"	H
clearly	Generic	478	清楚地	G1-Ideas	"clearly"	M
clearly	Generic	28	清楚地	NA	"comes through clearly"	H
clearly	Generic	373	清楚地	G1-Ideas	"state thesis clearly"	H
clearly	Generic	694	清楚地	G1-Ideas	"clearly defined"	H
clearly	Generic	40	清楚地	NA	"comes through clearly"	H
clearly	Generic	639	清楚地	G1-Ideas	"clearly defined"	H
clearly	Generic	445	清楚地	G1-Ideas	"clearly"	M
clearly	Generic	127	清楚地	G1-Ideas	"state thesis clearly"	H
clearly	Generic	380	清楚地	G1-Ideas	"state thesis clearly"	H
clearly	Generic	28	显然	NA	"you clearly have"	H
clearly	Generic	353	清楚地	G1-Ideas	"not clearly"	H
clearly	Generic	597	清楚地	G1-Ideas	"clearly"	M
clearly	Generic	28	清楚地	NA	"comes through clearly"	H
clearly	Generic	195	清楚地	G1-Ideas	"clearly defined"	H
clearly	Generic	627	清楚地	G1-Ideas	"clearly"	M
clearly	Generic	204	清楚地	G1-Ideas	"clearly"	M
clearly	Generic	15	显然	NA	"you clearly have"	H
clearly	Generic	613	清楚地	G1-Ideas	"state thesis clearly"	H
clearly	Generic	19	显然	NA	"you clearly have"	H
clearly	Generic	38	显然	NA	"you clearly have"	H
clearly	Generic	95	清楚地	G1-Ideas	"state thesis clearly"	H
clearly	Generic	31	清楚地	NA	"comes through clearly"	H
clearly	Generic	181	清楚地	G1-Ideas	"not clearly"	H
clearly	Generic	435	清楚地	G1-Ideas	"clearly"	M
clearly	Generic	26	清楚地	NA	"comes through clearly"	H
clearly	Generic	726	清楚地	G1-Ideas	"more clearly"	H
clearly	Generic	36	清楚地	NA	"comes through clearly"	H
clearly	Generic	354	清楚地	G1-Ideas	"clearly defined"	H
clearly	Generic	590	清楚地	G1-Ideas	"state thesis clearly"	H
clearly	Generic	119	清楚地	G1-Ideas	"clearly"	M
clearly	Generic	639	清楚地	G1-Ideas	"clearly"	M
clearly	Generic	243	清楚地	G1-Ideas	"state thesis clearly"	H
clearly	Generic	97	清楚地	G1-Ideas	"clearly"	M
clearly	Generic	298	清楚地	G1-Ideas	"state thesis clearly"	H
clearly	Generic	18	清楚地	G1-Ideas	"clearly"	M
clearly	Generic	17	清楚地	G1-Ideas	"state thesis clearly"	H
clearly	Generic	101	清楚地	G1-Ideas	"clearly"	M
clearly	Generic	18	显然	NA	"you clearly have"	H
clearly	Generic	235	清楚地	G1-Ideas	"clearly defined"	H
clearly	Generic	268	清楚地	G1-Ideas	"state thesis clearly"	H
clearly	Generic	186	清楚地	G1-Ideas	"clearly"	M
clearly	Generic	21	清楚地	G1-Ideas	"state thesis clearly"	H
clearly	Generic	162	清楚地	G1-Ideas	"clearly defined"	H
clearly	Generic	250	清楚地	G1-Ideas	"clearly defined"	H
clearly	Generic	690	清楚地	G1-Ideas	"state thesis clearly"	H
clearly	Generic	18	显然	NA	"you clearly have"	H
clearly	Generic	227	清楚地	G1-Ideas	"state thesis clearly"	H
clearly	Generic	408	清楚地	G1-Ideas	"state thesis clearly"	H
clearly	Generic	115	清楚地	G1-Ideas	"state thesis clearly"	H
clearly	Generic	14	清楚地	G1-Ideas	"clearly"	M
clearly	Generic	26	清楚地	G1-Ideas	"clearly"	M
clearly	Generic	28	显然	NA	"you clearly have"	H
clearly	Generic	83	清楚地	G1-Ideas	"state thesis clearly"	H
clearly	Generic	540	清楚地	G1-Ideas	"clearly"	M
clearly	Generic	181	清楚地	G1-Ideas	"state thesis clearly"	H
clearly	Generic	29	显然	NA	"you clearly have"	H
clearly	Generic	22	清楚地	G1-Ideas	"clearly"	M
clearly	Generic	90	清楚地	G1-Ideas	"clearly"	M
clearly	Generic	540	清楚地	G1-Ideas	"state thesis clearly"	H
clearly	Generic	24	清楚地	NA	"comes through clearly"	H
clearly	Generic	94	清楚地	G1-Ideas	"not clearly"	H
clearly	Generic	148	清楚地	G1-Ideas	"clearly"	M
clearly	Generic	95	显然	NA	"clearly have"	H
clearly	Generic	224	清楚地	G1-Ideas	"not clearly"	H
clearly	Generic	30	清楚地	G1-Ideas	"clearly"	M
clearly	Generic	296	清楚地	G1-Ideas	"clearly"	M
clearly	Generic	32	显然	NA	"you clearly have"	H
clearly	Generic	217	清楚地	G1-Ideas	"state thesis clearly"	H
clearly	Generic	9	清楚地	G1-Ideas	"clearly"	M
clearly	Generic	241	清楚地	G1-Ideas	"state thesis clearly"	H
clearly	Generic	10	清楚地	G1-Ideas	"state thesis clearly"	H
clearly	Generic	19	清楚地	G1-Ideas	"clearly"	M
clearly	Generic	402	清楚地	G1-Ideas	"clearly"	M
clearly	Generic	824	清楚地	G1-Ideas	"clearly"	M
clearly	Generic	679	清楚地	G1-Ideas	"state thesis clearly"	H
clearly	Generic	30	显然	NA	"you clearly have"	H
clearly	Generic	689	清楚地	G1-Ideas	"state thesis clearly"	H
clearly	Generic	597	清楚地	G1-Ideas	"not clearly"	H
clearly	Generic	200	清楚地	G1-Ideas	"state thesis clearly"	H
clearly	Generic	370	清楚地	G1-Ideas	"more clearly"	H
clearly	Generic	14	清楚地	G1-Ideas	"clearly"	M
clearly	Generic	33	清楚地	G1-Ideas	"clearly"	M
clearly	Generic	238	清楚地	G1-Ideas	"state thesis clearly"	H
clearly	Generic	20	显然	NA	"clearly have"	H
clearly	Generic	108	清楚地	G1-Ideas	"state thesis clearly"	H
clearly	Generic	749	清楚地	G1-Ideas	"state thesis clearly"	H
clearly	Generic	205	清楚地	G1-Ideas	"state thesis clearly"	H
clearly	Generic	14	清楚地	G1-Ideas	"state thesis clearly"	H
clearly	Generic	29	清楚地	G1-Ideas	"clearly"	M
clearly	Generic	299	清楚地	G1-Ideas	"not clearly"	H
clearly	Generic	721	清楚地	G1-Ideas	"clearly"	M
clearly	Generic	17	显然	NA	"you clearly have"	H
clearly	Generic	243	清楚地	G1-Ideas	"state thesis clearly"	H
clearly	Generic	35	清楚地	NA	"comes through clearly"	H
clearly	Generic	211	清楚地	G1-Ideas	"clearly"	M
clearly	Generic	626	清楚地	G1-Ideas	"clearly"	M
clearly	Generic	21	显然	NA	"you clearly have"	H
clearly	Generic	779	清楚地	G1-Ideas	"state thesis clearly"	H
clearly	Generic	59	清楚地	G1-Ideas	"state thesis clearly"	H
clearly	Generic	27	清楚地	NA	"comes through clearly"	H
clearly	Generic	82	清楚地	G1-Ideas	"clearly"	M
clearly	Generic	119	清楚地	G1-Ideas	"state thesis clearly"	H
clearly	Generic	25	显然	NA	"you clearly have"	H
clearly	Generic	75	清楚地	G1-Ideas	"state thesis clearly"	H
clearly	Generic	508	清楚地	G1-Ideas	"clearly"	M
clearly	Generic	19	显然	NA	"you clearly have"	H
clearly	Generic	26	清楚地	NA	"comes through clearly"	H
clearly	Generic	157	清楚地	G1-Ideas	"not clearly"	H
clearly	Generic	621	清楚地	G1-Ideas	"clearly"	M
clearly	Generic	24	显然	NA	"you clearly have"	H
clearly	Generic	116	清楚地	G1-Ideas	"not clearly"	H
clearly	Generic	227	清楚地	G1-Ideas	"state thesis clearly"	H
clearly	Generic	678	清楚地	G1-Ideas	"state thesis clearly"	H
clearly	Generic	19	显然	NA	"you clearly have"	H
clearly	Generic	264	清楚地	G1-Ideas	"clearly"	M
clearly	Generic	666	清楚地	G1-Ideas	"clearly"	M
clearly	Generic	676	清楚地	G1-Ideas	"state thesis clearly"	H
clearly	Generic	374	清楚地	G1-Ideas	"clearly"	M
clearly	Generic	627	清楚地	G1-Ideas	"clearly"	M
clearly	Generic	171	清楚地	G1-Ideas	"clearly defined"	H
clearly	Generic	449	清楚地	G1-Ideas	"not clearly"	H
clearly	Generic	631	清楚地	G1-Ideas	"more clearly"	H
clearly	Generic	13	显然	NA	"you clearly have"	H
clearly	Generic	94	清楚地	G1-Ideas	"clearly"	M
clearly	Generic	98	清楚地	G1-Ideas	"state thesis clearly"	H
clearly	Generic	769	清楚地	NA	"comes through clearly"	H
clearly	Generic	22	显然	NA	"you clearly have"	H
clearly	Generic	92	清楚地	NA	"comes through clearly"	H
clearly	Generic	25	清楚地	G1-Ideas	"clearly"	M
clearly	Generic	19	显然	NA	"you clearly have"	H
clearly	Generic	31	显然	NA	"you clearly have"	H
clearly	Generic	14	显然	NA	"you clearly have"	H
clearly	Generic	116	清楚地	G1-Ideas	"clearly"	M
clearly	Generic	158	清楚地	G1-Ideas	"not clearly"	H
clearly	Generic	709	清楚地	G1-Ideas	"clearly"	M
clearly	Generic	388	清楚地	G1-Ideas	"not clearly"	H
clearly	Generic	18	清楚地	G1-Ideas	"clearly defined"	H
clearly	Generic	14	显然	NA	"you clearly have"	H
clearly	Generic	78	清楚地	G1-Ideas	"state thesis clearly"	H
clearly	Generic	172	清楚地	G1-Ideas	"clearly"	M
clearly	Generic	24	清楚地	G1-Ideas	"clearly"	M
clearly	Generic	376	清楚地	G1-Ideas	"state thesis clearly"	H
clearly	Generic	29	清楚地	NA	"comes through clearly"	H
clearly	Generic	82	清楚地	G1-Ideas	"state thesis clearly"	H
clearly	Generic	16	显然	NA	"you clearly have"	H
clearly	Generic	109	清楚地	G1-Ideas	"state thesis clearly"	H
clearly	Generic	245	清楚地	G1-Ideas	"state thesis clearly"	H
clearly	Generic	19	清楚地	G1-Ideas	"clearly"	M
clearly	Generic	133	清楚地	G1-Ideas	"clearly"	M
clearly	Generic	563	清楚地	G1-Ideas	"clearly"	M
clearly	Generic	29	清楚地	NA	"comes through clearly"	H
clearly	Generic	162	清楚地	G1-Ideas	"clearly"	M
clearly	Generic	209	清楚地	G1-Ideas	"state thesis clearly"	H
clearly	Generic	300	清楚地	G1-Ideas	"clearly"	M
clearly	Generic	543	清楚地	G1-Ideas	"clearly defined"	H
clearly	Generic	26	清楚地	G1-Ideas	"clearly"	M
clearly	Generic	141	清楚地	G1-Ideas	"clearly"	M
clearly	Generic	13	清楚地	G1-Ideas	"clearly"	M
clearly	Generic	148	清楚地	G1-Ideas	"state thesis clearly"	H
clearly	Generic	28	显然	NA	"you clearly have"	H
clearly	Generic	24	清楚地	G1-Ideas	"clearly"	M
clearly	Generic	27	清楚地	NA	"comes through clearly"	H
clearly	Generic	619	清楚地	G1-Ideas	"clearly"	M
clearly	Generic	104	清楚地	G1-Ideas	"state thesis clearly"	H
clearly	Generic	135	清楚地	G1-Ideas	"state thesis clearly"	H
clearly	Generic	167	清楚地	G1-Ideas	"state thesis clearly"	H
clearly	Generic	240	清楚地	G1-Ideas	"more clearly"	H
clearly	Generic	156	清楚地	G1-Ideas	"state thesis clearly"	H
clearly	Generic	573	清楚地	G1-Ideas	"clearly"	M
clearly	Generic	165	清楚地	G1-Ideas	"state thesis clearly"	H
clearly	Generic	681	清楚地	G1-Ideas	"more clearly"	H
clearly	Generic	764	清楚地	G1-Ideas	"clearly"	M
clearly	Generic	164	清楚地	G1-Ideas	"state thesis clearly"	H
clearly	Generic	371	清楚地	G1-Ideas	"more clearly"	H
clearly	Generic	348	清楚地	G1-Ideas	"more clearly"	H
clearly	Generic	205	清楚地	G1-Ideas	"clearly"	M
clearly	Generic	163	清楚地	G1-Ideas	"state thesis clearly"	H
clearly	Generic	686	清楚地	G1-Ideas	"state thesis clearly"	H
clearly	Generic	210	清楚地	G1-Ideas	"not clearly"	H
clearly	Generic	678	清楚地	G1-Ideas	"clearly"	M
clearly	Generic	132	清楚地	G1-Ideas	"state thesis clearly"	H
clearly	Generic	173	清楚地	G1-Ideas	"state thesis clearly"	H
clearly	Generic	336	清楚地	G1-Ideas	"state thesis clearly"	H
clearly	Generic	842	清楚地	G1-Ideas	"state thesis clearly"	H
clearly	Generic	242	清楚地	G1-Ideas	"state thesis clearly"	H
clearly	Generic	137	清楚地	G1-Ideas	"state thesis clearly"	H
clearly	Generic	381	清楚地	G1-Ideas	"state thesis clearly"	H
clearly	Generic	737	清楚地	G1-Ideas	"state thesis clearly"	H
clearly	Generic	105	清楚地	G1-Ideas	"state thesis clearly"	H
clearly	Generic	11	清楚地	G1-Ideas	"clearly"	M
clearly	Generic	435	清楚地	G1-Ideas	"state thesis clearly"	H
clearly	Generic	150	清楚地	G1-Ideas	"state thesis clearly"	H
clearly	Generic	155	清楚地	G1-Ideas	"state thesis clearly"	H
clearly	Generic	41	清楚地	G1-Ideas	"clearly"	M
clearly	Generic	189	清楚地	G1-Ideas	"state thesis clearly"	H
clearly	Generic	707	清楚地	G1-Ideas	"state thesis clearly"	H
clearly	Generic	137	清楚地	G1-Ideas	"clearly"	M
clearly	Generic	282	清楚地	G1-Ideas	"clearly"	M
clearly	Generic	111	清楚地	G1-Ideas	"state thesis clearly"	H
clearly	Generic	231	清楚地	G1-Ideas	"state thesis clearly"	H
clearly	Generic	79	清楚地	G1-Ideas	"state thesis clearly"	H
clearly	Generic	401	清楚地	G1-Ideas	"more clearly"	H
clearly	Generic	121	清楚地	G1-Ideas	"state thesis clearly"	H
clearly	Generic	101	清楚地	G1-Ideas	"state thesis clearly"	H
clearly	Generic	299	清楚地	G1-Ideas	"clearly"	M
clearly	Generic	738	清楚地	G1-Ideas	"clearly"	M
clearly	Generic	661	清楚地	G1-Ideas	"more clearly"	H
clearly	Generic	789	清楚地	G1-Ideas	"state thesis clearly"	H
clearly	Generic	139	清楚地	G1-Ideas	"state thesis clearly"	H
clearly	Generic	332	清楚地	G1-Ideas	"clearly"	M
clearly	Generic	405	清楚地	G1-Ideas	"clearly"	M
clearly	Generic	730	清楚地	G1-Ideas	"state thesis clearly"	H
clearly	Generic	271	清楚地	G1-Ideas	"state thesis clearly"	H
clearly	Generic	701	清楚地	G1-Ideas	"state thesis clearly"	H
clearly	Generic	403	清楚地	G1-Ideas	"more clearly"	H
clearly	Generic	318	清楚地	G1-Ideas	"not clearly"	H
clearly	Generic	409	清楚地	G1-Ideas	"clearly"	M
clearly	Generic	678	清楚地	G1-Ideas	"more clearly"	H
clearly	Generic	697	清楚地	G1-Ideas	"state thesis clearly"	H
clearly	Generic	49	清楚地	G1-Ideas	"state thesis clearly"	H
clearly	Generic	663	清楚地	G1-Ideas	"state thesis clearly"	H
clearly	Generic	658	清楚地	G1-Ideas	"more clearly"	H
clearly	Generic	17	清楚地	G1-Ideas	"clearly"	M
clearly	Generic	610	清楚地	G1-Ideas	"more clearly"	H
clearly	Generic	127	清楚地	G1-Ideas	"state thesis clearly"	H
clearly	Generic	428	清楚地	G1-Ideas	"clearly"	M
clearly	Generic	512	清楚地	G1-Ideas	"more clearly"	H
clearly	Generic	630	清楚地	G1-Ideas	"not clearly"	H
clearly	Generic	574	清楚地	G1-Ideas	"more clearly"	H
clearly	Generic	624	清楚地	G1-Ideas	"clearly"	M
clearly	Generic	810	清楚地	G1-Ideas	"state thesis clearly"	H
clearly	Generic	603	清楚地	G1-Ideas	"clearly"	M
clearly	Generic	92	清楚地	G1-Ideas	"clearly defined"	H
clearly	Generic	21	显然	NA	"you clearly have"	H
clearly	Generic	196	清楚地	G1-Ideas	"state thesis clearly"	H
clearly	Generic	313	清楚地	G1-Ideas	"more clearly"	H
clearly	Generic	237	清楚地	G1-Ideas	"clearly"	M
clearly	Generic	328	清楚地	G1-Ideas	"more clearly"	H
clearly	Generic	664	清楚地	G1-Ideas	"state thesis clearly"	H
clearly	Generic	713	显然	NA	"you clearly have"	H
clearly	Generic	647	清楚地	G1-Ideas	"state thesis clearly"	H
clearly	Generic	179	清楚地	G1-Ideas	"state thesis clearly"	H
clearly	Generic	733	显然	NA	"you clearly have"	H
clearly	Generic	17	显然	NA	"you clearly have"	H
clearly	Generic	435	清楚地	G1-Ideas	"clearly"	M
clearly	Generic	481	清楚地	G1-Ideas	"clearly"	M
clearly	Generic	550	清楚地	G1-Ideas	"state thesis clearly"	H
clearly	Generic	415	清楚地	G1-Ideas	"clearly"	M
clearly	Generic	647	清楚地	G1-Ideas	"state thesis clearly"	H
clearly	Generic	727	清楚地	G1-Ideas	"state thesis clearly"	H
clearly	Generic	139	清楚地	G1-Ideas	"state thesis clearly"	H
clearly	Generic	213	清楚地	G1-Ideas	"clearly"	M
clearly	Generic	716	清楚地	G1-Ideas	"state thesis clearly"	H
clearly	Generic	145	清楚地	G1-Ideas	"clearly defined"	H
clearly	Generic	475	清楚地	G1-Ideas	"clearly"	M
clearly	Generic	481	清楚地	G1-Ideas	"clearly"	M
clearly	Generic	178	清楚地	G1-Ideas	"state thesis clearly"	H
clearly	Generic	558	清楚地	G1-Ideas	"not clearly"	H
clearly	Generic	670	清楚地	G1-Ideas	"clearly"	M
clearly	Generic	748	清楚地	G1-Ideas	"state thesis clearly"	H
clearly	Generic	325	清楚地	G1-Ideas	"clearly defined"	H
clearly	Generic	210	清楚地	G1-Ideas	"more clearly"	H
clearly	Generic	327	清楚地	G1-Ideas	"more clearly"	H
clearly	Generic	60	清楚地	G1-Ideas	"state thesis clearly"	H
clearly	Generic	153	清楚地	G1-Ideas	"state thesis clearly"	H
clearly	Generic	153	清楚地	G1-Ideas	"state thesis clearly"	H
clearly	Generic	647	清楚地	G1-Ideas	"more clearly"	H
clearly	Generic	134	清楚地	G1-Ideas	"state thesis clearly"	H
clearly	Generic	680	清楚地	G1-Ideas	"more clearly"	H
clearly	Generic	468	清楚地	G1-Ideas	"clearly"	M
clearly	Generic	531	清楚地	G1-Ideas	"state thesis clearly"	H
clearly	Generic	17	显然	NA	"you clearly have"	H
clearly	Generic	300	清楚地	G1-Ideas	"state thesis clearly"	H
clearly	Generic	367	清楚地	G1-Ideas	"clearly defined"	H
clearly	Generic	764	清楚地	G1-Ideas	"state thesis clearly"	H
clearly	Generic	128	显然	NA	"you clearly have"	H
clearly	Generic	187	清楚地	G1-Ideas	"clearly"	M
clearly	Generic	718	清楚地	G1-Ideas	"more clearly"	H
clearly	Generic	227	清楚地	G1-Ideas	"state thesis clearly"	H
clearly	Generic	269	清楚地	G1-Ideas	"clearly"	M
clearly	Generic	772	清楚地	G1-Ideas	"state thesis clearly"	H
clearly	Generic	175	清楚地	G1-Ideas	"not clearly"	H
clearly	Generic	711	清楚地	G1-Ideas	"state thesis clearly"	H
clearly	Generic	191	清楚地	G1-Ideas	"clearly"	M
clearly	Generic	438	清楚地	G1-Ideas	"more clearly"	H
clearly	Generic	722	清楚地	G1-Ideas	"state thesis clearly"	H
clearly	Generic	361	清楚地	G1-Ideas	"state thesis clearly"	H
clearly	Generic	821	清楚地	G1-Ideas	"state thesis clearly"	H
clearly	Generic	80	清楚地	G1-Ideas	"state thesis clearly"	H
clearly	Generic	281	清楚地	G1-Ideas	"state thesis clearly"	H
clearly	Generic	183	清楚地	G1-Ideas	"clearly"	M
clearly	Generic	645	清楚地	G1-Ideas	"clearly"	M
clearly	Generic	65	清楚地	G1-Ideas	"state thesis clearly"	H
clearly	Generic	397	清楚地	G1-Ideas	"clearly"	M
clearly	Generic	707	清楚地	G1-Ideas	"clearly"	M
clearly	Generic	165	清楚地	G1-Ideas	"state thesis clearly"	H
clearly	Generic	151	清楚地	G1-Ideas	"clearly"	M
clearly	Generic	179	清楚地	G1-Ideas	"clearly"	M
clearly	Generic	312	清楚地	G1-Ideas	"clearly"	M
clearly	Generic	459	清楚地	G1-Ideas	"more clearly"	H
clearly	Generic	508	清楚地	G1-Ideas	"state thesis clearly"	H
clearly	Generic	800	清楚地	G1-Ideas	"state thesis clearly"	H
clearly	Generic	72	清楚地	G1-Ideas	"clearly"	M
clearly	Generic	328	清楚地	G1-Ideas	"state thesis clearly"	H
clearly	Generic	71	清楚地	G1-Ideas	"state thesis clearly"	H
clearly	Generic	61	清楚地	G1-Ideas	"state thesis clearly"	H
clearly	Generic	351	清楚地	G1-Ideas	"state thesis clearly"	H
clearly	Generic	666	清楚地	G1-Ideas	"more clearly"	H
clearly	Generic	59	清楚地	G1-Ideas	"state thesis clearly"	H
clearly	Generic	610	清楚地	G1-Ideas	"more clearly"	H
clearly	Generic	165	清楚地	G1-Ideas	"clearly"	M
clearly	Generic	580	清楚地	G1-Ideas	"clearly"	M
clearly	Generic	313	清楚地	G1-Ideas	"clearly"	M
clearly	Generic	314	清楚地	G1-Ideas	"state thesis clearly"	H
clearly	Generic	189	清楚地	G1-Ideas	"state thesis clearly"	H
clearly	Generic	11	清楚地	G1-Ideas	"clearly"	M
clearly	Generic	661	清楚地	G1-Ideas	"clearly"	M
clearly	Generic	789	清楚地	G1-Ideas	"state thesis clearly"	H
clearly	Generic	405	清楚地	G1-Ideas	"state thesis clearly"	H
clearly	Generic	460	清楚地	G1-Ideas	"state thesis clearly"	H
clearly	Generic	265	清楚地	G1-Ideas	"clearly"	M
clearly	Generic	551	清楚地	G1-Ideas	"more clearly"	H
clearly	Generic	716	清楚地	G1-Ideas	"state thesis clearly"	H
clearly	Generic	313	清楚地	G1-Ideas	"more clearly"	H
clearly	Generic	229	清楚地	G1-Ideas	"clearly"	M
clearly	Generic	766	清楚地	G1-Ideas	"state thesis clearly"	H
clearly	Generic	28	显然	NA	"you clearly have"	H
clearly	Generic	73	清楚地	G1-Ideas	"clearly"	M
clearly	Generic	262	清楚地	G1-Ideas	"clearly"	M
clearly	Generic	372	清楚地	G1-Ideas	"state thesis clearly"	H
clearly	Generic	535	清楚地	G1-Ideas	"clearly"	M
clearly	Generic	544	清楚地	G1-Ideas	"clearly defined"	H
clearly	Generic	255	清楚地	G1-Ideas	"clearly"	M
clearly	Generic	324	清楚地	G1-Ideas	"state thesis clearly"	H
clearly	Generic	436	清楚地	G1-Ideas	"clearly defined"	H
clearly	Generic	748	清楚地	G1-Ideas	"clearly defined"	H
clearly	Generic	803	显然	NA	"you clearly have"	H
clearly	Generic	170	清楚地	G1-Ideas	"state thesis clearly"	H
clearly	Generic	268	清楚地	G1-Ideas	"clearly defined"	H
clearly	Generic	662	清楚地	G1-Ideas	"state thesis clearly"	H
clearly	Generic	258	清楚地	G1-Ideas	"clearly"	M
clearly	Generic	419	清楚地	G1-Ideas	"clearly"	M
clearly	Generic	710	清楚地	G1-Ideas	"state thesis clearly"	H
clearly	Generic	730	清楚地	G1-Ideas	"more clearly"	H
clearly	Generic	361	清楚地	G1-Ideas	"more clearly"	H
clearly	Generic	385	清楚地	G1-Ideas	"clearly"	M
clearly	Generic	604	清楚地	G1-Ideas	"state thesis clearly"	H
clearly	Generic	693	清楚地	G1-Ideas	"state thesis clearly"	H
clearly	Generic	286	清楚地	G1-Ideas	"more clearly"	H
clearly	Generic	307	清楚地	G1-Ideas	"clearly"	M
clearly	Generic	430	清楚地	G1-Ideas	"clearly"	M
clearly	Generic	328	清楚地	G1-Ideas	"state thesis clearly"	H
clearly	Generic	104	清楚地	G1-Ideas	"clearly"	M
clearly	Generic	673	清楚地	G1-Ideas	"state thesis clearly"	H
clearly	Generic	723	清楚地	G1-Ideas	"more clearly"	H
clearly	Generic	797	清楚地	G1-Ideas	"more clearly"	H
clearly	Generic	15	清楚地	G1-Ideas	"clearly"	M
clearly	Generic	289	清楚地	G1-Ideas	"clearly"	M
clearly	Generic	381	清楚地	G1-Ideas	"clearly defined"	H
clearly	Generic	143	清楚地	G1-Ideas	"state thesis clearly"	H
clearly	Generic	276	清楚地	G1-Ideas	"state thesis clearly"	H
clearly	Generic	386	清楚地	G1-Ideas	"clearly"	M
clearly	Generic	482	清楚地	G1-Ideas	"clearly"	M
clearly	Generic	516	清楚地	G1-Ideas	"clearly"	M
clearly	Generic	224	清楚地	G1-Ideas	"clearly"	M
clearly	Generic	416	清楚地	G1-Ideas	"state thesis clearly"	H
clearly	Generic	66	清楚地	G1-Ideas	"state thesis clearly"	H
clearly	Generic	439	清楚地	G1-Ideas	"clearly"	M
clearly	Generic	252	清楚地	G1-Ideas	"state thesis clearly"	H
clearly	Generic	750	清楚地	G1-Ideas	"clearly"	M
clearly	Generic	301	清楚地	G1-Ideas	"more clearly"	H
clearly	Generic	762	清楚地	G1-Ideas	"state thesis clearly"	H
clearly	Generic	684	清楚地	G1-Ideas	"clearly"	M
clearly	Generic	146	清楚地	G1-Ideas	"state thesis clearly"	H
clearly	Generic	564	清楚地	G1-Ideas	"state thesis clearly"	H
clearly	Generic	217	清楚地	G1-Ideas	"clearly"	M
clearly	Generic	129	清楚地	G1-Ideas	"state thesis clearly"	H
clearly	Generic	218	清楚地	G1-Ideas	"state thesis clearly"	H
clearly	Generic	204	清楚地	G1-Ideas	"more clearly"	H
clearly	Generic	41	显然	NA	"you clearly have"	H
clearly	Generic	615	清楚地	G1-Ideas	"more clearly"	H
clearly	Generic	226	清楚地	G1-Ideas	"clearly"	M
clearly	Generic	615	清楚地	G1-Ideas	"state thesis clearly"	H
clearly	Generic	41	显然	NA	"you clearly have"	H
clearly	Generic	174	清楚地	G1-Ideas	"not clearly"	H
clearly	Generic	352	清楚地	G1-Ideas	"more clearly"	H
clearly	Generic	815	显然	NA	"you clearly have"	H
clearly	Generic	87	清楚地	G1-Ideas	"state thesis clearly"	H
clearly	Generic	407	清楚地	G1-Ideas	"clearly"	M
clearly	Generic	760	显然	NA	"you clearly have"	H
clearly	Generic	268	清楚地	G1-Ideas	"state thesis clearly"	H
clearly	Generic	504	清楚地	G1-Ideas	"state thesis clearly"	H
clearly	Generic	523	清楚地	G1-Ideas	"clearly"	M
clearly	Generic	551	清楚地	G1-Ideas	"clearly"	M
clearly	Generic	109	清楚地	G1-Ideas	"state thesis clearly"	H
clearly	Generic	729	清楚地	G1-Ideas	"more clearly"	H
clearly	Generic	277	清楚地	G1-Ideas	"state thesis clearly"	H
clearly	Generic	292	清楚地	G1-Ideas	"state thesis clearly"	H
clearly	Generic	428	清楚地	G1-Ideas	"clearly defined"	H
clearly	Generic	156	清楚地	G1-Ideas	"state thesis clearly"	H
clearly	Generic	419	清楚地	G1-Ideas	"more clearly"	H
clearly	Generic	61	清楚地	G1-Ideas	"clearly"	M
clearly	Generic	310	清楚地	G1-Ideas	"state thesis clearly"	H
clearly	Generic	435	清楚地	G1-Ideas	"clearly defined"	H
clearly	Generic	717	清楚地	G1-Ideas	"state thesis clearly"	H
clearly	Generic	310	清楚地	G1-Ideas	"state thesis clearly"	H
clearly	Generic	727	清楚地	G1-Ideas	"clearly"	M
clearly	Generic	8	清楚地	G1-Ideas	"state thesis clearly"	H
clearly	Generic	421	清楚地	G1-Ideas	"clearly defined"	H
clearly	Generic	608	清楚地	G1-Ideas	"clearly"	M
clearly	Generic	157	清楚地	G1-Ideas	"state thesis clearly"	H
clearly	Generic	592	清楚地	G1-Ideas	"state thesis clearly"	H
clearly	Generic	319	清楚地	G1-Ideas	"clearly"	M
clearly	Generic	558	清楚地	G1-Ideas	"more clearly"	H
clearly	Generic	25	显然	NA	"you clearly have"	H
clearly	Generic	672	清楚地	G1-Ideas	"clearly"	M
clearly	Generic	247	清楚地	G1-Ideas	"not clearly"	H
clearly	Generic	723	清楚地	G1-Ideas	"state thesis clearly"	H
clearly	Generic	63	清楚地	G1-Ideas	"clearly"	M
clearly	Generic	191	清楚地	G1-Ideas	"state thesis clearly"	H
clearly	Generic	217	清楚地	G1-Ideas	"clearly"	M
clearly	Generic	148	清楚地	G1-Ideas	"not clearly"	H
clearly	Generic	338	清楚地	G1-Ideas	"clearly"	M
clearly	Generic	117	清楚地	G1-Ideas	"state thesis clearly"	H
clearly	Generic	702	清楚地	G1-Ideas	"state thesis clearly"	H
clearly	Generic	136	清楚地	G1-Ideas	"state thesis clearly"	H
clearly	Generic	153	清楚地	G1-Ideas	"state thesis clearly"	H
clearly	Generic	382	清楚地	G1-Ideas	"clearly defined"	H
clearly	Generic	285	清楚地	G1-Ideas	"clearly defined"	H
clearly	Generic	502	清楚地	G1-Ideas	"clearly"	M
clearly	Generic	771	清楚地	G1-Ideas	"more clearly"	H
clearly	Generic	152	清楚地	G1-Ideas	"state thesis clearly"	H
clearly	Generic	122	清楚地	G1-Ideas	"not clearly"	H
clearly	Generic	122	清楚地	G1-Ideas	"state thesis clearly"	H
clearly	Generic	170	清楚地	G1-Ideas	"clearly"	M
clearly	Generic	735	清楚地	G1-Ideas	"clearly"	M
clearly	Generic	656	清楚地	G1-Ideas	"state thesis clearly"	H
clearly	Generic	341	清楚地	G1-Ideas	"state thesis clearly"	H
clearly	Generic	381	清楚地	G1-Ideas	"state thesis clearly"	H
clearly	Generic	101	清楚地	G1-Ideas	"clearly"	M
clearly	Generic	763	显然	NA	"you clearly have"	H
clearly	Generic	112	清楚地	G1-Ideas	"state thesis clearly"	H
clearly	Generic	654	清楚地	G1-Ideas	"more clearly"	H
clearly	Generic	743	清楚地	G1-Ideas	"more clearly"	H
clearly	Generic	98	清楚地	G1-Ideas	"state thesis clearly"	H
clearly	Generic	63	清楚地	G1-Ideas	"state thesis clearly"	H
clearly	Generic	186	清楚地	G1-Ideas	"state thesis clearly"	H
clearly	Generic	287	清楚地	G1-Ideas	"state thesis clearly"	H
clearly	Generic	704	清楚地	G1-Ideas	"state thesis clearly"	H
right	L1	170	现在	NA	"right now"	H
right	L1	424	现在	NA	"right now"	H
right	L1	532	现在	NA	"right now"	H
right	L1	101	现在	NA	"right now"	H
right	L1	293	现在	NA	"right now"	H
right	L1	420	现在	NA	"right now"	H
right	L1	273	现在	NA	"right now"	H
right	L1	645	现在	NA	"right now"	H
right	L1	292	现在	NA	"right now"	H
right	L1	324	现在	NA	"right now"	H
right	L1	85	现在	NA	"right now"	H
right	L1	149	现在	NA	"right now"	H
right	L1	179	现在	NA	"right now"	H
right	L1	150	现在	NA	"right now"	H
right	L1	457	现在	NA	"right now"	H
right	L1	528	现在	NA	"right now"	H
right	L1	340	现在	NA	"right now"	H
right	L1	711	现在	NA	"right now"	H
right	L1	125	现在	NA	"right now"	H
right	L1	185	现在	NA	"right now"	H
right	L1	63	现在	NA	"right now"	H
right	L1	360	现在	NA	"right now"	H
right	L1	462	对的	NA	"essay content"	M
right	L1	159	现在	NA	"right now"	H
right	L1	131	现在	NA	"right now"	H
right	L1	239	现在	NA	"right now"	H
right	L1	395	现在	NA	"right now"	H
right	L1	66	现在	NA	"right now"	H
right	L1	232	现在	NA	"right now"	H
right	L1	117	现在	NA	"right now"	H
right	L1	235	现在	NA	"right now"	H
right	L1	102	现在	NA	"right now"	H
right	L1	225	现在	NA	"right now"	H
right	L1	156	现在	NA	"right now"	H
right	L1	142	现在	NA	"right now"	H
right	L1	357	现在	NA	"right now"	H
right	L1	391	现在	NA	"right now"	H
right	L1	457	现在	NA	"right now"	H
right	L1	547	现在	NA	"right now"	H
right	L1	236	现在	NA	"right now"	H
right	L1	455	现在	NA	"right now"	H
right	L1	448	现在	NA	"right now"	H
right	L1	675	现在	NA	"right now"	H
right	L1	729	现在	NA	"right now"	H
right	L1	224	现在	NA	"right now"	H
right	L1	524	现在	NA	"right now"	H
right	L1	191	现在	NA	"right now"	H
right	L1	265	现在	NA	"right now"	H
right	L1	369	现在	NA	"right now"	H
right	L1	292	现在	NA	"right now"	H
right	L1	167	现在	NA	"right now"	H
right	L1	312	现在	NA	"right now"	H
right	L1	609	现在	NA	"right now"	H
right	L1	171	现在	NA	"right now"	H
right	L1	287	现在	NA	"right now"	H
right	L1	555	现在	NA	"right now"	H
right	L1	252	现在	NA	"right now"	H
right	L1	359	现在	NA	"right now"	H
right	L1	187	现在	NA	"right now"	H
right	L1	144	现在	NA	"right now"	H
right	L1	255	现在	NA	"right now"	H
right	L1	134	现在	NA	"right now"	H
right	L1	75	现在	NA	"right now"	H
right	L1	143	现在	NA	"right now"	H
right	L1	227	现在	NA	"right now"	H
right	L1	288	现在	NA	"right now"	H
right	L1	146	现在	NA	"right now"	H
right	L1	209	现在	NA	"right now"	H
right	L1	298	现在	NA	"right now"	H
right	L1	337	现在	NA	"right now"	H
right	L1	137	现在	NA	"right now"	H
right	L1	134	现在	NA	"right now"	H
right	L1	472	现在	NA	"right now"	H
right	L1	64	现在	NA	"right now"	H
right	L1	129	现在	NA	"right now"	H
right	L1	67	现在	NA	"right now"	H
right	L1	571	现在	NA	"right now"	H
right	L1	82	现在	NA	"right now"	H
right	L1	130	现在	NA	"right now"	H
right	L1	572	现在	NA	"right now"	H
right	L1	139	现在	NA	"right now"	H
right	L1	259	现在	NA	"right now"	H
right	L1	269	现在	NA	"right now"	H
right	L1	79	现在	NA	"right now"	H
right	L1	185	现在	NA	"right now"	H
right	L1	270	现在	NA	"right now"	H
right	L1	379	现在	NA	"right now"	H
right	L1	433	现在	NA	"right now"	H
right	L1	197	现在	NA	"right now"	H
right	L1	302	现在	NA	"right now"	H
right	L1	696	正确的	G2-Wording	"the right word"	H
right	L1	187	现在	NA	"right now"	H
right	L1	483	现在	NA	"right now"	H
right	L1	616	现在	NA	"right now"	H
right	L1	193	现在	NA	"right now"	H
right	L1	40	现在	NA	"right now"	H
right	L1	127	现在	NA	"right now"	H
right	L1	117	现在	NA	"right now"	H
right	L1	359	现在	NA	"right now"	H
right	L1	427	现在	NA	"right now"	H
right	L1	482	权利	NA	"right to"	H
right	L1	499	对的	NA	"essay content"	M
right	L1	213	现在	NA	"right now"	H
right	L1	78	现在	NA	"right now"	H
right	L1	554	现在	NA	"right now"	H
right	L1	252	现在	NA	"right now"	H
right	L1	361	现在	NA	"right now"	H
right	L1	396	现在	NA	"right now"	H
right	L1	569	就在	NA	"right before"	H
right	L1	154	现在	NA	"right now"	H
right	L1	357	现在	NA	"right now"	H
right	L1	103	现在	NA	"right now"	H
right	L1	89	现在	NA	"right now"	H
right	L1	312	现在	NA	"right now"	H
right	L1	86	现在	NA	"right now"	H
right	L1	408	现在	NA	"right now"	H
right	L1	416	对的	NA	"essay content"	M
right	L1	485	现在	NA	"right now"	H
right	L1	616	对的	NA	"essay content"	M
right	L1	632	对的	NA	"essay content"	M
right	L1	78	现在	NA	"right now"	H
right	L1	340	现在	NA	"right now"	H
right	L1	508	现在	NA	"right now"	H
right	L1	376	现在	NA	"right now"	H
right	L1	500	现在	NA	"right now"	H
right	L1	72	对的	NA	"essay content"	M
right	L1	257	现在	NA	"right now"	H
right	L1	383	现在	NA	"right now"	H
right	L1	632	权利	NA	"right to"	H
right	L1	135	现在	NA	"right now"	H
right	L1	220	现在	NA	"right now"	H
right	L1	490	正确的	G2-Wording	"the right word"	H
right	L1	132	现在	NA	"right now"	H
right	L1	644	现在	NA	"right now"	H
right	L1	274	现在	NA	"right now"	H
right	L1	315	现在	NA	"right now"	H
right	L1	439	现在	NA	"right now"	H
right	L1	449	现在	NA	"right now"	H
right	L1	511	现在	NA	"right now"	H
right	L1	172	现在	NA	"right now"	H
right	L1	206	现在	NA	"right now"	H
right	L1	290	现在	NA	"right now"	H
right	L1	565	现在	NA	"right now"	H
right	L1	79	现在	NA	"right now"	H
right	L1	562	现在	NA	"right now"	H
right	L1	202	现在	NA	"right now"	H
right	L1	384	现在	NA	"right now"	H
right	L1	105	现在	NA	"right now"	H
right	L1	56	现在	NA	"right now"	H
right	L1	128	权利	NA	"right to"	H
right	L1	156	现在	NA	"right now"	H
right	L1	446	现在	NA	"right now"	H
right	L1	676	权利	NA	"right to"	H
right	L1	245	现在	NA	"right now"	H
right	L1	418	对的	NA	"essay content"	M
right	L1	466	现在	NA	"right now"	H
right	L1	260	现在	NA	"right now"	H
right	L1	486	现在	NA	"right now"	H
right	L1	221	现在	NA	"right now"	H
right	L1	643	现在	NA	"right now"	H
right	L1	122	现在	NA	"right now"	H
right	L1	290	现在	NA	"right now"	H
right	L1	259	现在	NA	"right now"	H
right	L1	182	现在	NA	"right now"	H
right	L1	412	就在	NA	"right before"	H
right	L1	121	现在	NA	"right now"	H
right	L1	199	现在	NA	"right now"	H
right	L1	554	现在	NA	"right now"	H
right	L1	140	现在	NA	"right now"	H
right	L1	308	对的	NA	"essay content"	M
right	L1	645	现在	NA	"right now"	H
right	L1	301	现在	NA	"right now"	H
right	L1	179	权利	NA	"right to"	H
right	L1	218	权利	NA	"right to"	H
right	L1	241	权利	NA	"right to"	H
right	L1	296	现在	NA	"right now"	H
right	L1	161	现在	NA	"right now"	H
right	L1	304	现在	NA	"right now"	H
right	L1	15	权利	NA	"right to"	H
right	L1	70	权利	NA	"right to"	H
right	L1	124	对的	NA	"essay content"	M
right	L1	133	权利	NA	"right to"	H
right	L1	146	现在	NA	"right now"	H
right	L1	188	对的	NA	"essay content"	M
right	L1	563	现在	NA	"right now"	H
right	L1	810	权利	NA	"right to"	H
right	L1	484	现在	NA	"right now"	H
right	L1	533	对的	NA	"essay content"	M
right	L1	128	现在	NA	"right now"	H
right	L1	165	现在	NA	"right now"	H
right	L1	519	现在	NA	"right now"	H
right	L1	216	现在	NA	"right now"	H
right	L1	347	现在	NA	"right now"	H
right	L1	219	现在	NA	"right now"	H
right	L1	224	权利	NA	"right to"	H
right	L1	631	现在	NA	"right now"	H
right	L1	83	现在	NA	"right now"	H
right	L1	280	现在	NA	"right now"	H
right	L1	406	现在	NA	"right now"	H
right	L1	300	现在	NA	"right now"	H
right	L1	405	现在	NA	"right now"	H
right	L1	164	现在	NA	"right now"	H
right	L1	693	现在	NA	"right now"	H
right	L1	168	现在	NA	"right now"	H
right	L1	34	现在	NA	"right now"	H
right	L1	337	现在	NA	"right now"	H
right	L1	527	现在	NA	"right now"	H
right	L1	570	现在	NA	"right now"	H
right	L1	111	现在	NA	"right now"	H
right	L1	430	现在	NA	"right now"	H
right	L1	274	现在	NA	"right now"	H
right	L1	501	现在	NA	"right now"	H
right	L1	287	现在	NA	"right now"	H
right	L1	170	现在	NA	"right now"	H
right	L1	513	现在	NA	"right now"	H
right	L1	564	就在	NA	"right before"	H
right	L1	694	现在	NA	"right now"	H
right	L1	321	现在	NA	"right now"	H
right	L1	411	现在	NA	"right now"	H
right	L1	137	现在	NA	"right now"	H
right	L1	214	现在	NA	"right now"	H
right	L1	498	现在	NA	"right now"	H
right	L1	611	现在	NA	"right now"	H
right	L1	200	现在	NA	"right now"	H
right	L1	485	现在	NA	"right now"	H
right	L1	162	现在	NA	"right now"	H
right	L1	262	现在	NA	"right now"	H
right	L1	247	就在	NA	"right before"	H
right	L1	380	现在	NA	"right now"	H
right	L1	305	现在	NA	"right now"	H
right	L1	238	现在	NA	"right now"	H
right	L1	377	现在	NA	"right now"	H
right	L1	179	现在	NA	"right now"	H
right	L1	494	现在	NA	"right now"	H
right	L1	32	对的	NA	"essay content"	M
right	L1	169	现在	NA	"right now"	H
right	L1	208	现在	NA	"right now"	H
right	L1	371	对的	NA	"essay content"	M
right	L1	487	现在	NA	"right now"	H
right	L1	204	现在	NA	"right now"	H
right	L1	323	现在	NA	"right now"	H
right	L1	228	现在	NA	"right now"	H
right	L1	344	现在	NA	"right now"	H
right	L1	494	权利	NA	"right to"	H
right	L1	250	现在	NA	"right now"	H
right	L1	285	现在	NA	"right now"	H
right	L1	518	现在	NA	"right now"	H
right	L1	110	现在	NA	"right now"	H
right	L1	262	现在	NA	"right now"	H
right	L1	214	现在	NA	"right now"	H
right	L1	440	现在	NA	"right now"	H
right	L1	191	现在	NA	"right now"	H
right	L1	68	现在	NA	"right now"	H
right	L1	277	就在	NA	"right before"	H
right	L1	108	现在	NA	"right now"	H
right	L1	223	现在	NA	"right now"	H
right	L1	401	现在	NA	"right now"	H
right	L1	144	现在	NA	"right now"	H
right	L1	574	现在	NA	"right now"	H
right	L1	306	现在	NA	"right now"	H
right	L1	691	现在	NA	"right now"	H
right	L1	79	现在	NA	"right now"	H
right	L1	217	现在	NA	"right now"	H
right	L1	123	现在	NA	"right now"	H
right	L1	445	现在	NA	"right now"	H
right	L1	150	现在	NA	"right now"	H
right	L1	567	现在	NA	"right now"	H
right	L1	179	现在	NA	"right now"	H
right	L1	82	现在	NA	"right now"	H
right	L1	324	现在	NA	"right now"	H
right	L1	90	现在	NA	"right now"	H
right	L1	112	现在	NA	"right now"	H
right	L1	217	现在	NA	"right now"	H
right	L1	310	现在	NA	"right now"	H
right	L1	537	现在	NA	"right now"	H
right	L1	395	现在	NA	"right now"	H
right	L1	7	权利	NA	"right to"	H
right	L1	183	权利	NA	"right to"	H
right	L1	473	权利	NA	"right to"	H
right	L1	503	权利	NA	"right to"	H
right	L1	665	权利	NA	"right to"	H
right	L1	347	现在	NA	"right now"	H
right	L1	663	对的	NA	"essay content"	M
right	L1	141	现在	NA	"right now"	H
right	L1	299	权利	NA	"right to"	H
right	L1	335	现在	NA	"right now"	H
right	L1	547	现在	NA	"right now"	H
right	L1	645	权利	NA	"right to"	H
right	L1	152	现在	NA	"right now"	H
right	L1	487	现在	NA	"right now"	H
right	L1	589	现在	NA	"right now"	H
right	L1	335	现在	NA	"right now"	H
right	L1	138	权利	NA	"right to"	H
right	L1	142	现在	NA	"right now"	H
right	L1	274	现在	NA	"right now"	H
right	L1	662	对的	NA	"essay content"	M
right	L1	199	现在	NA	"right now"	H
right	L1	318	现在	NA	"right now"	H
right	L1	149	现在	NA	"right now"	H
right	L1	225	对的	NA	"essay content"	M
right	L1	64	现在	NA	"right now"	H
right	L1	116	权利	NA	"right to"	H
right	L1	187	对的	NA	"essay content"	M
right	L1	193	现在	NA	"right now"	H
right	L1	289	对的	NA	"essay content"	M
right	L1	419	权利	NA	"right to"	H
right	L1	60	现在	NA	"right now"	H
right	L1	157	现在	NA	"right now"	H
right	L1	62	现在	NA	"right now"	H
right	L1	314	现在	NA	"right now"	H
right	L1	154	现在	NA	"right now"	H
right	L1	186	现在	NA	"right now"	H
right	L1	302	现在	NA	"right now"	H
right	L1	552	现在	NA	"right now"	H
right	L1	180	现在	NA	"right now"	H
right	L1	288	现在	NA	"right now"	H
right	L1	233	现在	NA	"right now"	H
right	L1	479	现在	NA	"right now"	H
right	L1	140	现在	NA	"right now"	H
right	L1	60	现在	NA	"right now"	H
right	L1	75	现在	NA	"right now"	H
right	L1	77	现在	NA	"right now"	H
right	L1	52	现在	NA	"right now"	H
right	L1	96	现在	NA	"right now"	H
right	L1	239	现在	NA	"right now"	H
right	L1	68	现在	NA	"right now"	H
right	L1	79	现在	NA	"right now"	H
right	L1	66	现在	NA	"right now"	H
right	L1	73	现在	NA	"right now"	H
right	L1	190	现在	NA	"right now"	H
right	L1	179	现在	NA	"right now"	H
right	L1	276	现在	NA	"right now"	H
right	L1	624	现在	NA	"right now"	H
right	L1	757	现在	NA	"right now"	H
right	L1	82	现在	NA	"right now"	H
right	L1	291	现在	NA	"right now"	H
right	L1	164	现在	NA	"right now"	H
right	L1	216	现在	NA	"right now"	H
right	L1	44	现在	NA	"right now"	H
right	L1	127	现在	NA	"right now"	H
right	L1	68	现在	NA	"right now"	H
right	L1	382	现在	NA	"right now"	H
right	L1	172	现在	NA	"right now"	H
right	L1	151	现在	NA	"right now"	H
right	L1	158	现在	NA	"right now"	H
right	L1	636	现在	NA	"right now"	H
right	L1	181	现在	NA	"right now"	H
right	L1	178	现在	NA	"right now"	H
right	L1	584	正确的	G2-Wording	"the right word"	H
right	L1	77	现在	NA	"right now"	H
right	L1	212	现在	NA	"right now"	H
right	L1	377	现在	NA	"right now"	H
right	L1	174	现在	NA	"right now"	H
right	L1	61	现在	NA	"right now"	H
right	L1	142	现在	NA	"right now"	H
right	L1	108	现在	NA	"right now"	H
right	L1	143	现在	NA	"right now"	H
right	L1	351	现在	NA	"right now"	H
right	L1	140	现在	NA	"right now"	H
right	L1	66	现在	NA	"right now"	H
right	L1	556	现在	NA	"right now"	H
right	L1	73	现在	NA	"right now"	H
right	L1	102	现在	NA	"right now"	H
right	L1	366	现在	NA	"right now"	H
right	L1	69	现在	NA	"right now"	H
right	L1	289	现在	NA	"right now"	H
right	L1	371	现在	NA	"right now"	H
right	L1	170	现在	NA	"right now"	H
right	L1	169	现在	NA	"right now"	H
right	L1	93	现在	NA	"right now"	H
right	L1	69	现在	NA	"right now"	H
right	L1	157	现在	NA	"right now"	H
right	L1	499	现在	NA	"right now"	H
right	L1	178	现在	NA	"right now"	H
right	L1	307	现在	NA	"right now"	H
right	L1	61	现在	NA	"right now"	H
right	L1	71	现在	NA	"right now"	H
right	L1	220	现在	NA	"right now"	H
right	L1	184	权利	NA	"right to"	H
right	L1	299	现在	NA	"right now"	H
right	L1	99	就在	NA	"right before"	H
right	L1	161	现在	NA	"right now"	H
right	L1	128	现在	NA	"right now"	H
right	L1	89	现在	NA	"right now"	H
right	L1	715	现在	NA	"right now"	H
right	L1	78	现在	NA	"right now"	H
right	L1	203	现在	NA	"right now"	H
right	L1	123	现在	NA	"right now"	H
right	L1	57	现在	NA	"right now"	H
right	L1	139	现在	NA	"right now"	H
right	L1	388	对的	NA	"essay content"	M
right	L1	76	现在	NA	"right now"	H
right	L1	213	现在	NA	"right now"	H
right	L1	328	现在	NA	"right now"	H
right	L1	172	权利	NA	"right to"	H
right	L1	199	现在	NA	"right now"	H
right	L1	709	现在	NA	"right now"	H
right	L1	643	现在	NA	"right now"	H
right	L1	161	现在	NA	"right now"	H
right	L1	170	现在	NA	"right now"	H
right	L1	785	对的	NA	"essay content"	M
right	L1	215	现在	NA	"right now"	H
right	L1	88	现在	NA	"right now"	H
right	L1	341	现在	NA	"right now"	H
right	L1	48	现在	NA	"right now"	H
right	L1	389	现在	NA	"right now"	H
right	L1	127	现在	NA	"right now"	H
right	L1	126	现在	NA	"right now"	H
right	L1	746	现在	NA	"right now"	H
right	L1	240	现在	NA	"right now"	H
right	L1	336	现在	NA	"right now"	H
right	L1	149	现在	NA	"right now"	H
right	L1	180	现在	NA	"right now"	H
right	L1	114	现在	NA	"right now"	H
right	L1	328	现在	NA	"right now"	H
right	L1	216	现在	NA	"right now"	H
right	L1	359	现在	NA	"right now"	H
right	L1	147	现在	NA	"right now"	H
right	L1	78	现在	NA	"right now"	H
right	L1	79	现在	NA	"right now"	H
right	L1	415	现在	NA	"right now"	H
right	L1	630	现在	NA	"right now"	H
right	L1	161	权利	NA	"right to"	H
right	L1	242	现在	NA	"right now"	H
right	L1	72	现在	NA	"right now"	H
right	L1	148	权利	NA	"right to"	H
right	L1	314	现在	NA	"right now"	H
right	L1	152	现在	NA	"right now"	H
right	L1	255	现在	NA	"right now"	H
right	L1	74	现在	NA	"right now"	H
right	L1	155	现在	NA	"right now"	H
right	L1	409	现在	NA	"right now"	H
right	L1	194	现在	NA	"right now"	H
right	L1	540	现在	NA	"right now"	H
right	L1	697	对的	NA	"essay content"	M
right	L1	790	现在	NA	"right now"	H
right	L1	302	现在	NA	"right now"	H
right	L1	625	正确的	G2-Wording	"the right word"	H
right	L1	632	正确的	G2-Wording	"the right word"	H
right	L1	63	现在	NA	"right now"	H
right	L1	78	现在	NA	"right now"	H
right	L1	67	现在	NA	"right now"	H
right	L1	299	现在	NA	"right now"	H
right	L1	158	现在	NA	"right now"	H
right	L1	96	现在	NA	"right now"	H
right	L1	420	对的	NA	"essay content"	M
right	L1	75	现在	NA	"right now"	H
right	L1	74	现在	NA	"right now"	H
right	L1	143	现在	NA	"right now"	H
right	L1	143	现在	NA	"right now"	H
right	L1	649	现在	NA	"right now"	H
right	L1	116	现在	NA	"right now"	H
right	L1	69	现在	NA	"right now"	H
right	L1	57	现在	NA	"right now"	H
right	L1	148	现在	NA	"right now"	H
right	L1	78	现在	NA	"right now"	H
right	L1	75	现在	NA	"right now"	H
right	L1	219	现在	NA	"right now"	H
right	L1	652	现在	NA	"right now"	H
right	L1	341	现在	NA	"right now"	H
right	L1	602	现在	NA	"right now"	H
right	L1	71	现在	NA	"right now"	H
right	L1	405	现在	NA	"right now"	H
right	L1	326	现在	NA	"right now"	H
right	L1	72	现在	NA	"right now"	H
right	L1	208	现在	NA	"right now"	H
right	L1	145	现在	NA	"right now"	H
right	L1	54	现在	NA	"right now"	H
right	L1	76	现在	NA	"right now"	H
right	L1	125	现在	NA	"right now"	H
right	L1	240	对的	NA	"essay content"	M
right	L1	75	现在	NA	"right now"	H
right	L1	78	现在	NA	"right now"	H
right	L1	473	对的	NA	"essay content"	M
right	L1	507	对的	NA	"essay content"	M
right	L1	62	现在	NA	"right now"	H
right	L1	202	现在	NA	"right now"	H
right	L1	216	权利	NA	"right to"	H
right	L1	481	现在	NA	"right now"	H
right	L1	656	现在	NA	"right now"	H
right	L1	79	现在	NA	"right now"	H
right	L1	85	现在	NA	"right now"	H
right	L1	165	现在	NA	"right now"	H
right	L1	61	现在	NA	"right now"	H
right	L1	70	对的	NA	"essay content"	M
right	L1	260	现在	NA	"right now"	H
right	L1	82	现在	NA	"right now"	H
right	L1	553	现在	NA	"right now"	H
right	L1	186	现在	NA	"right now"	H
right	L1	322	现在	NA	"right now"	H
right	L1	136	现在	NA	"right now"	H
right	L1	63	现在	NA	"right now"	H
right	L1	107	现在	NA	"right now"	H
right	L1	115	现在	NA	"right now"	H
right	L1	363	对的	NA	"essay content"	M
right	L1	496	现在	NA	"right now"	H
right	L1	97	现在	NA	"right now"	H
right	L1	341	对的	NA	"essay content"	M
right	L1	389	对的	NA	"essay content"	M
right	L1	593	对的	NA	"essay content"	M
right	L1	597	对的	NA	"essay content"	M
right	L1	67	现在	NA	"right now"	H
right	L1	65	现在	NA	"right now"	H
right	L1	463	现在	NA	"right now"	H
right	L1	59	现在	NA	"right now"	H
right	L1	609	现在	NA	"right now"	H
right	L1	114	现在	NA	"right now"	H
right	L1	105	现在	NA	"right now"	H
right	L1	713	现在	NA	"right now"	H
right	L1	79	现在	NA	"right now"	H
right	L1	65	现在	NA	"right now"	H
right	L1	222	现在	NA	"right now"	H
right	L1	355	现在	NA	"right now"	H
right	L1	424	现在	NA	"right now"	H
right	L1	223	现在	NA	"right now"	H
right	L1	51	现在	NA	"right now"	H
right	L1	207	现在	NA	"right now"	H
right	L1	86	现在	NA	"right now"	H
right	L1	226	现在	NA	"right now"	H
right	L1	586	现在	NA	"right now"	H
right	L1	20	权利	NA	"right to"	H
right	L1	110	现在	NA	"right now"	H
right	L1	189	权利	NA	"right to"	H
right	L1	573	现在	NA	"right now"	H
right	L1	581	权利	NA	"right to"	H
right	L1	60	现在	NA	"right now"	H
right	L1	60	现在	NA	"right now"	H
right	L1	140	权利	NA	"right to"	H
right	L1	61	现在	NA	"right now"	H
right	L1	176	现在	NA	"right now"	H
right	L1	179	现在	NA	"right now"	H
right	L1	74	现在	NA	"right now"	H
right	L1	150	现在	NA	"right now"	H
right	L1	73	现在	NA	"right now"	H
right	L1	763	现在	NA	"right now"	H
right	L1	57	现在	NA	"right now"	H
right	L1	193	现在	NA	"right now"	H
right	L1	99	现在	NA	"right now"	H
right	L1	630	对的	NA	"essay content"	M
right	L1	704	现在	NA	"right now"	H
right	L1	112	权利	NA	"right to"	H
right	L1	326	现在	NA	"right now"	H
right	L1	403	对的	NA	"essay content"	M
right	L1	528	现在	NA	"right now"	H
right	L1	704	对的	NA	"essay content"	M
right	L1	719	对的	NA	"essay content"	M
right	L1	724	对的	NA	"essay content"	M
right	L1	750	权利	NA	"right to"	H
paragraph	Generic	180	段落	G1-Global Structure	"paragraph reference"	H
paragraph	Generic	689	段落	G1-Global Structure	"paragraph reference"	H
paragraph	Generic	204	段落	G1-Global Structure	"paragraph reference"	H
paragraph	Generic	225	段落	G1-Global Structure	"paragraph reference"	H
paragraph	Generic	258	段落	G1-Global Structure	"paragraph reference"	H
paragraph	Generic	305	段落	G1-Global Structure	"paragraph reference"	H
paragraph	Generic	320	段落	G1-Global Structure	"paragraph reference"	H
paragraph	Generic	336	段落	G1-Global Structure	"paragraph reference"	H
paragraph	Generic	347	段落	G1-Global Structure	"paragraph reference"	H
paragraph	Generic	358	段落	G1-Global Structure	"paragraph reference"	H
paragraph	Generic	379	段落	G1-Global Structure	"paragraph reference"	H
paragraph	Generic	466	段落	G1-Global Structure	"paragraph reference"	H
paragraph	Generic	583	段落	G1-Global Structure	"paragraph structure"	H
paragraph	Generic	599	段落	G1-Global Structure	"paragraph reference"	H
paragraph	Generic	53	段落	G1-Global Structure	"paragraph reference"	H
paragraph	Generic	127	段落	G1-Global Structure	"paragraph reference"	H
paragraph	Generic	114	段落	G1-Global Structure	"paragraph reference"	H
paragraph	Generic	136	段落	G1-Global Structure	"paragraph reference"	H
paragraph	Generic	206	段落	G1-Global Structure	"paragraph reference"	H
paragraph	Generic	288	段落	G1-Global Structure	"paragraph reference"	H
paragraph	Generic	359	段落	G1-Global Structure	"paragraph reference"	H
paragraph	Generic	378	段落	G1-Global Structure	"paragraph reference"	H
paragraph	Generic	447	段落	G1-Global Structure	"paragraph structure"	H
paragraph	Generic	450	段落	G1-Global Structure	"paragraph reference"	H
paragraph	Generic	478	段落	G1-Global Structure	"paragraph reference"	H
paragraph	Generic	639	段落	G1-Global Structure	"paragraph structure"	H
paragraph	Generic	122	段落	G1-Global Structure	"paragraph reference"	H
paragraph	Generic	250	段落	G1-Global Structure	"paragraph reference"	H
paragraph	Generic	263	段落	G1-Global Structure	"paragraph reference"	H
paragraph	Generic	266	段落	G1-Global Structure	"paragraph reference"	H
paragraph	Generic	273	段落	G1-Global Structure	"paragraph reference"	H
paragraph	Generic	310	段落	G1-Global Structure	"paragraph reference"	H
paragraph	Generic	341	段落	G1-Global Structure	"paragraph reference"	H
paragraph	Generic	370	段落	G1-Global Structure	"paragraph reference"	H
paragraph	Generic	381	段落	G1-Global Structure	"paragraph reference"	H
paragraph	Generic	384	段落	G1-Global Structure	"paragraph reference"	H
paragraph	Generic	412	段落	G1-Global Structure	"paragraph reference"	H
paragraph	Generic	506	段落	G2-Correctness-Grammar	"paragraph grammar"	H
paragraph	Generic	521	段落	G1-Global Structure	"paragraph reference"	H
paragraph	Generic	531	段落	G1-Global Structure	"paragraph reference"	H
paragraph	Generic	538	段落	G1-Global Structure	"paragraph reference"	H
paragraph	Generic	608	段落	G1-Global Structure	"paragraph reference"	H
paragraph	Generic	662	段落	G1-Global Structure	"paragraph reference"	H
paragraph	Generic	118	段落	G1-Global Structure	"paragraph reference"	H
paragraph	Generic	238	段落	G1-Global Structure	"paragraph reference"	H
paragraph	Generic	410	段落	G1-Global Structure	"paragraph reference"	H
paragraph	Generic	68	段落	G1-Development	"paragraph development"	H
paragraph	Generic	193	段落	G1-Global Structure	"paragraph reference"	H
paragraph	Generic	231	段落	G1-Development	"paragraph development"	H
paragraph	Generic	300	段落	G1-Global Structure	"paragraph reference"	H
paragraph	Generic	174	段落	G1-Global Structure	"paragraph reference"	H
paragraph	Generic	447	段落	G1-Global Structure	"paragraph reference"	H
paragraph	Generic	503	段落	G1-Global Structure	"paragraph reference"	H
paragraph	Generic	79	段落	G1-Global Structure	"paragraph reference"	H
paragraph	Generic	252	段落	G1-Global Structure	"paragraph reference"	H
paragraph	Generic	271	段落	G1-Global Structure	"paragraph reference"	H
paragraph	Generic	278	段落	G1-Global Structure	"paragraph reference"	H
paragraph	Generic	334	段落	G1-Global Structure	"paragraph reference"	H
paragraph	Generic	723	段落	G1-Global Structure	"paragraph reference"	H
paragraph	Generic	88	段落	G1-Global Structure	"paragraph reference"	H
paragraph	Generic	116	段落	G1-Global Structure	"paragraph reference"	H
paragraph	Generic	175	段落	G1-Global Structure	"paragraph reference"	H
paragraph	Generic	221	段落	G1-Global Structure	"paragraph reference"	H
paragraph	Generic	251	段落	G1-Global Structure	"paragraph reference"	H
paragraph	Generic	282	段落	G1-Global Structure	"paragraph reference"	H
paragraph	Generic	309	段落	G1-Global Structure	"paragraph reference"	H
paragraph	Generic	608	段落	G1-Global Structure	"paragraph structure"	H
paragraph	Generic	403	段落	G1-Global Structure	"paragraph reference"	H
paragraph	Generic	473	段落	G2-Correctness-Grammar	"paragraph grammar"	H
paragraph	Generic	586	段落	G1-Global Structure	"paragraph reference"	H
paragraph	Generic	677	段落	G1-Global Structure	"paragraph reference"	H
paragraph	Generic	713	段落	G1-Global Structure	"paragraph reference"	H
paragraph	Generic	459	段落	G1-Global Structure	"paragraph reference"	H
paragraph	Generic	653	段落	G1-Global Structure	"paragraph reference"	H
paragraph	Generic	712	段落	G1-Global Structure	"paragraph reference"	H
paragraph	Generic	158	段落	G1-Global Structure	"paragraph reference"	H
paragraph	Generic	214	段落	G1-Global Structure	"paragraph reference"	H
paragraph	Generic	586	段落	G1-Global Structure	"paragraph reference"	H
paragraph	Generic	602	段落	G1-Global Structure	"paragraph reference"	H
paragraph	Generic	676	段落	G1-Global Structure	"paragraph reference"	H
paragraph	Generic	126	段落	G1-Global Structure	"paragraph reference"	H
paragraph	Generic	166	段落	G1-Global Structure	"paragraph reference"	H
paragraph	Generic	359	段落	G1-Global Structure	"paragraph reference"	H
paragraph	Generic	378	段落	G1-Global Structure	"paragraph reference"	H
paragraph	Generic	382	段落	G1-Global Structure	"paragraph reference"	H
paragraph	Generic	409	段落	G1-Global Structure	"paragraph reference"	H
paragraph	Generic	442	段落	G1-Global Structure	"paragraph reference"	H
paragraph	Generic	708	段落	G1-Global Structure	"paragraph reference"	H
paragraph	Generic	720	段落	G1-Global Structure	"paragraph reference"	H
paragraph	Generic	73	段落	G1-Global Structure	"paragraph reference"	H
paragraph	Generic	96	段落	G1-Global Structure	"paragraph reference"	H
paragraph	Generic	123	段落	G1-Global Structure	"paragraph reference"	H
paragraph	Generic	156	段落	G1-Global Structure	"paragraph reference"	H
paragraph	Generic	162	段落	G1-Global Structure	"paragraph reference"	H
paragraph	Generic	190	段落	G1-Global Structure	"paragraph reference"	H
paragraph	Generic	355	段落	G1-Global Structure	"paragraph reference"	H
paragraph	Generic	370	段落	G1-Global Structure	"paragraph reference"	H
paragraph	Generic	380	段落	G1-Global Structure	"paragraph reference"	H
paragraph	Generic	647	段落	G1-Global Structure	"paragraph structure"	H
paragraph	Generic	698	段落	G1-Global Structure	"paragraph reference"	H
paragraph	Generic	703	段落	G1-Global Structure	"paragraph reference"	H
paragraph	Generic	81	段落	G1-Global Structure	"paragraph reference"	H
paragraph	Generic	236	段落	G1-Global Structure	"paragraph reference"	H
paragraph	Generic	279	段落	G1-Global Structure	"paragraph reference"	H
paragraph	Generic	743	段落	G1-Global Structure	"paragraph reference"	H
paragraph	Generic	509	段落	G1-Global Structure	"paragraph reference"	H
paragraph	Generic	79	段落	G1-Global Structure	"paragraph reference"	H
paragraph	Generic	120	段落	G1-Global Structure	"paragraph reference"	H
paragraph	Generic	378	段落	G1-Global Structure	"paragraph structure"	H
paragraph	Generic	434	段落	G1-Global Structure	"paragraph reference"	H
paragraph	Generic	690	段落	G1-Global Structure	"paragraph reference"	H
paragraph	Generic	255	段落	G1-Global Structure	"paragraph reference"	H
paragraph	Generic	555	段落	G1-Global Structure	"paragraph reference"	H
paragraph	Generic	576	段落	G1-Global Structure	"paragraph reference"	H
paragraph	Generic	35	段落	G1-Global Structure	"paragraph reference"	H
paragraph	Generic	37	段落	G1-Global Structure	"paragraph reference"	H
paragraph	Generic	90	段落	G1-Global Structure	"paragraph reference"	H
paragraph	Generic	307	段落	G1-Global Structure	"paragraph reference"	H
paragraph	Generic	381	段落	G1-Global Structure	"paragraph reference"	H
paragraph	Generic	444	段落	G1-Global Structure	"paragraph reference"	H
paragraph	Generic	597	段落	G1-Global Structure	"paragraph reference"	H
paragraph	Generic	721	段落	G1-Global Structure	"paragraph reference"	H
paragraph	Generic	128	段落	G1-Global Structure	"paragraph reference"	H
paragraph	Generic	135	段落	G1-Global Structure	"paragraph reference"	H
paragraph	Generic	144	段落	G1-Global Structure	"paragraph reference"	H
paragraph	Generic	153	段落	G1-Global Structure	"paragraph reference"	H
paragraph	Generic	159	段落	G1-Global Structure	"paragraph reference"	H
paragraph	Generic	201	段落	G1-Global Structure	"paragraph reference"	H
paragraph	Generic	242	段落	G1-Global Structure	"paragraph reference"	H
paragraph	Generic	247	段落	G1-Global Structure	"paragraph reference"	H
paragraph	Generic	302	段落	G1-Global Structure	"paragraph reference"	H
paragraph	Generic	309	段落	G1-Global Structure	"paragraph reference"	H
paragraph	Generic	348	段落	G1-Global Structure	"paragraph reference"	H
paragraph	Generic	382	段落	G1-Global Structure	"paragraph reference"	H
paragraph	Generic	459	段落	G1-Global Structure	"paragraph reference"	H
paragraph	Generic	641	段落	G1-Global Structure	"paragraph reference"	H
paragraph	Generic	659	段落	G1-Global Structure	"paragraph reference"	H
paragraph	Generic	692	段落	G1-Global Structure	"paragraph reference"	H
paragraph	Generic	178	段落	G1-Global Structure	"paragraph reference"	H
paragraph	Generic	206	段落	G1-Global Structure	"paragraph reference"	H
paragraph	Generic	595	段落	G1-Global Structure	"paragraph reference"	H
paragraph	Generic	598	段落	G1-Global Structure	"paragraph reference"	H
paragraph	Generic	136	段落	G1-Global Structure	"paragraph reference"	H
paragraph	Generic	324	段落	G1-Global Structure	"paragraph reference"	H
paragraph	Generic	395	段落	G1-Global Structure	"paragraph reference"	H
paragraph	Generic	419	段落	G1-Global Structure	"paragraph reference"	H
paragraph	Generic	575	段落	G1-Global Structure	"paragraph reference"	H
paragraph	Generic	591	段落	G1-Global Structure	"paragraph reference"	H
paragraph	Generic	645	段落	G1-Global Structure	"paragraph reference"	H
paragraph	Generic	401	段落	G1-Global Structure	"paragraph reference"	H
paragraph	Generic	646	段落	G1-Global Structure	"paragraph reference"	H
paragraph	Generic	90	段落	G1-Global Structure	"paragraph reference"	H
paragraph	Generic	251	段落	G1-Global Structure	"paragraph reference"	H
paragraph	Generic	257	段落	G1-Global Structure	"paragraph reference"	H
paragraph	Generic	392	段落	G1-Global Structure	"paragraph structure"	H
paragraph	Generic	441	段落	G1-Global Structure	"paragraph reference"	H
paragraph	Generic	713	段落	G1-Global Structure	"paragraph reference"	H
paragraph	Generic	727	段落	G1-Global Structure	"paragraph reference"	H
paragraph	Generic	51	段落	G1-Global Structure	"paragraph reference"	H
paragraph	Generic	105	段落	G1-Global Structure	"paragraph reference"	H
paragraph	Generic	135	段落	G1-Global Structure	"paragraph reference"	H
paragraph	Generic	176	段落	G1-Global Structure	"paragraph reference"	H
paragraph	Generic	190	段落	G1-Development	"paragraph development"	H
paragraph	Generic	194	段落	G1-Global Structure	"paragraph reference"	H
paragraph	Generic	225	段落	G1-Global Structure	"paragraph reference"	H
paragraph	Generic	230	段落	G1-Global Structure	"paragraph reference"	H
paragraph	Generic	339	段落	G1-Global Structure	"paragraph reference"	H
paragraph	Generic	380	段落	G1-Global Structure	"paragraph reference"	H
paragraph	Generic	382	段落	G1-Global Structure	"paragraph reference"	H
paragraph	Generic	452	段落	G1-Global Structure	"paragraph reference"	H
paragraph	Generic	682	段落	G1-Development	"paragraph development"	H
paragraph	Generic	686	段落	G1-Global Structure	"paragraph reference"	H
paragraph	Generic	741	段落	G1-Development	"paragraph development"	H
paragraph	Generic	776	段落	G1-Global Structure	"paragraph reference"	H
paragraph	Generic	206	段落	G1-Global Structure	"paragraph reference"	H
paragraph	Generic	240	段落	G1-Global Structure	"paragraph reference"	H
paragraph	Generic	315	段落	G1-Development	"paragraph development"	H
paragraph	Generic	327	段落	G1-Global Structure	"paragraph reference"	H
paragraph	Generic	653	段落	G1-Global Structure	"paragraph reference"	H
paragraph	Generic	663	段落	G1-Global Structure	"paragraph reference"	H
paragraph	Generic	378	段落	G1-Global Structure	"paragraph reference"	H
paragraph	Generic	391	段落	G1-Global Structure	"paragraph reference"	H
paragraph	Generic	402	段落	G1-Global Structure	"paragraph reference"	H
paragraph	Generic	442	段落	G2-Correctness-Grammar	"paragraph grammar"	H
paragraph	Generic	208	段落	G1-Global Structure	"paragraph structure"	H
paragraph	Generic	225	段落	G1-Global Structure	"paragraph reference"	H
paragraph	Generic	235	段落	G1-Global Structure	"paragraph reference"	H
paragraph	Generic	290	段落	G1-Global Structure	"paragraph reference"	H
paragraph	Generic	639	段落	G1-Global Structure	"paragraph reference"	H
paragraph	Generic	646	段落	G1-Global Structure	"paragraph reference"	H
paragraph	Generic	651	段落	G1-Global Structure	"paragraph reference"	H
paragraph	Generic	696	段落	G1-Global Structure	"paragraph structure"	H
paragraph	Generic	91	段落	G1-Global Structure	"paragraph reference"	H
paragraph	Generic	339	段落	G1-Global Structure	"paragraph reference"	H
paragraph	Generic	342	段落	G1-Global Structure	"paragraph reference"	H
paragraph	Generic	386	段落	G1-Global Structure	"paragraph reference"	H
paragraph	Generic	426	段落	G1-Global Structure	"paragraph reference"	H
paragraph	Generic	489	段落	G1-Global Structure	"paragraph reference"	H
paragraph	Generic	672	段落	G1-Global Structure	"paragraph reference"	H
paragraph	Generic	711	段落	G1-Global Structure	"paragraph reference"	H
paragraph	Generic	168	段落	G1-Global Structure	"paragraph reference"	H
paragraph	Generic	208	段落	G1-Development	"paragraph development"	H
paragraph	Generic	233	段落	G1-Global Structure	"paragraph reference"	H
paragraph	Generic	244	段落	G1-Global Structure	"paragraph reference"	H
paragraph	Generic	252	段落	G1-Global Structure	"paragraph reference"	H
paragraph	Generic	263	段落	G1-Global Structure	"paragraph reference"	H
paragraph	Generic	288	段落	G1-Global Structure	"paragraph reference"	H
paragraph	Generic	405	段落	G1-Global Structure	"paragraph reference"	H
paragraph	Generic	469	段落	G1-Global Structure	"paragraph reference"	H
paragraph	Generic	180	段落	G1-Global Structure	"paragraph reference"	H
paragraph	Generic	254	段落	G1-Global Structure	"paragraph reference"	H
paragraph	Generic	461	段落	G1-Global Structure	"paragraph structure"	H
paragraph	Generic	464	段落	G1-Global Structure	"paragraph reference"	H
paragraph	Generic	474	段落	G1-Global Structure	"paragraph reference"	H
paragraph	Generic	708	段落	G1-Global Structure	"paragraph reference"	H
paragraph	Generic	160	段落	G1-Global Structure	"paragraph reference"	H
paragraph	Generic	254	段落	G1-Global Structure	"paragraph reference"	H
paragraph	Generic	324	段落	G1-Global Structure	"paragraph reference"	H
paragraph	Generic	394	段落	G1-Global Structure	"paragraph reference"	H
paragraph	Generic	415	段落	G1-Global Structure	"paragraph reference"	H
paragraph	Generic	422	段落	G1-Global Structure	"paragraph reference"	H
paragraph	Generic	633	段落	G1-Global Structure	"paragraph reference"	H
paragraph	Generic	450	段落	G1-Global Structure	"paragraph reference"	H
paragraph	Generic	454	段落	G1-Global Structure	"paragraph reference"	H
paragraph	Generic	644	段落	G2-Correctness-Grammar	"paragraph grammar"	H
paragraph	Generic	702	段落	G1-Global Structure	"paragraph reference"	H
paragraph	Generic	105	段落	G1-Global Structure	"paragraph reference"	H
paragraph	Generic	111	段落	G1-Global Structure	"paragraph reference"	H
paragraph	Generic	267	段落	G1-Development	"paragraph development"	H
paragraph	Generic	284	段落	G1-Global Structure	"paragraph reference"	H
paragraph	Generic	329	段落	G1-Global Structure	"paragraph reference"	H
paragraph	Generic	358	段落	G1-Global Structure	"paragraph reference"	H
paragraph	Generic	425	段落	G1-Global Structure	"paragraph reference"	H
paragraph	Generic	536	段落	G1-Global Structure	"paragraph reference"	H
paragraph	Generic	549	段落	G1-Global Structure	"paragraph reference"	H
paragraph	Generic	561	段落	G1-Global Structure	"paragraph reference"	H
paragraph	Generic	620	段落	G1-Global Structure	"paragraph reference"	H
paragraph	Generic	308	段落	G1-Global Structure	"paragraph reference"	H
paragraph	Generic	315	段落	G1-Global Structure	"paragraph reference"	H
paragraph	Generic	104	段落	G1-Global Structure	"paragraph reference"	H
paragraph	Generic	173	段落	G1-Global Structure	"paragraph reference"	H
paragraph	Generic	179	段落	G1-Global Structure	"paragraph reference"	H
paragraph	Generic	267	段落	G1-Global Structure	"paragraph reference"	H
paragraph	Generic	272	段落	G1-Global Structure	"paragraph reference"	H
paragraph	Generic	331	段落	G1-Global Structure	"paragraph reference"	H
paragraph	Generic	599	段落	G1-Global Structure	"paragraph reference"	H
paragraph	Generic	730	段落	G1-Global Structure	"paragraph reference"	H
paragraph	Generic	404	段落	G1-Global Structure	"paragraph reference"	H
paragraph	Generic	439	段落	G1-Global Structure	"paragraph reference"	H
paragraph	Generic	452	段落	G1-Global Structure	"paragraph reference"	H
paragraph	Generic	640	段落	G1-Global Structure	"paragraph reference"	H
paragraph	Generic	190	段落	G1-Global Structure	"paragraph structure"	H
paragraph	Generic	201	段落	G1-Global Structure	"paragraph reference"	H
paragraph	Generic	234	段落	G1-Global Structure	"paragraph reference"	H
paragraph	Generic	79	段落	G1-Global Structure	"paragraph reference"	H
paragraph	Generic	103	段落	G1-Global Structure	"paragraph reference"	H
paragraph	Generic	192	段落	G1-Global Structure	"paragraph reference"	H
paragraph	Generic	247	段落	G1-Global Structure	"paragraph reference"	H
paragraph	Generic	417	段落	G1-Global Structure	"paragraph reference"	H
paragraph	Generic	76	段落	G1-Global Structure	"paragraph reference"	H
paragraph	Generic	110	段落	G1-Global Structure	"paragraph reference"	H
paragraph	Generic	193	段落	G1-Global Structure	"paragraph reference"	H
paragraph	Generic	197	段落	G1-Global Structure	"paragraph reference"	H
paragraph	Generic	240	段落	G1-Global Structure	"paragraph reference"	H
paragraph	Generic	248	段落	G1-Global Structure	"paragraph reference"	H
paragraph	Generic	610	段落	G1-Global Structure	"paragraph reference"	H
paragraph	Generic	380	段落	G1-Global Structure	"paragraph reference"	H
paragraph	Generic	382	段落	G1-Global Structure	"paragraph reference"	H
paragraph	Generic	385	段落	G1-Global Structure	"paragraph reference"	H
paragraph	Generic	411	段落	G1-Global Structure	"paragraph reference"	H
paragraph	Generic	436	段落	G1-Global Structure	"paragraph reference"	H
paragraph	Generic	486	段落	G1-Global Structure	"paragraph reference"	H
paragraph	Generic	616	段落	G1-Global Structure	"paragraph reference"	H
paragraph	Generic	701	段落	G1-Global Structure	"paragraph reference"	H
paragraph	Generic	377	段落	G1-Global Structure	"paragraph structure"	H
paragraph	Generic	381	段落	G1-Global Structure	"paragraph reference"	H
paragraph	Generic	450	段落	G1-Global Structure	"paragraph reference"	H
paragraph	Generic	479	段落	G1-Global Structure	"paragraph reference"	H
paragraph	Generic	724	段落	G1-Global Structure	"paragraph reference"	H
paragraph	Generic	123	段落	G1-Global Structure	"paragraph reference"	H
paragraph	Generic	228	段落	G1-Global Structure	"paragraph reference"	H
paragraph	Generic	246	段落	G1-Global Structure	"paragraph reference"	H
paragraph	Generic	290	段落	G1-Global Structure	"paragraph reference"	H
paragraph	Generic	294	段落	G1-Global Structure	"paragraph reference"	H
paragraph	Generic	336	段落	G1-Global Structure	"paragraph reference"	H
paragraph	Generic	381	段落	G1-Global Structure	"paragraph reference"	H
paragraph	Generic	555	段落	G1-Global Structure	"paragraph reference"	H
paragraph	Generic	652	段落	G1-Global Structure	"paragraph reference"	H
paragraph	Generic	203	段落	G1-Global Structure	"paragraph structure"	H
paragraph	Generic	206	段落	G1-Global Structure	"paragraph reference"	H
paragraph	Generic	266	段落	G1-Global Structure	"paragraph reference"	H
paragraph	Generic	285	段落	G1-Global Structure	"paragraph reference"	H
paragraph	Generic	233	段落	G1-Development	"paragraph development"	H
paragraph	Generic	236	段落	G1-Global Structure	"paragraph reference"	H
paragraph	Generic	266	段落	G1-Global Structure	"paragraph reference"	H
paragraph	Generic	339	段落	G1-Global Structure	"paragraph reference"	H
paragraph	Generic	353	段落	G1-Global Structure	"paragraph reference"	H
paragraph	Generic	388	段落	G1-Global Structure	"paragraph reference"	H
paragraph	Generic	714	段落	G1-Global Structure	"paragraph reference"	H
paragraph	Generic	25	段落	G1-Global Structure	"paragraph reference"	H
paragraph	Generic	131	段落	G1-Global Structure	"paragraph reference"	H
paragraph	Generic	644	段落	G1-Global Structure	"paragraph reference"	H
paragraph	Generic	87	段落	G1-Global Structure	"paragraph reference"	H
paragraph	Generic	212	段落	G1-Development	"paragraph development"	H
paragraph	Generic	215	段落	G1-Global Structure	"paragraph structure"	H
paragraph	Generic	230	段落	G1-Global Structure	"paragraph reference"	H
paragraph	Generic	245	段落	G1-Global Structure	"paragraph reference"	H
paragraph	Generic	284	段落	G1-Global Structure	"paragraph reference"	H
paragraph	Generic	347	段落	G1-Global Structure	"paragraph reference"	H
paragraph	Generic	382	段落	G1-Global Structure	"paragraph reference"	H
paragraph	Generic	396	段落	G1-Global Structure	"paragraph reference"	H
paragraph	Generic	526	段落	G1-Global Structure	"paragraph reference"	H
paragraph	Generic	715	段落	G1-Global Structure	"paragraph reference"	H
paragraph	Generic	799	段落	G1-Global Structure	"paragraph reference"	H
paragraph	Generic	811	段落	G1-Global Structure	"paragraph reference"	H
paragraph	Generic	294	段落	G1-Global Structure	"paragraph reference"	H
paragraph	Generic	310	段落	G1-Global Structure	"paragraph reference"	H
paragraph	Generic	336	段落	G1-Global Structure	"paragraph reference"	H
paragraph	Generic	354	段落	G1-Global Structure	"paragraph reference"	H
paragraph	Generic	185	段落	G1-Global Structure	"paragraph reference"	H
paragraph	Generic	316	段落	G1-Development	"paragraph development"	H
paragraph	Generic	335	段落	G1-Global Structure	"paragraph reference"	H
paragraph	Generic	373	段落	G1-Global Structure	"paragraph reference"	H
paragraph	Generic	408	段落	G1-Global Structure	"paragraph reference"	H
paragraph	Generic	728	段落	G1-Development	"paragraph development"	H
paragraph	Generic	122	段落	G1-Global Structure	"paragraph reference"	H
paragraph	Generic	621	段落	G1-Development	"paragraph development"	H
paragraph	Generic	626	段落	G1-Global Structure	"paragraph reference"	H
paragraph	Generic	157	段落	G1-Global Structure	"paragraph reference"	H
paragraph	Generic	169	段落	G1-Global Structure	"paragraph reference"	H
paragraph	Generic	189	段落	G1-Global Structure	"paragraph reference"	H
paragraph	Generic	223	段落	G1-Global Structure	"paragraph reference"	H
paragraph	Generic	251	段落	G1-Global Structure	"paragraph reference"	H
paragraph	Generic	307	段落	G1-Global Structure	"paragraph reference"	H
paragraph	Generic	112	段落	G1-Global Structure	"paragraph reference"	H
paragraph	Generic	124	段落	G1-Global Structure	"paragraph structure"	H
paragraph	Generic	136	段落	G1-Global Structure	"paragraph reference"	H
paragraph	Generic	141	段落	G1-Global Structure	"paragraph reference"	H
paragraph	Generic	147	段落	G1-Global Structure	"paragraph reference"	H
paragraph	Generic	161	段落	G1-Global Structure	"paragraph reference"	H
paragraph	Generic	171	段落	G1-Global Structure	"paragraph reference"	H
paragraph	Generic	187	段落	G1-Global Structure	"paragraph reference"	H
paragraph	Generic	192	段落	G1-Global Structure	"paragraph reference"	H
paragraph	Generic	235	段落	G1-Global Structure	"paragraph reference"	H
paragraph	Generic	439	段落	G1-Global Structure	"paragraph reference"	H
paragraph	Generic	562	段落	G1-Global Structure	"paragraph reference"	H
paragraph	Generic	192	段落	G1-Global Structure	"paragraph structure"	H
paragraph	Generic	195	段落	G1-Global Structure	"paragraph structure"	H
paragraph	Generic	198	段落	G1-Global Structure	"paragraph reference"	H
paragraph	Generic	223	段落	G1-Global Structure	"paragraph reference"	H
paragraph	Generic	246	段落	G1-Global Structure	"paragraph reference"	H
paragraph	Generic	276	段落	G1-Global Structure	"paragraph reference"	H
paragraph	Generic	299	段落	G1-Global Structure	"paragraph reference"	H
paragraph	Generic	311	段落	G1-Global Structure	"paragraph reference"	H
paragraph	Generic	336	段落	G1-Global Structure	"paragraph reference"	H
paragraph	Generic	657	段落	G1-Global Structure	"paragraph reference"	H
paragraph	Generic	127	段落	G1-Global Structure	"paragraph reference"	H
paragraph	Generic	158	段落	G1-Global Structure	"paragraph reference"	H
paragraph	Generic	325	段落	G1-Global Structure	"paragraph reference"	H
paragraph	Generic	327	段落	G1-Global Structure	"paragraph reference"	H
paragraph	Generic	378	段落	G1-Global Structure	"paragraph reference"	H
paragraph	Generic	398	段落	G1-Global Structure	"paragraph reference"	H
paragraph	Generic	598	段落	G1-Global Structure	"paragraph reference"	H
paragraph	Generic	672	段落	G1-Global Structure	"paragraph reference"	H
paragraph	Generic	712	段落	G1-Global Structure	"paragraph reference"	H
paragraph	Generic	726	段落	G1-Global Structure	"paragraph reference"	H
paragraph	Generic	144	段落	G1-Global Structure	"paragraph reference"	H
paragraph	Generic	450	段落	G1-Global Structure	"paragraph reference"	H
paragraph	Generic	493	段落	G1-Global Structure	"paragraph reference"	H
paragraph	Generic	631	段落	G1-Global Structure	"paragraph reference"	H
paragraph	Generic	301	段落	G1-Global Structure	"paragraph reference"	H
paragraph	Generic	310	段落	G1-Global Structure	"paragraph reference"	H
paragraph	Generic	333	段落	G1-Global Structure	"paragraph reference"	H
paragraph	Generic	81	段落	G1-Global Structure	"paragraph reference"	H
paragraph	Generic	152	段落	G1-Global Structure	"paragraph reference"	H
paragraph	Generic	568	段落	G1-Global Structure	"paragraph reference"	H
paragraph	Generic	203	段落	G1-Global Structure	"paragraph reference"	H
paragraph	Generic	247	段落	G1-Global Structure	"paragraph reference"	H
paragraph	Generic	496	段落	G2-Correctness-Grammar	"paragraph grammar"	H
paragraph	Generic	511	段落	G1-Global Structure	"paragraph structure"	H
paragraph	Generic	591	段落	G1-Global Structure	"paragraph reference"	H
paragraph	Generic	164	段落	G1-Global Structure	"paragraph reference"	H
paragraph	Generic	202	段落	G1-Global Structure	"paragraph reference"	H
paragraph	Generic	304	段落	G1-Global Structure	"paragraph reference"	H
paragraph	Generic	388	段落	G1-Global Structure	"paragraph reference"	H
paragraph	Generic	417	段落	G1-Global Structure	"paragraph reference"	H
paragraph	Generic	448	段落	G1-Global Structure	"paragraph reference"	H
paragraph	Generic	454	段落	G1-Global Structure	"paragraph reference"	H
paragraph	Generic	463	段落	G1-Global Structure	"paragraph reference"	H
paragraph	Generic	657	段落	G1-Global Structure	"paragraph reference"	H
paragraph	Generic	352	段落	G1-Global Structure	"paragraph reference"	H
paragraph	Generic	436	段落	G1-Global Structure	"paragraph reference"	H
paragraph	Generic	183	段落	G1-Global Structure	"paragraph reference"	H
paragraph	Generic	258	段落	G1-Global Structure	"paragraph reference"	H
paragraph	Generic	334	段落	G1-Global Structure	"paragraph reference"	H
paragraph	Generic	360	段落	G1-Global Structure	"paragraph reference"	H
paragraph	Generic	370	段落	G1-Global Structure	"paragraph reference"	H
paragraph	Generic	379	段落	G1-Global Structure	"paragraph reference"	H
paragraph	Generic	218	段落	G1-Global Structure	"paragraph structure"	H
paragraph	Generic	252	段落	G1-Global Structure	"paragraph reference"	H
paragraph	Generic	260	段落	G1-Global Structure	"paragraph reference"	H
paragraph	Generic	275	段落	G1-Global Structure	"paragraph reference"	H
paragraph	Generic	290	段落	G1-Global Structure	"paragraph reference"	H
paragraph	Generic	471	段落	G1-Global Structure	"paragraph reference"	H
paragraph	Generic	489	段落	G1-Global Structure	"paragraph structure"	H
paragraph	Generic	527	段落	G1-Global Structure	"paragraph reference"	H
paragraph	Generic	543	段落	G1-Global Structure	"paragraph reference"	H
paragraph	Generic	565	段落	G1-Global Structure	"paragraph reference"	H
paragraph	Generic	592	段落	G1-Global Structure	"paragraph reference"	H
paragraph	Generic	656	段落	G1-Global Structure	"paragraph structure"	H
paragraph	Generic	168	段落	G1-Global Structure	"paragraph reference"	H
paragraph	Generic	171	段落	G1-Global Structure	"paragraph structure"	H
paragraph	Generic	174	段落	G1-Global Structure	"paragraph reference"	H
paragraph	Generic	180	段落	G1-Global Structure	"paragraph reference"	H
paragraph	Generic	212	段落	G1-Global Structure	"paragraph reference"	H
paragraph	Generic	237	段落	G1-Global Structure	"paragraph reference"	H
paragraph	Generic	305	段落	G1-Global Structure	"paragraph reference"	H
paragraph	Generic	310	段落	G1-Global Structure	"paragraph reference"	H
paragraph	Generic	458	段落	G1-Global Structure	"paragraph reference"	H
paragraph	Generic	322	段落	G1-Global Structure	"paragraph reference"	H
paragraph	Generic	526	段落	G1-Global Structure	"paragraph reference"	H
paragraph	Generic	651	段落	G1-Global Structure	"paragraph reference"	H
paragraph	Generic	73	段落	G1-Global Structure	"paragraph reference"	H
paragraph	Generic	254	段落	G1-Global Structure	"paragraph reference"	H
paragraph	Generic	323	段落	G1-Global Structure	"paragraph reference"	H
paragraph	Generic	368	段落	G1-Development	"paragraph development"	H
paragraph	Generic	398	段落	G1-Global Structure	"paragraph reference"	H
paragraph	Generic	415	段落	G1-Global Structure	"paragraph reference"	H
paragraph	Generic	743	段落	G1-Global Structure	"paragraph reference"	H
paragraph	Generic	757	段落	G2-Correctness-Grammar	"paragraph grammar"	H
paragraph	Generic	466	段落	G1-Global Structure	"paragraph reference"	H
paragraph	Generic	524	段落	G1-Global Structure	"paragraph reference"	H
paragraph	Generic	690	段落	G1-Global Structure	"paragraph reference"	H
paragraph	Generic	269	段落	G1-Global Structure	"paragraph reference"	H
paragraph	Generic	424	段落	G1-Global Structure	"paragraph reference"	H
paragraph	Generic	53	段落	G1-Global Structure	"paragraph reference"	H
paragraph	Generic	100	段落	G1-Global Structure	"paragraph reference"	H
paragraph	Generic	144	段落	G1-Global Structure	"paragraph structure"	H
paragraph	Generic	650	段落	G1-Global Structure	"paragraph reference"	H
paragraph	Generic	612	段落	G1-Global Structure	"paragraph reference"	H
paragraph	Generic	192	段落	G1-Global Structure	"paragraph reference"	H
paragraph	Generic	532	段落	G1-Global Structure	"paragraph reference"	H
paragraph	Generic	669	段落	G1-Global Structure	"paragraph reference"	H
paragraph	Generic	694	段落	G1-Global Structure	"paragraph reference"	H
paragraph	Generic	721	段落	G1-Global Structure	"paragraph reference"	H
paragraph	Generic	179	段落	G1-Global Structure	"paragraph reference"	H
paragraph	Generic	544	段落	G1-Global Structure	"paragraph reference"	H
paragraph	Generic	551	段落	G1-Global Structure	"paragraph reference"	H
paragraph	Generic	637	段落	G1-Global Structure	"paragraph reference"	H
paragraph	Generic	146	段落	G1-Global Structure	"paragraph reference"	H
paragraph	Generic	254	段落	G1-Global Structure	"paragraph reference"	H
paragraph	Generic	283	段落	G1-Global Structure	"paragraph reference"	H
paragraph	Generic	356	段落	G1-Global Structure	"paragraph reference"	H
paragraph	Generic	379	段落	G1-Global Structure	"paragraph reference"	H
paragraph	Generic	401	段落	G1-Global Structure	"paragraph reference"	H
paragraph	Generic	445	段落	G1-Global Structure	"paragraph reference"	H
paragraph	Generic	598	段落	G1-Global Structure	"paragraph reference"	H
paragraph	Generic	69	段落	G1-Global Structure	"paragraph reference"	H
paragraph	Generic	337	段落	G1-Global Structure	"paragraph reference"	H
paragraph	Generic	680	段落	G1-Global Structure	"paragraph reference"	H
paragraph	Generic	73	段落	G1-Global Structure	"paragraph reference"	H
paragraph	Generic	221	段落	G1-Global Structure	"paragraph reference"	H
paragraph	Generic	236	段落	G1-Global Structure	"paragraph reference"	H
paragraph	Generic	261	段落	G1-Global Structure	"paragraph reference"	H
paragraph	Generic	481	段落	G1-Global Structure	"paragraph reference"	H
paragraph	Generic	483	段落	G1-Global Structure	"paragraph structure"	H
paragraph	Generic	84	段落	G1-Development	"paragraph development"	H
paragraph	Generic	106	段落	G1-Global Structure	"paragraph reference"	H
paragraph	Generic	435	段落	G1-Development	"paragraph development"	H
paragraph	Generic	73	段落	G1-Global Structure	"paragraph reference"	H
paragraph	Generic	219	段落	G1-Development	"paragraph development"	H
paragraph	Generic	256	段落	G1-Global Structure	"paragraph reference"	H
paragraph	Generic	540	段落	G1-Global Structure	"paragraph reference"	H
paragraph	Generic	563	段落	G1-Global Structure	"paragraph reference"	H
paragraph	Generic	575	段落	G1-Global Structure	"paragraph reference"	H
paragraph	Generic	143	段落	G1-Global Structure	"paragraph reference"	H
paragraph	Generic	499	段落	G1-Global Structure	"paragraph reference"	H
paragraph	Generic	214	段落	G1-Global Structure	"paragraph reference"	H
paragraph	Generic	344	段落	G1-Global Structure	"paragraph reference"	H
paragraph	Generic	463	段落	G1-Global Structure	"paragraph reference"	H
paragraph	Generic	636	段落	G1-Global Structure	"paragraph reference"	H
paragraph	Generic	158	段落	G1-Global Structure	"paragraph reference"	H
paragraph	Generic	574	段落	G1-Global Structure	"paragraph structure"	H
paragraph	Generic	210	段落	G1-Global Structure	"paragraph reference"	H
paragraph	Generic	272	段落	G1-Global Structure	"paragraph reference"	H
paragraph	Generic	422	段落	G1-Global Structure	"paragraph reference"	H
paragraph	Generic	448	段落	G1-Global Structure	"paragraph reference"	H
paragraph	Generic	651	段落	G1-Global Structure	"paragraph reference"	H
paragraph	Generic	236	段落	G1-Global Structure	"paragraph reference"	H
paragraph	Generic	370	段落	G1-Global Structure	"paragraph reference"	H
paragraph	Generic	422	段落	G1-Global Structure	"paragraph reference"	H
paragraph	Generic	552	段落	G1-Global Structure	"paragraph reference"	H
paragraph	Generic	96	段落	G1-Global Structure	"paragraph reference"	H
paragraph	Generic	752	段落	G1-Global Structure	"paragraph reference"	H
paragraph	Generic	67	段落	G1-Global Structure	"paragraph reference"	H
paragraph	Generic	108	段落	G1-Global Structure	"paragraph reference"	H
paragraph	Generic	430	段落	G1-Global Structure	"paragraph reference"	H
paragraph	Generic	476	段落	G1-Global Structure	"paragraph structure"	H
paragraph	Generic	499	段落	G1-Global Structure	"paragraph reference"	H
paragraph	Generic	94	段落	G1-Global Structure	"paragraph reference"	H
paragraph	Generic	139	段落	G1-Global Structure	"paragraph reference"	H
paragraph	Generic	142	段落	G1-Global Structure	"paragraph reference"	H
paragraph	Generic	170	段落	G1-Global Structure	"paragraph reference"	H
paragraph	Generic	196	段落	G1-Global Structure	"paragraph reference"	H
paragraph	Generic	617	段落	G1-Global Structure	"paragraph reference"	H
paragraph	Generic	654	段落	G1-Global Structure	"paragraph reference"	H
paragraph	Generic	343	段落	G1-Global Structure	"paragraph reference"	H
paragraph	Generic	407	段落	G1-Global Structure	"paragraph reference"	H
paragraph	Generic	409	段落	G1-Global Structure	"paragraph structure"	H
paragraph	Generic	122	段落	G1-Global Structure	"paragraph reference"	H
paragraph	Generic	446	段落	G1-Global Structure	"paragraph structure"	H
paragraph	Generic	629	段落	G1-Global Structure	"paragraph reference"	H
paragraph	Generic	668	段落	G1-Global Structure	"paragraph structure"	H
paragraph	Generic	352	段落	G1-Global Structure	"paragraph reference"	H
paragraph	Generic	593	段落	G1-Global Structure	"paragraph reference"	H
paragraph	Generic	605	段落	G1-Global Structure	"paragraph reference"	H
paragraph	Generic	57	段落	G1-Global Structure	"paragraph reference"	H
paragraph	Generic	139	段落	G1-Global Structure	"paragraph reference"	H
paragraph	Generic	180	段落	G1-Global Structure	"paragraph reference"	H
paragraph	Generic	253	段落	G1-Global Structure	"paragraph reference"	H
paragraph	Generic	275	段落	G1-Global Structure	"paragraph reference"	H
paragraph	Generic	297	段落	G1-Development	"paragraph development"	H
paragraph	Generic	300	段落	G1-Global Structure	"paragraph reference"	H
paragraph	Generic	304	段落	G1-Global Structure	"paragraph reference"	H
paragraph	Generic	750	段落	G1-Global Structure	"paragraph reference"	H
paragraph	Generic	269	段落	G1-Global Structure	"paragraph reference"	H
paragraph	Generic	228	段落	G1-Global Structure	"paragraph reference"	H
paragraph	Generic	419	段落	G1-Global Structure	"paragraph reference"	H
paragraph	Generic	759	段落	G2-Correctness-Grammar	"paragraph grammar"	H
paragraph	Generic	326	段落	G1-Global Structure	"paragraph reference"	H
paragraph	Generic	332	段落	G1-Global Structure	"paragraph reference"	H
paragraph	Generic	338	段落	G1-Global Structure	"paragraph reference"	H
paragraph	Generic	676	段落	G1-Global Structure	"paragraph reference"	H
paragraph	Generic	514	段落	G1-Global Structure	"paragraph reference"	H
paragraph	Generic	754	段落	G1-Global Structure	"paragraph reference"	H
paragraph	Generic	76	段落	G1-Global Structure	"paragraph reference"	H
paragraph	Generic	390	段落	G1-Global Structure	"paragraph reference"	H
paragraph	Generic	584	段落	G1-Global Structure	"paragraph reference"	H
paragraph	Generic	622	段落	G1-Global Structure	"paragraph reference"	H
paragraph	Generic	399	段落	G1-Global Structure	"paragraph reference"	H
paragraph	Generic	432	段落	G1-Global Structure	"paragraph reference"	H
paragraph	Generic	686	段落	G1-Global Structure	"paragraph reference"	H
paragraph	Generic	306	段落	G1-Global Structure	"paragraph reference"	H
paragraph	Generic	341	段落	G1-Global Structure	"paragraph reference"	H
paragraph	Generic	347	段落	G1-Global Structure	"paragraph reference"	H
paragraph	Generic	621	段落	G1-Global Structure	"paragraph reference"	H
paragraph	Generic	722	段落	G1-Global Structure	"paragraph structure"	H
paragraph	Generic	330	段落	G1-Global Structure	"paragraph reference"	H
paragraph	Generic	703	段落	G1-Global Structure	"paragraph reference"	H
paragraph	Generic	195	段落	G1-Global Structure	"paragraph reference"	H
paragraph	Generic	330	段落	G1-Development	"paragraph development"	H
paragraph	Generic	345	段落	G1-Global Structure	"paragraph reference"	H
paragraph	Generic	366	段落	G1-Global Structure	"paragraph reference"	H
paragraph	Generic	85	段落	G1-Global Structure	"paragraph reference"	H
paragraph	Generic	145	段落	G1-Global Structure	"paragraph reference"	H
paragraph	Generic	250	段落	G1-Global Structure	"paragraph reference"	H
paragraph	Generic	325	段落	G1-Global Structure	"paragraph reference"	H
paragraph	Generic	329	段落	G1-Global Structure	"paragraph reference"	H
paragraph	Generic	176	段落	G1-Global Structure	"paragraph reference"	H
paragraph	Generic	341	段落	G1-Global Structure	"paragraph reference"	H
paragraph	Generic	353	段落	G1-Development	"paragraph development"	H
paragraph	Generic	359	段落	G1-Global Structure	"paragraph reference"	H
paragraph	Generic	408	段落	G1-Global Structure	"paragraph reference"	H
paragraph	Generic	433	段落	G1-Global Structure	"paragraph reference"	H
paragraph	Generic	786	段落	G1-Global Structure	"paragraph reference"	H
paragraph	Generic	245	段落	G1-Global Structure	"paragraph reference"	H
paragraph	Generic	266	段落	G1-Global Structure	"paragraph reference"	H
paragraph	Generic	340	段落	G1-Global Structure	"paragraph reference"	H
paragraph	Generic	491	段落	G1-Global Structure	"paragraph reference"	H
paragraph	Generic	119	段落	G1-Global Structure	"paragraph reference"	H
paragraph	Generic	200	段落	G1-Global Structure	"paragraph reference"	H
paragraph	Generic	220	段落	G1-Development	"paragraph development"	H
paragraph	Generic	227	段落	G1-Global Structure	"paragraph reference"	H
paragraph	Generic	245	段落	G1-Global Structure	"paragraph reference"	H
paragraph	Generic	700	段落	G1-Global Structure	"paragraph reference"	H
paragraph	Generic	341	段落	G1-Global Structure	"paragraph reference"	H
paragraph	Generic	395	段落	G1-Global Structure	"paragraph reference"	H
paragraph	Generic	168	段落	G1-Global Structure	"paragraph reference"	H
paragraph	Generic	232	段落	G1-Global Structure	"paragraph reference"	H
paragraph	Generic	411	段落	G1-Global Structure	"paragraph reference"	H
paragraph	Generic	447	段落	G1-Global Structure	"paragraph structure"	H
paragraph	Generic	637	段落	G1-Global Structure	"paragraph reference"	H
paragraph	Generic	715	段落	G1-Global Structure	"paragraph reference"	H
paragraph	Generic	726	段落	G1-Global Structure	"paragraph structure"	H
paragraph	Generic	202	段落	G1-Global Structure	"paragraph reference"	H
paragraph	Generic	390	段落	G1-Global Structure	"paragraph reference"	H
paragraph	Generic	402	段落	G1-Global Structure	"paragraph reference"	H
paragraph	Generic	456	段落	G1-Global Structure	"paragraph reference"	H
paragraph	Generic	578	段落	G1-Global Structure	"paragraph reference"	H
paragraph	Generic	96	段落	G1-Global Structure	"paragraph reference"	H
paragraph	Generic	443	段落	G1-Global Structure	"paragraph reference"	H
paragraph	Generic	475	段落	G1-Global Structure	"paragraph structure"	H
paragraph	Generic	598	段落	G1-Global Structure	"paragraph reference"	H
paragraph	Generic	613	段落	G2-Correctness-Grammar	"paragraph grammar"	H
paragraph	Generic	529	段落	G1-Global Structure	"paragraph reference"	H
paragraph	Generic	284	段落	G1-Global Structure	"paragraph reference"	H
paragraph	Generic	498	段落	G1-Global Structure	"paragraph reference"	H
paragraph	Generic	576	段落	G1-Global Structure	"paragraph reference"	H
paragraph	Generic	586	段落	G1-Global Structure	"paragraph reference"	H
paragraph	Generic	528	段落	G1-Global Structure	"paragraph reference"	H
paragraph	Generic	556	段落	G1-Global Structure	"paragraph reference"	H
paragraph	Generic	126	段落	G1-Global Structure	"paragraph reference"	H
paragraph	Generic	263	段落	G1-Global Structure	"paragraph reference"	H
paragraph	Generic	268	段落	G1-Development	"paragraph development"	H
paragraph	Generic	758	段落	G1-Global Structure	"paragraph reference"	H
paragraph	Generic	87	段落	G1-Global Structure	"paragraph reference"	H
paragraph	Generic	368	段落	G1-Global Structure	"paragraph reference"	H
paragraph	Generic	514	段落	G1-Global Structure	"paragraph reference"	H
paragraph	Generic	642	段落	G1-Global Structure	"paragraph reference"	H
paragraph	Generic	692	段落	G1-Global Structure	"paragraph reference"	H
paragraph	Generic	508	段落	G1-Global Structure	"paragraph reference"	H
paragraph	Generic	195	段落	G1-Global Structure	"paragraph reference"	H
paragraph	Generic	456	段落	G1-Global Structure	"paragraph reference"	H
paragraph	Generic	486	段落	G1-Global Structure	"paragraph reference"	H
paragraph	Generic	498	段落	G1-Global Structure	"paragraph reference"	H
paragraph	Generic	508	段落	G1-Global Structure	"paragraph reference"	H
paragraph	Generic	517	段落	G1-Global Structure	"paragraph reference"	H
paragraph	Generic	577	段落	G1-Development	"paragraph development"	H
paragraph	Generic	660	段落	G1-Global Structure	"paragraph reference"	H
paragraph	Generic	192	段落	G1-Global Structure	"paragraph reference"	H
paragraph	Generic	204	段落	G1-Global Structure	"paragraph reference"	H
paragraph	Generic	455	段落	G1-Global Structure	"paragraph reference"	H
paragraph	Generic	684	段落	G2-Correctness-Grammar	"paragraph grammar"	H
paragraph	Generic	717	段落	G1-Global Structure	"paragraph reference"	H
paragraph	Generic	725	段落	G1-Global Structure	"paragraph reference"	H
paragraph	Generic	203	段落	G1-Global Structure	"paragraph reference"	H
paragraph	Generic	601	段落	G1-Global Structure	"paragraph reference"	H
paragraph	Generic	753	段落	G1-Global Structure	"paragraph reference"	H
paragraph	Generic	209	段落	G1-Global Structure	"paragraph reference"	H
paragraph	Generic	219	段落	G1-Global Structure	"paragraph reference"	H
paragraph	Generic	240	段落	G1-Global Structure	"paragraph reference"	H
paragraph	Generic	257	段落	G1-Global Structure	"paragraph reference"	H
paragraph	Generic	108	段落	G1-Global Structure	"paragraph reference"	H
paragraph	Generic	188	段落	G1-Global Structure	"paragraph reference"	H
paragraph	Generic	445	段落	G1-Global Structure	"paragraph structure"	H
paragraph	Generic	449	段落	G1-Global Structure	"paragraph reference"	H
paragraph	Generic	454	段落	G1-Global Structure	"paragraph reference"	H
paragraph	Generic	471	段落	G1-Global Structure	"paragraph reference"	H
paragraph	Generic	490	段落	G1-Global Structure	"paragraph reference"	H
paragraph	Generic	643	段落	G1-Global Structure	"paragraph reference"	H
paragraph	Generic	60	段落	G1-Global Structure	"paragraph structure"	H
paragraph	Generic	248	段落	G1-Global Structure	"paragraph reference"	H
paragraph	Generic	273	段落	G1-Global Structure	"paragraph reference"	H
paragraph	Generic	280	段落	G1-Global Structure	"paragraph reference"	H
paragraph	Generic	299	段落	G1-Global Structure	"paragraph reference"	H
paragraph	Generic	342	段落	G1-Global Structure	"paragraph reference"	H
paragraph	Generic	355	段落	G1-Global Structure	"paragraph reference"	H
paragraph	Generic	378	段落	G1-Global Structure	"paragraph reference"	H
paragraph	Generic	650	段落	G1-Global Structure	"paragraph reference"	H
paragraph	Generic	62	段落	G1-Global Structure	"paragraph structure"	H
paragraph	Generic	124	段落	G1-Global Structure	"paragraph reference"	H
paragraph	Generic	171	段落	G1-Global Structure	"paragraph reference"	H
paragraph	Generic	181	段落	G1-Development	"paragraph development"	H
paragraph	Generic	186	段落	G1-Global Structure	"paragraph reference"	H
paragraph	Generic	453	段落	G1-Global Structure	"paragraph reference"	H
paragraph	Generic	618	段落	G1-Global Structure	"paragraph reference"	H
paragraph	Generic	182	段落	G1-Global Structure	"paragraph reference"	H
paragraph	Generic	175	段落	G1-Development	"paragraph development"	H
paragraph	Generic	178	段落	G1-Global Structure	"paragraph reference"	H
paragraph	Generic	191	段落	G1-Global Structure	"paragraph reference"	H
paragraph	Generic	215	段落	G1-Global Structure	"paragraph reference"	H
paragraph	Generic	230	段落	G1-Global Structure	"paragraph reference"	H
paragraph	Generic	250	段落	G1-Global Structure	"paragraph reference"	H
paragraph	Generic	256	段落	G1-Global Structure	"paragraph reference"	H
paragraph	Generic	263	段落	G1-Global Structure	"paragraph reference"	H
paragraph	Generic	270	段落	G1-Global Structure	"paragraph reference"	H
paragraph	Generic	387	段落	G1-Global Structure	"paragraph reference"	H
paragraph	Generic	86	段落	G1-Global Structure	"paragraph reference"	H
paragraph	Generic	140	段落	G1-Global Structure	"paragraph reference"	H
paragraph	Generic	205	段落	G1-Development	"paragraph development"	H
paragraph	Generic	299	段落	G1-Global Structure	"paragraph reference"	H
paragraph	Generic	456	段落	G1-Global Structure	"paragraph structure"	H
paragraph	Generic	467	段落	G1-Global Structure	"paragraph reference"	H
paragraph	Generic	486	段落	G1-Global Structure	"paragraph reference"	H
paragraph	Generic	515	段落	G1-Global Structure	"paragraph reference"	H
paragraph	Generic	566	段落	G2-Correctness-Grammar	"paragraph grammar"	H
paragraph	Generic	602	段落	G1-Global Structure	"paragraph reference"	H
paragraph	Generic	209	段落	G1-Global Structure	"paragraph reference"	H
paragraph	Generic	316	段落	G1-Global Structure	"paragraph reference"	H
paragraph	Generic	435	段落	G1-Global Structure	"paragraph reference"	H
paragraph	Generic	491	段落	G1-Global Structure	"paragraph reference"	H
paragraph	Generic	676	段落	G1-Global Structure	"paragraph reference"	H
paragraph	Generic	212	段落	G1-Global Structure	"paragraph reference"	H
paragraph	Generic	223	段落	G1-Global Structure	"paragraph reference"	H
paragraph	Generic	246	段落	G1-Global Structure	"paragraph reference"	H
paragraph	Generic	318	段落	G1-Global Structure	"paragraph reference"	H
paragraph	Generic	512	段落	G1-Global Structure	"paragraph reference"	H
paragraph	Generic	410	段落	G1-Global Structure	"paragraph reference"	H
paragraph	Generic	433	段落	G1-Global Structure	"paragraph reference"	H
paragraph	Generic	699	段落	G1-Global Structure	"paragraph reference"	H
paragraph	Generic	140	段落	G1-Global Structure	"paragraph reference"	H
paragraph	Generic	227	段落	G1-Global Structure	"paragraph reference"	H
paragraph	Generic	128	段落	G1-Global Structure	"paragraph reference"	H
paragraph	Generic	267	段落	G1-Global Structure	"paragraph reference"	H
paragraph	Generic	362	段落	G1-Global Structure	"paragraph reference"	H
paragraph	Generic	404	段落	G1-Global Structure	"paragraph reference"	H
paragraph	Generic	416	段落	G1-Global Structure	"paragraph reference"	H
paragraph	Generic	484	段落	G1-Global Structure	"paragraph reference"	H
paragraph	Generic	638	段落	G1-Global Structure	"paragraph reference"	H
paragraph	Generic	657	段落	G1-Global Structure	"paragraph reference"	H
paragraph	Generic	689	段落	G1-Global Structure	"paragraph reference"	H
paragraph	Generic	255	段落	G1-Development	"paragraph development"	H
paragraph	Generic	360	段落	G1-Global Structure	"paragraph reference"	H
paragraph	Generic	670	段落	G1-Global Structure	"paragraph reference"	H
paragraph	Generic	674	段落	G1-Global Structure	"paragraph reference"	H
paragraph	Generic	154	段落	G1-Global Structure	"paragraph reference"	H
paragraph	Generic	294	段落	G1-Global Structure	"paragraph reference"	H
paragraph	Generic	317	段落	G1-Global Structure	"paragraph reference"	H
paragraph	Generic	398	段落	G1-Global Structure	"paragraph reference"	H
paragraph	Generic	683	段落	G1-Global Structure	"paragraph reference"	H
paragraph	Generic	160	段落	G1-Global Structure	"paragraph reference"	H
paragraph	Generic	167	段落	G1-Global Structure	"paragraph reference"	H
paragraph	Generic	176	段落	G1-Global Structure	"paragraph reference"	H
paragraph	Generic	336	段落	G1-Global Structure	"paragraph reference"	H
paragraph	Generic	349	段落	G1-Global Structure	"paragraph reference"	H
paragraph	Generic	367	段落	G1-Global Structure	"paragraph reference"	H
paragraph	Generic	378	段落	G1-Global Structure	"paragraph reference"	H
paragraph	Generic	390	段落	G1-Global Structure	"paragraph reference"	H
paragraph	Generic	494	段落	G1-Development	"paragraph development"	H
paragraph	Generic	126	段落	G1-Global Structure	"paragraph reference"	H
paragraph	Generic	266	段落	G1-Global Structure	"paragraph reference"	H
paragraph	Generic	270	段落	G1-Development	"paragraph development"	H
paragraph	Generic	288	段落	G1-Global Structure	"paragraph reference"	H
paragraph	Generic	296	段落	G1-Global Structure	"paragraph reference"	H
paragraph	Generic	304	段落	G1-Global Structure	"paragraph reference"	H
paragraph	Generic	312	段落	G1-Global Structure	"paragraph reference"	H
paragraph	Generic	318	段落	G1-Global Structure	"paragraph reference"	H
paragraph	Generic	506	段落	G1-Global Structure	"paragraph reference"	H
paragraph	Generic	76	段落	G1-Global Structure	"paragraph reference"	H
paragraph	Generic	345	段落	G1-Global Structure	"paragraph reference"	H
paragraph	Generic	347	段落	G1-Global Structure	"paragraph reference"	H
paragraph	Generic	409	段落	G1-Global Structure	"paragraph reference"	H
paragraph	Generic	672	段落	G1-Development	"paragraph development"	H
paragraph	Generic	145	段落	G1-Global Structure	"paragraph reference"	H
paragraph	Generic	456	段落	G1-Global Structure	"paragraph reference"	H
paragraph	Generic	87	段落	G1-Global Structure	"paragraph reference"	H
paragraph	Generic	245	段落	G1-Global Structure	"paragraph reference"	H
paragraph	Generic	250	段落	G1-Global Structure	"paragraph reference"	H
paragraph	Generic	276	段落	G1-Global Structure	"paragraph reference"	H
paragraph	Generic	281	段落	G1-Global Structure	"paragraph reference"	H
paragraph	Generic	693	段落	G1-Global Structure	"paragraph reference"	H
paragraph	Generic	172	段落	G1-Global Structure	"paragraph reference"	H
paragraph	Generic	332	段落	G1-Global Structure	"paragraph reference"	H
paragraph	Generic	607	段落	G1-Global Structure	"paragraph reference"	H
paragraph	Generic	265	段落	G1-Global Structure	"paragraph reference"	H
paragraph	Generic	620	段落	G1-Global Structure	"paragraph reference"	H
paragraph	Generic	166	段落	G1-Global Structure	"paragraph reference"	H
paragraph	Generic	180	段落	G1-Global Structure	"paragraph structure"	H
paragraph	Generic	207	段落	G1-Global Structure	"paragraph reference"	H
paragraph	Generic	401	段落	G1-Global Structure	"paragraph reference"	H
paragraph	Generic	415	段落	G1-Global Structure	"paragraph reference"	H
paragraph	Generic	199	段落	G1-Global Structure	"paragraph reference"	H
paragraph	Generic	211	段落	G1-Global Structure	"paragraph reference"	H
paragraph	Generic	218	段落	G1-Global Structure	"paragraph reference"	H
paragraph	Generic	309	段落	G1-Global Structure	"paragraph reference"	H
paragraph	Generic	737	段落	G1-Global Structure	"paragraph reference"	H
paragraph	Generic	760	段落	G1-Global Structure	"paragraph reference"	H
paragraph	Generic	230	段落	G1-Global Structure	"paragraph structure"	H
paragraph	Generic	249	段落	G1-Global Structure	"paragraph reference"	H
paragraph	Generic	287	段落	G1-Global Structure	"paragraph reference"	H
paragraph	Generic	299	段落	G1-Global Structure	"paragraph reference"	H
paragraph	Generic	310	段落	G1-Global Structure	"paragraph reference"	H
paragraph	Generic	179	段落	G1-Global Structure	"paragraph reference"	H
paragraph	Generic	194	段落	G1-Global Structure	"paragraph structure"	H
paragraph	Generic	777	段落	G1-Global Structure	"paragraph reference"	H
paragraph	Generic	228	段落	G1-Global Structure	"paragraph reference"	H
paragraph	Generic	268	段落	G1-Global Structure	"paragraph reference"	H
paragraph	Generic	275	段落	G1-Global Structure	"paragraph reference"	H
paragraph	Generic	287	段落	G1-Global Structure	"paragraph reference"	H
paragraph	Generic	300	段落	G1-Global Structure	"paragraph reference"	H
paragraph	Generic	333	段落	G1-Global Structure	"paragraph reference"	H
paragraph	Generic	344	段落	G1-Global Structure	"paragraph reference"	H
paragraph	Generic	692	段落	G1-Global Structure	"paragraph reference"	H
paragraph	Generic	135	段落	G1-Global Structure	"paragraph reference"	H
paragraph	Generic	168	段落	G1-Global Structure	"paragraph reference"	H
paragraph	Generic	298	段落	G1-Global Structure	"paragraph structure"	H
paragraph	Generic	301	段落	G1-Global Structure	"paragraph reference"	H
paragraph	Generic	319	段落	G1-Global Structure	"paragraph reference"	H
paragraph	Generic	343	段落	G1-Global Structure	"paragraph reference"	H
paragraph	Generic	499	段落	G1-Global Structure	"paragraph reference"	H
paragraph	Generic	540	段落	G1-Global Structure	"paragraph reference"	H
paragraph	Generic	713	段落	G1-Global Structure	"paragraph reference"	H
paragraph	Generic	724	段落	G1-Global Structure	"paragraph reference"	H
paragraph	Generic	726	段落	G1-Global Structure	"paragraph structure"	H
paragraph	Generic	178	段落	G1-Global Structure	"paragraph reference"	H
paragraph	Generic	403	段落	G1-Global Structure	"paragraph reference"	H
paragraph	Generic	431	段落	G1-Global Structure	"paragraph reference"	H
paragraph	Generic	617	段落	G1-Global Structure	"paragraph reference"	H
paragraph	Generic	744	段落	G1-Global Structure	"paragraph reference"	H
paragraph	Generic	364	段落	G1-Global Structure	"paragraph reference"	H
paragraph	Generic	366	段落	G1-Global Structure	"paragraph reference"	H
paragraph	Generic	108	段落	G1-Global Structure	"paragraph reference"	H
paragraph	Generic	256	段落	G1-Global Structure	"paragraph reference"	H
paragraph	Generic	384	段落	G1-Global Structure	"paragraph reference"	H
paragraph	Generic	401	段落	G1-Global Structure	"paragraph reference"	H
paragraph	Generic	481	段落	G1-Global Structure	"paragraph reference"	H
paragraph	Generic	737	段落	G1-Global Structure	"paragraph reference"	H
paragraph	Generic	144	段落	G1-Global Structure	"paragraph reference"	H
paragraph	Generic	283	段落	G1-Global Structure	"paragraph reference"	H
paragraph	Generic	447	段落	G1-Global Structure	"paragraph reference"	H
paragraph	Generic	554	段落	G1-Global Structure	"paragraph reference"	H
paragraph	Generic	756	段落	G1-Global Structure	"paragraph reference"	H
paragraph	Generic	550	段落	G1-Global Structure	"paragraph reference"	H
paragraph	Generic	195	段落	G1-Global Structure	"paragraph reference"	H
paragraph	Generic	174	段落	G1-Global Structure	"paragraph reference"	H
paragraph	Generic	744	段落	G1-Global Structure	"paragraph reference"	H
paragraph	Generic	92	段落	G1-Global Structure	"paragraph reference"	H
paragraph	Generic	131	段落	G1-Global Structure	"paragraph reference"	H
paragraph	Generic	151	段落	G1-Global Structure	"paragraph reference"	H
paragraph	Generic	163	段落	G1-Global Structure	"paragraph reference"	H
paragraph	Generic	184	段落	G1-Global Structure	"paragraph reference"	H
paragraph	Generic	380	段落	G1-Global Structure	"paragraph reference"	H
paragraph	Generic	670	段落	G1-Global Structure	"paragraph reference"	H
paragraph	Generic	690	段落	G1-Global Structure	"paragraph reference"	H
paragraph	Generic	223	段落	G1-Global Structure	"paragraph reference"	H
paragraph	Generic	247	段落	G1-Global Structure	"paragraph reference"	H
paragraph	Generic	266	段落	G1-Global Structure	"paragraph reference"	H
paragraph	Generic	285	段落	G1-Global Structure	"paragraph reference"	H
paragraph	Generic	747	段落	G1-Global Structure	"paragraph reference"	H
paragraph	Generic	338	段落	G1-Global Structure	"paragraph reference"	H
paragraph	Generic	572	段落	G1-Global Structure	"paragraph structure"	H
paragraph	Generic	600	段落	G1-Global Structure	"paragraph reference"	H
paragraph	Generic	172	段落	G1-Global Structure	"paragraph reference"	H
paragraph	Generic	716	段落	G1-Global Structure	"paragraph reference"	H
paragraph	Generic	787	段落	G1-Global Structure	"paragraph reference"	H
paragraph	Generic	357	段落	G1-Global Structure	"paragraph reference"	H
paragraph	Generic	368	段落	G1-Global Structure	"paragraph reference"	H
paragraph	Generic	411	段落	G1-Global Structure	"paragraph reference"	H
paragraph	Generic	120	段落	G1-Global Structure	"paragraph reference"	H
paragraph	Generic	238	段落	G1-Global Structure	"paragraph reference"	H
paragraph	Generic	347	段落	G1-Global Structure	"paragraph reference"	H
paragraph	Generic	230	段落	G1-Global Structure	"paragraph reference"	H
paragraph	Generic	259	段落	G1-Global Structure	"paragraph reference"	H
paragraph	Generic	282	段落	G1-Global Structure	"paragraph reference"	H
paragraph	Generic	687	段落	G1-Global Structure	"paragraph reference"	H
paragraph	Generic	129	段落	G1-Global Structure	"paragraph reference"	H
paragraph	Generic	192	段落	G1-Global Structure	"paragraph reference"	H
paragraph	Generic	144	段落	G1-Global Structure	"paragraph reference"	H
paragraph	Generic	216	段落	G1-Global Structure	"paragraph reference"	H
paragraph	Generic	414	段落	G1-Global Structure	"paragraph reference"	H
paragraph	Generic	523	段落	G1-Global Structure	"paragraph reference"	H
paragraph	Generic	561	段落	G1-Global Structure	"paragraph reference"	H
paragraph	Generic	606	段落	G1-Global Structure	"paragraph reference"	H
paragraph	Generic	767	段落	G1-Global Structure	"paragraph reference"	H
paragraph	Generic	286	段落	G1-Global Structure	"paragraph reference"	H
paragraph	Generic	434	段落	G1-Global Structure	"paragraph reference"	H
paragraph	Generic	120	段落	G1-Global Structure	"paragraph reference"	H
paragraph	Generic	187	段落	G1-Development	"paragraph development"	H
paragraph	Generic	225	段落	G1-Global Structure	"paragraph reference"	H
paragraph	Generic	246	段落	G1-Global Structure	"paragraph reference"	H
paragraph	Generic	514	段落	G1-Global Structure	"paragraph reference"	H
paragraph	Generic	149	段落	G1-Global Structure	"paragraph reference"	H
paragraph	Generic	219	段落	G1-Global Structure	"paragraph reference"	H
paragraph	Generic	255	段落	G1-Global Structure	"paragraph reference"	H
paragraph	Generic	264	段落	G1-Global Structure	"paragraph reference"	H
paragraph	Generic	245	段落	G1-Global Structure	"paragraph reference"	H
paragraph	Generic	287	段落	G1-Global Structure	"paragraph reference"	H
paragraph	Generic	296	段落	G1-Global Structure	"paragraph reference"	H
paragraph	Generic	306	段落	G1-Global Structure	"paragraph reference"	H
paragraph	Generic	315	段落	G1-Global Structure	"paragraph reference"	H
paragraph	Generic	330	段落	G1-Global Structure	"paragraph reference"	H
paragraph	Generic	234	段落	G1-Global Structure	"paragraph reference"	H
paragraph	Generic	238	段落	G1-Global Structure	"paragraph reference"	H
paragraph	Generic	249	段落	G1-Global Structure	"paragraph reference"	H
paragraph	Generic	258	段落	G1-Global Structure	"paragraph reference"	H
paragraph	Generic	595	段落	G1-Global Structure	"paragraph reference"	H
paragraph	Generic	692	段落	G1-Global Structure	"paragraph reference"	H
paragraph	Generic	247	段落	G1-Global Structure	"paragraph reference"	H
paragraph	Generic	258	段落	G1-Global Structure	"paragraph reference"	H
paragraph	Generic	270	段落	G2-Correctness-Grammar	"paragraph grammar"	H
paragraph	Generic	277	段落	G2-Correctness-Grammar	"paragraph grammar"	H
paragraph	Generic	284	段落	G2-Correctness-Grammar	"paragraph grammar"	H
paragraph	Generic	310	段落	G1-Global Structure	"paragraph reference"	H
paragraph	Generic	418	段落	G1-Global Structure	"paragraph reference"	H
paragraph	Generic	718	段落	G1-Global Structure	"paragraph reference"	H
paragraph	Generic	215	段落	G1-Development	"paragraph development"	H
paragraph	Generic	233	段落	G1-Global Structure	"paragraph reference"	H
paragraph	Generic	739	段落	G1-Development	"paragraph development"	H
paragraph	Generic	123	段落	G1-Global Structure	"paragraph reference"	H
paragraph	Generic	155	段落	G1-Global Structure	"paragraph reference"	H
paragraph	Generic	166	段落	G1-Global Structure	"paragraph reference"	H
paragraph	Generic	183	段落	G1-Global Structure	"paragraph reference"	H
paragraph	Generic	198	段落	G1-Global Structure	"paragraph reference"	H
paragraph	Generic	230	段落	G1-Development	"paragraph development"	H
paragraph	Generic	243	段落	G1-Global Structure	"paragraph reference"	H
paragraph	Generic	63	段落	G1-Development	"paragraph development"	H
paragraph	Generic	234	段落	G1-Global Structure	"paragraph reference"	H
paragraph	Generic	260	段落	G1-Global Structure	"paragraph reference"	H
paragraph	Generic	626	段落	G1-Global Structure	"paragraph reference"	H
paragraph	Generic	636	段落	G1-Global Structure	"paragraph reference"	H
paragraph	Generic	649	段落	G1-Global Structure	"paragraph reference"	H
paragraph	Generic	658	段落	G1-Global Structure	"paragraph reference"	H
paragraph	Generic	709	段落	G1-Global Structure	"paragraph reference"	H
paragraph	Generic	150	段落	G1-Global Structure	"paragraph reference"	H
paragraph	Generic	255	段落	G1-Development	"paragraph development"	H
paragraph	Generic	278	段落	G1-Global Structure	"paragraph reference"	H
paragraph	Generic	303	段落	G1-Global Structure	"paragraph reference"	H
paragraph	Generic	695	段落	G1-Global Structure	"paragraph reference"	H
paragraph	Generic	58	段落	G1-Global Structure	"paragraph reference"	H
paragraph	Generic	284	段落	G1-Global Structure	"paragraph reference"	H
paragraph	Generic	302	段落	G1-Global Structure	"paragraph reference"	H
paragraph	Generic	325	段落	G1-Global Structure	"paragraph reference"	H
paragraph	Generic	279	段落	G1-Global Structure	"paragraph reference"	H
paragraph	Generic	375	段落	G1-Global Structure	"paragraph reference"	H
paragraph	Generic	406	段落	G1-Global Structure	"paragraph reference"	H
paragraph	Generic	414	段落	G1-Global Structure	"paragraph reference"	H
paragraph	Generic	422	段落	G1-Global Structure	"paragraph reference"	H
paragraph	Generic	439	段落	G1-Global Structure	"paragraph reference"	H
paragraph	Generic	476	段落	G1-Global Structure	"paragraph reference"	H
paragraph	Generic	495	段落	G1-Global Structure	"paragraph reference"	H
paragraph	Generic	665	段落	G1-Global Structure	"paragraph reference"	H
paragraph	Generic	210	段落	G1-Global Structure	"paragraph reference"	H
paragraph	Generic	227	段落	G1-Global Structure	"paragraph reference"	H
paragraph	Generic	243	段落	G1-Global Structure	"paragraph reference"	H
paragraph	Generic	226	段落	G1-Development	"paragraph development"	H
paragraph	Generic	242	段落	G1-Global Structure	"paragraph reference"	H
paragraph	Generic	253	段落	G1-Global Structure	"paragraph reference"	H
paragraph	Generic	263	段落	G1-Global Structure	"paragraph reference"	H
paragraph	Generic	272	段落	G1-Global Structure	"paragraph reference"	H
paragraph	Generic	290	段落	G1-Global Structure	"paragraph reference"	H
paragraph	Generic	698	段落	G1-Global Structure	"paragraph reference"	H
paragraph	Generic	766	段落	G1-Global Structure	"paragraph reference"	H
paragraph	Generic	780	段落	G1-Global Structure	"paragraph reference"	H
paragraph	Generic	793	段落	G1-Global Structure	"paragraph reference"	H
paragraph	Generic	194	段落	G1-Global Structure	"paragraph reference"	H
paragraph	Generic	217	段落	G1-Global Structure	"paragraph reference"	H
paragraph	Generic	224	段落	G1-Global Structure	"paragraph reference"	H
paragraph	Generic	231	段落	G1-Global Structure	"paragraph reference"	H
paragraph	Generic	221	段落	G1-Global Structure	"paragraph reference"	H
paragraph	Generic	258	段落	G1-Global Structure	"paragraph reference"	H
paragraph	Generic	390	段落	G1-Global Structure	"paragraph reference"	H
paragraph	Generic	411	段落	G1-Global Structure	"paragraph reference"	H
paragraph	Generic	693	段落	G1-Global Structure	"paragraph reference"	H
paragraph	Generic	546	段落	G1-Global Structure	"paragraph structure"	H
paragraph	Generic	569	段落	G1-Global Structure	"paragraph reference"	H
paragraph	Generic	587	段落	G1-Global Structure	"paragraph reference"	H
paragraph	Generic	136	段落	G1-Global Structure	"paragraph reference"	H
paragraph	Generic	232	段落	G1-Global Structure	"paragraph reference"	H
paragraph	Generic	236	段落	G1-Global Structure	"paragraph reference"	H
paragraph	Generic	242	段落	G1-Global Structure	"paragraph reference"	H
paragraph	Generic	251	段落	G1-Global Structure	"paragraph reference"	H
paragraph	Generic	257	段落	G1-Global Structure	"paragraph reference"	H
paragraph	Generic	264	段落	G1-Global Structure	"paragraph reference"	H
paragraph	Generic	158	段落	G1-Global Structure	"paragraph reference"	H
paragraph	Generic	227	段落	G1-Development	"paragraph development"	H
paragraph	Generic	300	段落	G1-Global Structure	"paragraph reference"	H
paragraph	Generic	424	段落	G1-Global Structure	"paragraph reference"	H
paragraph	Generic	432	段落	G1-Global Structure	"paragraph reference"	H
paragraph	Generic	449	段落	G1-Global Structure	"paragraph reference"	H
paragraph	Generic	732	段落	G1-Global Structure	"paragraph reference"	H
paragraph	Generic	158	段落	G1-Global Structure	"paragraph reference"	H
paragraph	Generic	341	段落	G1-Development	"paragraph development"	H
paragraph	Generic	359	段落	G1-Global Structure	"paragraph reference"	H
paragraph	Generic	136	段落	G1-Global Structure	"paragraph reference"	H
paragraph	Generic	161	段落	G1-Global Structure	"paragraph reference"	H
paragraph	Generic	243	段落	G1-Global Structure	"paragraph reference"	H
paragraph	Generic	247	段落	G1-Global Structure	"paragraph reference"	H
paragraph	Generic	254	段落	G1-Global Structure	"paragraph reference"	H
paragraph	Generic	262	段落	G1-Global Structure	"paragraph reference"	H
paragraph	Generic	272	段落	G1-Global Structure	"paragraph reference"	H
paragraph	Generic	280	段落	G1-Global Structure	"paragraph reference"	H
paragraph	Generic	685	段落	G1-Global Structure	"paragraph reference"	H
paragraph	Generic	184	段落	G1-Global Structure	"paragraph reference"	H
paragraph	Generic	201	段落	G1-Global Structure	"paragraph reference"	H
paragraph	Generic	210	段落	G1-Global Structure	"paragraph reference"	H
paragraph	Generic	218	段落	G1-Global Structure	"paragraph reference"	H
paragraph	Generic	235	段落	G1-Global Structure	"paragraph reference"	H
paragraph	Generic	738	段落	G1-Global Structure	"paragraph reference"	H
paragraph	Generic	385	段落	G1-Development	"paragraph development"	H
paragraph	Generic	396	段落	G1-Development	"paragraph development"	H
paragraph	Generic	421	段落	G1-Global Structure	"paragraph reference"	H
paragraph	Generic	440	段落	G2-Correctness-Grammar	"paragraph grammar"	H
paragraph	Generic	103	段落	G1-Global Structure	"paragraph reference"	H
paragraph	Generic	106	段落	G1-Development	"paragraph development"	H
paragraph	Generic	584	段落	G1-Global Structure	"paragraph reference"	H
paragraph	Generic	592	段落	G1-Global Structure	"paragraph reference"	H
paragraph	Generic	601	段落	G1-Global Structure	"paragraph reference"	H
paragraph	Generic	611	段落	G1-Global Structure	"paragraph reference"	H
paragraph	Generic	164	段落	G1-Development	"paragraph development"	H
paragraph	Generic	170	段落	G1-Global Structure	"paragraph reference"	H
paragraph	Generic	182	段落	G1-Global Structure	"paragraph reference"	H
paragraph	Generic	189	段落	G1-Global Structure	"paragraph reference"	H
paragraph	Generic	205	段落	G1-Global Structure	"paragraph reference"	H
paragraph	Generic	785	段落	G1-Global Structure	"paragraph reference"	H
paragraph	Generic	828	段落	G1-Development	"paragraph development"	H
paragraph	Generic	188	段落	G1-Global Structure	"paragraph reference"	H
paragraph	Generic	194	段落	G1-Global Structure	"paragraph reference"	H
paragraph	Generic	219	段落	G1-Global Structure	"paragraph reference"	H
paragraph	Generic	234	段落	G1-Global Structure	"paragraph reference"	H
paragraph	Generic	303	段落	G1-Global Structure	"paragraph reference"	H
paragraph	Generic	323	段落	G1-Global Structure	"paragraph reference"	H
paragraph	Generic	334	段落	G1-Development	"paragraph development"	H
paragraph	Generic	606	段落	G1-Global Structure	"paragraph reference"	H
paragraph	Generic	626	段落	G1-Global Structure	"paragraph reference"	H
paragraph	Generic	649	段落	G1-Global Structure	"paragraph reference"	H
paragraph	Generic	725	段落	G2-Correctness-Grammar	"paragraph grammar"	H
paragraph	Generic	447	段落	G1-Global Structure	"paragraph reference"	H
paragraph	Generic	342	段落	G1-Development	"paragraph development"	H
paragraph	Generic	346	段落	G1-Global Structure	"paragraph reference"	H
paragraph	Generic	4	段落	G1-Global Structure	"paragraph reference"	H
paragraph	Generic	288	段落	G1-Global Structure	"paragraph reference"	H
paragraph	Generic	328	段落	G1-Global Structure	"paragraph reference"	H
paragraph	Generic	436	段落	G1-Global Structure	"paragraph reference"	H
paragraph	Generic	683	段落	G1-Global Structure	"paragraph reference"	H
paragraph	Generic	823	段落	G1-Global Structure	"paragraph structure"	H
paragraph	Generic	187	段落	G1-Development	"paragraph development"	H
paragraph	Generic	204	段落	G1-Global Structure	"paragraph reference"	H
paragraph	Generic	209	段落	G1-Global Structure	"paragraph reference"	H
paragraph	Generic	217	段落	G1-Global Structure	"paragraph reference"	H
paragraph	Generic	229	段落	G1-Global Structure	"paragraph reference"	H
paragraph	Generic	244	段落	G1-Global Structure	"paragraph reference"	H
paragraph	Generic	274	段落	G1-Global Structure	"paragraph reference"	H
paragraph	Generic	284	段落	G1-Global Structure	"paragraph reference"	H
paragraph	Generic	296	段落	G1-Global Structure	"paragraph reference"	H
paragraph	Generic	325	段落	G1-Global Structure	"paragraph reference"	H
paragraph	Generic	34	段落	G1-Global Structure	"paragraph reference"	H
paragraph	Generic	217	段落	G1-Development	"paragraph development"	H
paragraph	Generic	237	段落	G1-Global Structure	"paragraph reference"	H
paragraph	Generic	243	段落	G1-Global Structure	"paragraph reference"	H
paragraph	Generic	248	段落	G1-Global Structure	"paragraph reference"	H
paragraph	Generic	252	段落	G1-Global Structure	"paragraph reference"	H
paragraph	Generic	256	段落	G1-Global Structure	"paragraph reference"	H
paragraph	Generic	594	段落	G1-Global Structure	"paragraph reference"	H
paragraph	Generic	734	段落	G1-Global Structure	"paragraph reference"	H
paragraph	Generic	227	段落	G1-Global Structure	"paragraph reference"	H
paragraph	Generic	272	段落	G1-Global Structure	"paragraph reference"	H
paragraph	Generic	293	段落	G1-Global Structure	"paragraph reference"	H
paragraph	Generic	313	段落	G1-Global Structure	"paragraph reference"	H
paragraph	Generic	238	段落	G1-Global Structure	"paragraph reference"	H
paragraph	Generic	246	段落	G1-Global Structure	"paragraph reference"	H
paragraph	Generic	259	段落	G1-Global Structure	"paragraph reference"	H
paragraph	Generic	86	段落	G1-Global Structure	"paragraph reference"	H
paragraph	Generic	98	段落	G1-Global Structure	"paragraph reference"	H
paragraph	Generic	210	段落	G1-Global Structure	"paragraph reference"	H
paragraph	Generic	386	段落	G1-Global Structure	"paragraph reference"	H
paragraph	Generic	227	段落	G1-Global Structure	"paragraph reference"	H
paragraph	Generic	242	段落	G1-Global Structure	"paragraph reference"	H
paragraph	Generic	256	段落	G1-Global Structure	"paragraph reference"	H
paragraph	Generic	705	段落	G1-Global Structure	"paragraph reference"	H
paragraph	Generic	94	段落	G1-Global Structure	"paragraph reference"	H
paragraph	Generic	150	段落	G1-Global Structure	"paragraph reference"	H
paragraph	Generic	222	段落	G1-Global Structure	"paragraph reference"	H
paragraph	Generic	245	段落	G1-Global Structure	"paragraph reference"	H
paragraph	Generic	274	段落	G1-Global Structure	"paragraph reference"	H
paragraph	Generic	300	段落	G1-Global Structure	"paragraph reference"	H
paragraph	Generic	565	段落	G1-Global Structure	"paragraph reference"	H
paragraph	Generic	589	段落	G1-Global Structure	"paragraph reference"	H
paragraph	Generic	619	段落	G1-Global Structure	"paragraph reference"	H
paragraph	Generic	642	段落	G1-Global Structure	"paragraph reference"	H
paragraph	Generic	659	段落	G1-Global Structure	"paragraph reference"	H
paragraph	Generic	665	段落	G1-Global Structure	"paragraph reference"	H
paragraph	Generic	287	段落	G1-Development	"paragraph development"	H
paragraph	Generic	355	段落	G1-Global Structure	"paragraph reference"	H
paragraph	Generic	379	段落	G1-Global Structure	"paragraph reference"	H
paragraph	Generic	763	段落	G1-Global Structure	"paragraph reference"	H
paragraph	Generic	95	段落	G1-Global Structure	"paragraph reference"	H
paragraph	Generic	138	段落	G1-Global Structure	"paragraph reference"	H
paragraph	Generic	228	段落	G1-Development	"paragraph development"	H
paragraph	Generic	234	段落	G1-Global Structure	"paragraph reference"	H
paragraph	Generic	240	段落	G1-Global Structure	"paragraph reference"	H
paragraph	Generic	242	段落	G1-Global Structure	"paragraph reference"	H
paragraph	Generic	276	段落	G1-Global Structure	"paragraph reference"	H
paragraph	Generic	299	段落	G1-Global Structure	"paragraph reference"	H
paragraph	Generic	301	段落	G1-Global Structure	"paragraph reference"	H
paragraph	Generic	697	段落	G1-Global Structure	"paragraph reference"	H
paragraph	Generic	171	段落	G1-Development	"paragraph development"	H
paragraph	Generic	174	段落	G1-Global Structure	"paragraph reference"	H
paragraph	Generic	180	段落	G1-Global Structure	"paragraph reference"	H
paragraph	Generic	188	段落	G1-Global Structure	"paragraph reference"	H
paragraph	Generic	198	段落	G1-Global Structure	"paragraph reference"	H
paragraph	Generic	222	段落	G1-Global Structure	"paragraph reference"	H
paragraph	Generic	230	段落	G1-Development	"paragraph development"	H
paragraph	Generic	640	段落	G1-Global Structure	"paragraph reference"	H
paragraph	Generic	211	段落	G1-Development	"paragraph development"	H
paragraph	Generic	224	段落	G1-Global Structure	"paragraph reference"	H
paragraph	Generic	236	段落	G1-Global Structure	"paragraph reference"	H
paragraph	Generic	240	段落	G1-Global Structure	"paragraph reference"	H
paragraph	Generic	245	段落	G1-Global Structure	"paragraph reference"	H
paragraph	Generic	164	段落	G1-Global Structure	"paragraph reference"	H
paragraph	Generic	173	段落	G1-Global Structure	"paragraph reference"	H
paragraph	Generic	183	段落	G1-Global Structure	"paragraph reference"	H
paragraph	Generic	200	段落	G1-Global Structure	"paragraph reference"	H
paragraph	Generic	760	段落	G1-Global Structure	"paragraph structure"	H
paragraph	Generic	478	段落	G1-Global Structure	"paragraph reference"	H
paragraph	Generic	502	段落	G1-Global Structure	"paragraph reference"	H
paragraph	Generic	509	段落	G1-Global Structure	"paragraph reference"	H
paragraph	Generic	519	段落	G1-Global Structure	"paragraph reference"	H
paragraph	Generic	686	段落	G2-Correctness-Grammar	"paragraph grammar"	H
paragraph	Generic	335	段落	G1-Development	"paragraph development"	H
paragraph	Generic	370	段落	G1-Development	"paragraph development"	H
paragraph	Generic	381	段落	G1-Global Structure	"paragraph reference"	H
paragraph	Generic	388	段落	G1-Global Structure	"paragraph reference"	H
paragraph	Generic	620	段落	G1-Global Structure	"paragraph reference"	H
paragraph	Generic	715	段落	G1-Global Structure	"paragraph reference"	H
paragraph	Generic	259	段落	G1-Global Structure	"paragraph reference"	H
paragraph	Generic	271	段落	G1-Global Structure	"paragraph reference"	H
paragraph	Generic	285	段落	G1-Global Structure	"paragraph reference"	H
paragraph	Generic	802	段落	G1-Global Structure	"paragraph structure"	H
paragraph	Generic	379	段落	G1-Global Structure	"paragraph reference"	H
paragraph	Generic	388	段落	G1-Global Structure	"paragraph reference"	H
paragraph	Generic	399	段落	G1-Global Structure	"paragraph reference"	H
paragraph	Generic	427	段落	G1-Global Structure	"paragraph reference"	H
paragraph	Generic	205	段落	G1-Global Structure	"paragraph reference"	H
paragraph	Generic	273	段落	G1-Global Structure	"paragraph reference"	H
paragraph	Generic	104	段落	G1-Development	"paragraph development"	H
paragraph	Generic	394	段落	G1-Development	"paragraph development"	H
paragraph	Generic	409	段落	G1-Global Structure	"paragraph reference"	H
paragraph	Generic	416	段落	G1-Global Structure	"paragraph reference"	H
paragraph	Generic	484	段落	G1-Global Structure	"paragraph reference"	H
paragraph	Generic	487	段落	G1-Global Structure	"paragraph reference"	H
paragraph	Generic	539	段落	G1-Global Structure	"paragraph reference"	H
paragraph	Generic	544	段落	G1-Global Structure	"paragraph reference"	H
paragraph	Generic	715	段落	G1-Global Structure	"paragraph reference"	H
paragraph	Generic	97	段落	G2-Correctness-Grammar	"paragraph grammar"	H
paragraph	Generic	250	段落	G1-Development	"paragraph development"	H
paragraph	Generic	277	段落	G1-Global Structure	"paragraph reference"	H
paragraph	Generic	293	段落	G1-Global Structure	"paragraph reference"	H
paragraph	Generic	312	段落	G1-Global Structure	"paragraph reference"	H
paragraph	Generic	330	段落	G1-Global Structure	"paragraph reference"	H
paragraph	Generic	727	段落	G1-Global Structure	"paragraph reference"	H
paragraph	Generic	813	段落	G1-Global Structure	"paragraph reference"	H
paragraph	Generic	242	段落	G1-Development	"paragraph development"	H
paragraph	Generic	676	段落	G1-Global Structure	"paragraph reference"	H
paragraph	Generic	83	段落	G1-Global Structure	"paragraph structure"	H
paragraph	Generic	332	段落	G1-Global Structure	"paragraph reference"	H
paragraph	Generic	339	段落	G1-Development	"paragraph development"	H
paragraph	Generic	355	段落	G1-Global Structure	"paragraph reference"	H
paragraph	Generic	377	段落	G1-Global Structure	"paragraph reference"	H
paragraph	Generic	673	段落	G1-Global Structure	"paragraph reference"	H
paragraph	Generic	681	段落	G1-Global Structure	"paragraph reference"	H
paragraph	Generic	174	段落	G1-Global Structure	"paragraph reference"	H
paragraph	Generic	271	段落	G1-Global Structure	"paragraph reference"	H
paragraph	Generic	534	段落	G1-Global Structure	"paragraph reference"	H
paragraph	Generic	553	段落	G1-Global Structure	"paragraph reference"	H
paragraph	Generic	558	段落	G1-Global Structure	"paragraph reference"	H
paragraph	Generic	565	段落	G1-Global Structure	"paragraph reference"	H
paragraph	Generic	315	段落	G1-Global Structure	"paragraph reference"	H
paragraph	Generic	336	段落	G1-Global Structure	"paragraph reference"	H
paragraph	Generic	342	段落	G1-Global Structure	"paragraph reference"	H
paragraph	Generic	348	段落	G1-Global Structure	"paragraph reference"	H
paragraph	Generic	355	段落	G1-Global Structure	"paragraph reference"	H
paragraph	Generic	736	段落	G1-Global Structure	"paragraph reference"	H
paragraph	Generic	243	段落	G1-Development	"paragraph development"	H
paragraph	Generic	247	段落	G1-Global Structure	"paragraph reference"	H
paragraph	Generic	263	段落	G1-Global Structure	"paragraph reference"	H
paragraph	Generic	273	段落	G1-Global Structure	"paragraph reference"	H
paragraph	Generic	287	段落	G1-Global Structure	"paragraph reference"	H
paragraph	Generic	312	段落	G1-Global Structure	"paragraph reference"	H
paragraph	Generic	398	段落	G1-Global Structure	"paragraph reference"	H
paragraph	Generic	238	段落	G1-Global Structure	"paragraph reference"	H
paragraph	Generic	258	段落	G1-Global Structure	"paragraph reference"	H
paragraph	Generic	294	段落	G1-Global Structure	"paragraph reference"	H
paragraph	Generic	655	段落	G1-Global Structure	"paragraph reference"	H
paragraph	Generic	247	段落	G1-Global Structure	"paragraph reference"	H
paragraph	Generic	255	段落	G1-Global Structure	"paragraph reference"	H
paragraph	Generic	261	段落	G1-Global Structure	"paragraph reference"	H
paragraph	Generic	286	段落	G1-Global Structure	"paragraph reference"	H
paragraph	Generic	642	段落	G1-Global Structure	"paragraph reference"	H
paragraph	Generic	487	段落	G1-Development	"paragraph development"	H
paragraph	Generic	498	段落	G1-Global Structure	"paragraph reference"	H
paragraph	Generic	518	段落	G1-Global Structure	"paragraph reference"	H
paragraph	Generic	526	段落	G1-Global Structure	"paragraph reference"	H
paragraph	Generic	536	段落	G1-Global Structure	"paragraph reference"	H
paragraph	Generic	542	段落	G1-Global Structure	"paragraph reference"	H
paragraph	Generic	736	段落	G2-Correctness-Grammar	"paragraph grammar"	H
paragraph	Generic	289	段落	G1-Global Structure	"paragraph reference"	H
paragraph	Generic	301	段落	G1-Global Structure	"paragraph reference"	H
paragraph	Generic	317	段落	G1-Global Structure	"paragraph reference"	H
paragraph	Generic	412	段落	G1-Global Structure	"paragraph reference"	H
paragraph	Generic	649	段落	G1-Global Structure	"paragraph reference"	H
paragraph	Generic	664	段落	G1-Global Structure	"paragraph reference"	H
paragraph	Generic	677	段落	G1-Global Structure	"paragraph reference"	H
paragraph	Generic	726	段落	G1-Global Structure	"paragraph reference"	H
paragraph	Generic	140	段落	G1-Global Structure	"paragraph structure"	H
paragraph	Generic	200	段落	G1-Global Structure	"paragraph reference"	H
paragraph	Generic	628	段落	G1-Global Structure	"paragraph reference"	H
paragraph	Generic	640	段落	G1-Global Structure	"paragraph reference"	H
paragraph	Generic	655	段落	G1-Global Structure	"paragraph reference"	H
paragraph	Generic	715	段落	G1-Global Structure	"paragraph structure"	H
paragraph	Generic	229	段落	G1-Global Structure	"paragraph reference"	H
paragraph	Generic	243	段落	G1-Global Structure	"paragraph reference"	H
paragraph	Generic	191	段落	G1-Development	"paragraph development"	H
paragraph	Generic	196	段落	G1-Global Structure	"paragraph reference"	H
paragraph	Generic	211	段落	G1-Global Structure	"paragraph reference"	H
paragraph	Generic	220	段落	G1-Global Structure	"paragraph reference"	H
paragraph	Generic	227	段落	G1-Global Structure	"paragraph reference"	H
paragraph	Generic	696	段落	G1-Global Structure	"paragraph reference"	H
paragraph	Generic	180	段落	G1-Global Structure	"paragraph reference"	H
paragraph	Generic	200	段落	G1-Global Structure	"paragraph reference"	H
paragraph	Generic	222	段落	G1-Global Structure	"paragraph reference"	H
paragraph	Generic	757	段落	G1-Global Structure	"paragraph structure"	H
paragraph	Generic	269	段落	G1-Development	"paragraph development"	H
paragraph	Generic	281	段落	G1-Global Structure	"paragraph reference"	H
paragraph	Generic	307	段落	G1-Global Structure	"paragraph reference"	H
paragraph	Generic	332	段落	G1-Global Structure	"paragraph reference"	H
paragraph	Generic	336	段落	G1-Global Structure	"paragraph reference"	H
paragraph	Generic	347	段落	G1-Global Structure	"paragraph reference"	H
paragraph	Generic	354	段落	G1-Global Structure	"paragraph reference"	H
paragraph	Generic	362	段落	G1-Global Structure	"paragraph reference"	H
paragraph	Generic	800	段落	G2-Correctness-Grammar	"paragraph grammar"	H
paragraph	Generic	229	段落	G1-Global Structure	"paragraph reference"	H
paragraph	Generic	246	段落	G1-Global Structure	"paragraph reference"	H
paragraph	Generic	252	段落	G1-Global Structure	"paragraph reference"	H
paragraph	Generic	267	段落	G1-Global Structure	"paragraph reference"	H
paragraph	Generic	309	段落	G1-Global Structure	"paragraph reference"	H
paragraph	Generic	678	段落	G1-Global Structure	"paragraph reference"	H
paragraph	Generic	694	段落	G1-Global Structure	"paragraph reference"	H
paragraph	Generic	235	段落	G1-Global Structure	"paragraph reference"	H
paragraph	Generic	247	段落	G1-Global Structure	"paragraph reference"	H
paragraph	Generic	588	段落	G1-Global Structure	"paragraph reference"	H
paragraph	Generic	595	段落	G1-Global Structure	"paragraph reference"	H
paragraph	Generic	237	段落	G1-Development	"paragraph development"	H
paragraph	Generic	241	段落	G1-Global Structure	"paragraph reference"	H
paragraph	Generic	250	段落	G1-Global Structure	"paragraph reference"	H
paragraph	Generic	255	段落	G1-Global Structure	"paragraph reference"	H
paragraph	Generic	261	段落	G1-Global Structure	"paragraph reference"	H
paragraph	Generic	270	段落	G1-Global Structure	"paragraph reference"	H
paragraph	Generic	292	段落	G1-Global Structure	"paragraph reference"	H
paragraph	Generic	249	段落	G1-Global Structure	"paragraph reference"	H
paragraph	Generic	283	段落	G1-Global Structure	"paragraph reference"	H
paragraph	Generic	293	段落	G1-Global Structure	"paragraph reference"	H
paragraph	Generic	300	段落	G1-Global Structure	"paragraph reference"	H
paragraph	Generic	307	段落	G1-Global Structure	"paragraph reference"	H
paragraph	Generic	330	段落	G1-Global Structure	"paragraph reference"	H
paragraph	Generic	62	段落	G1-Global Structure	"paragraph reference"	H
paragraph	Generic	254	段落	G1-Development	"paragraph development"	H
paragraph	Generic	301	段落	G1-Global Structure	"paragraph reference"	H
paragraph	Generic	345	段落	G1-Global Structure	"paragraph reference"	H
paragraph	Generic	785	段落	G1-Development	"paragraph development"	H
paragraph	Generic	302	段落	G1-Global Structure	"paragraph reference"	H
paragraph	Generic	316	段落	G1-Global Structure	"paragraph reference"	H
paragraph	Generic	347	段落	G1-Global Structure	"paragraph reference"	H
paragraph	Generic	360	段落	G1-Global Structure	"paragraph reference"	H
paragraph	Generic	329	段落	G1-Development	"paragraph development"	H
paragraph	Generic	345	段落	G1-Global Structure	"paragraph reference"	H
paragraph	Generic	335	段落	G1-Global Structure	"paragraph reference"	H
paragraph	Generic	507	段落	G1-Global Structure	"paragraph reference"	H
paragraph	Generic	534	段落	G1-Global Structure	"paragraph structure"	H
paragraph	Generic	545	段落	G1-Global Structure	"paragraph reference"	H
paragraph	Generic	553	段落	G1-Global Structure	"paragraph reference"	H
paragraph	Generic	291	段落	G1-Global Structure	"paragraph structure"	H
paragraph	Generic	350	段落	G1-Global Structure	"paragraph reference"	H
paragraph	Generic	782	段落	G1-Global Structure	"paragraph reference"	H
paragraph	Generic	74	段落	G1-Global Structure	"paragraph reference"	H
paragraph	Generic	224	段落	G1-Global Structure	"paragraph reference"	H
paragraph	Generic	739	段落	G1-Global Structure	"paragraph structure"	H
paragraph	Generic	248	段落	G1-Global Structure	"paragraph reference"	H
paragraph	Generic	263	段落	G1-Global Structure	"paragraph reference"	H
paragraph	Generic	269	段落	G1-Global Structure	"paragraph reference"	H
paragraph	Generic	278	段落	G1-Global Structure	"paragraph reference"	H
paragraph	Generic	287	段落	G1-Global Structure	"paragraph reference"	H
paragraph	Generic	679	段落	G1-Global Structure	"paragraph reference"	H
paragraph	Generic	763	段落	G1-Global Structure	"paragraph reference"	H
paragraph	Generic	217	段落	G1-Global Structure	"paragraph reference"	H
paragraph	Generic	414	段落	G1-Global Structure	"paragraph reference"	H
paragraph	Generic	417	段落	G1-Global Structure	"paragraph structure"	H
paragraph	Generic	426	段落	G1-Global Structure	"paragraph reference"	H
paragraph	Generic	167	段落	G1-Global Structure	"paragraph reference"	H
paragraph	Generic	284	段落	G1-Global Structure	"paragraph reference"	H
paragraph	Generic	295	段落	G1-Global Structure	"paragraph reference"	H
paragraph	Generic	307	段落	G1-Global Structure	"paragraph reference"	H
paragraph	Generic	323	段落	G2-Correctness-Grammar	"paragraph grammar"	H
paragraph	Generic	344	段落	G1-Global Structure	"paragraph reference"	H
paragraph	Generic	356	段落	G1-Global Structure	"paragraph reference"	H
paragraph	Generic	406	段落	G1-Global Structure	"paragraph reference"	H
paragraph	Generic	38	段落	G1-Global Structure	"paragraph reference"	H
paragraph	Generic	208	段落	G1-Development	"paragraph development"	H
paragraph	Generic	259	段落	G1-Global Structure	"paragraph reference"	H
paragraph	Generic	281	段落	G1-Global Structure	"paragraph reference"	H
paragraph	Generic	510	段落	G1-Global Structure	"paragraph reference"	H
paragraph	Generic	253	段落	G1-Global Structure	"paragraph reference"	H
paragraph	Generic	271	段落	G1-Global Structure	"paragraph reference"	H
paragraph	Generic	352	段落	G1-Global Structure	"paragraph structure"	H
paragraph	Generic	375	段落	G1-Global Structure	"paragraph reference"	H
paragraph	Generic	391	段落	G1-Global Structure	"paragraph reference"	H
paragraph	Generic	770	段落	G1-Development	"paragraph development"	H
paragraph	Generic	634	段落	G1-Global Structure	"paragraph reference"	H
paragraph	Generic	637	段落	G1-Global Structure	"paragraph reference"	H
paragraph	Generic	656	段落	G1-Global Structure	"paragraph reference"	H
paragraph	Generic	669	段落	G1-Global Structure	"paragraph reference"	H
paragraph	Generic	18	段落	G1-Global Structure	"paragraph structure"	H
paragraph	Generic	821	段落	G1-Global Structure	"paragraph reference"	H
paragraph	Generic	227	段落	G1-Development	"paragraph development"	H
paragraph	Generic	245	段落	G1-Global Structure	"paragraph reference"	H
paragraph	Generic	249	段落	G1-Global Structure	"paragraph reference"	H
paragraph	Generic	253	段落	G1-Global Structure	"paragraph reference"	H
paragraph	Generic	256	段落	G1-Global Structure	"paragraph reference"	H
paragraph	Generic	261	段落	G1-Global Structure	"paragraph reference"	H
paragraph	Generic	572	段落	G1-Global Structure	"paragraph reference"	H
paragraph	Generic	650	段落	G1-Development	"paragraph development"	H
paragraph	Generic	294	段落	G1-Development	"paragraph development"	H
paragraph	Generic	311	段落	G1-Global Structure	"paragraph reference"	H
paragraph	Generic	282	段落	G1-Development	"paragraph development"	H
paragraph	Generic	286	段落	G1-Global Structure	"paragraph reference"	H
paragraph	Generic	297	段落	G1-Global Structure	"paragraph reference"	H
paragraph	Generic	317	段落	G1-Global Structure	"paragraph reference"	H
paragraph	Generic	325	段落	G1-Global Structure	"paragraph reference"	H
paragraph	Generic	427	段落	G1-Global Structure	"paragraph reference"	H
paragraph	Generic	454	段落	G1-Global Structure	"paragraph reference"	H
paragraph	Generic	716	段落	G1-Global Structure	"paragraph reference"	H
paragraph	Generic	116	段落	G1-Global Structure	"paragraph reference"	H
paragraph	Generic	199	段落	G1-Global Structure	"paragraph reference"	H
paragraph	Generic	277	段落	G1-Global Structure	"paragraph reference"	H
paragraph	Generic	697	段落	G1-Development	"paragraph development"	H
paragraph	Generic	129	段落	G1-Global Structure	"paragraph reference"	H
paragraph	Generic	203	段落	G1-Development	"paragraph development"	H
paragraph	Generic	247	段落	G1-Global Structure	"paragraph reference"	H
paragraph	Generic	274	段落	G1-Global Structure	"paragraph reference"	H
paragraph	Generic	489	段落	G1-Global Structure	"paragraph reference"	H
paragraph	Generic	294	段落	G1-Global Structure	"paragraph reference"	H
paragraph	Generic	391	段落	G1-Global Structure	"paragraph reference"	H
paragraph	Generic	710	段落	G1-Global Structure	"paragraph reference"	H
paragraph	Generic	214	段落	G1-Development	"paragraph development"	H
paragraph	Generic	233	段落	G1-Global Structure	"paragraph reference"	H
paragraph	Generic	260	段落	G1-Global Structure	"paragraph reference"	H
paragraph	Generic	779	段落	G1-Development	"paragraph development"	H
paragraph	Generic	69	段落	G1-Global Structure	"paragraph reference"	H
paragraph	Generic	382	段落	G1-Global Structure	"paragraph reference"	H
paragraph	Generic	152	段落	G1-Global Structure	"paragraph reference"	H
paragraph	Generic	334	段落	G1-Global Structure	"paragraph reference"	H
paragraph	Generic	312	段落	G1-Global Structure	"paragraph reference"	H
paragraph	Generic	245	段落	G1-Global Structure	"paragraph reference"	H
paragraph	Generic	346	段落	G1-Global Structure	"paragraph reference"	H
paragraph	Generic	352	段落	G1-Global Structure	"paragraph reference"	H
paragraph	Generic	357	段落	G2-Correctness-Grammar	"paragraph grammar"	H
paragraph	Generic	365	段落	G1-Global Structure	"paragraph reference"	H
paragraph	Generic	379	段落	G1-Global Structure	"paragraph reference"	H
paragraph	Generic	684	段落	G1-Development	"paragraph development"	H
paragraph	Generic	293	段落	G1-Global Structure	"paragraph structure"	H
paragraph	Generic	312	段落	G1-Global Structure	"paragraph reference"	H
paragraph	Generic	326	段落	G1-Global Structure	"paragraph reference"	H
paragraph	Generic	334	段落	G1-Global Structure	"paragraph reference"	H
paragraph	Generic	340	段落	G1-Global Structure	"paragraph reference"	H
paragraph	Generic	350	段落	G1-Global Structure	"paragraph reference"	H
paragraph	Generic	358	段落	G1-Global Structure	"paragraph reference"	H
paragraph	Generic	743	段落	G1-Global Structure	"paragraph structure"	H
paragraph	Generic	183	段落	G1-Global Structure	"paragraph reference"	H
paragraph	Generic	509	段落	G1-Development	"paragraph development"	H
paragraph	Generic	533	段落	G1-Global Structure	"paragraph reference"	H
paragraph	Generic	559	段落	G1-Global Structure	"paragraph reference"	H
paragraph	Generic	564	段落	G1-Global Structure	"paragraph reference"	H
paragraph	Generic	761	段落	G1-Global Structure	"paragraph reference"	H
paragraph	Generic	252	段落	G1-Development	"paragraph development"	H
paragraph	Generic	268	段落	G1-Global Structure	"paragraph reference"	H
paragraph	Generic	277	段落	G1-Global Structure	"paragraph reference"	H
paragraph	Generic	285	段落	G1-Global Structure	"paragraph reference"	H
paragraph	Generic	292	段落	G1-Global Structure	"paragraph reference"	H
paragraph	Generic	298	段落	G1-Global Structure	"paragraph reference"	H
paragraph	Generic	304	段落	G1-Global Structure	"paragraph reference"	H
paragraph	Generic	698	段落	G1-Global Structure	"paragraph reference"	H
paragraph	Generic	111	段落	G1-Global Structure	"paragraph reference"	H
paragraph	Generic	210	段落	G1-Global Structure	"paragraph reference"	H
paragraph	Generic	788	段落	G1-Global Structure	"paragraph reference"	H
paragraph	Generic	124	段落	G1-Global Structure	"paragraph reference"	H
paragraph	Generic	418	段落	G1-Development	"paragraph development"	H
paragraph	Generic	431	段落	G1-Global Structure	"paragraph reference"	H
paragraph	Generic	437	段落	G1-Global Structure	"paragraph reference"	H
paragraph	Generic	443	段落	G1-Global Structure	"paragraph reference"	H
paragraph	Generic	446	段落	G1-Global Structure	"paragraph reference"	H
paragraph	Generic	456	段落	G1-Global Structure	"paragraph reference"	H
paragraph	Generic	464	段落	G1-Global Structure	"paragraph reference"	H
paragraph	Generic	238	段落	G1-Global Structure	"paragraph reference"	H
paragraph	Generic	251	段落	G1-Global Structure	"paragraph reference"	H
paragraph	Generic	271	段落	G1-Global Structure	"paragraph reference"	H
paragraph	Generic	578	段落	G1-Development	"paragraph development"	H
paragraph	Generic	595	段落	G1-Global Structure	"paragraph reference"	H
paragraph	Generic	611	段落	G1-Global Structure	"paragraph reference"	H
paragraph	Generic	157	段落	G1-Global Structure	"paragraph reference"	H
paragraph	Generic	176	段落	G1-Global Structure	"paragraph reference"	H
paragraph	Generic	193	段落	G1-Global Structure	"paragraph reference"	H
paragraph	Generic	215	段落	G1-Global Structure	"paragraph reference"	H
paragraph	Generic	512	段落	G1-Global Structure	"paragraph reference"	H
paragraph	Generic	560	段落	G1-Global Structure	"paragraph reference"	H
paragraph	Generic	743	段落	G1-Global Structure	"paragraph reference"	H
paragraph	Generic	117	段落	G1-Global Structure	"paragraph reference"	H
paragraph	Generic	167	段落	G1-Global Structure	"paragraph reference"	H
paragraph	Generic	377	段落	G1-Development	"paragraph development"	H
paragraph	Generic	408	段落	G1-Global Structure	"paragraph reference"	H
paragraph	Generic	768	段落	G1-Global Structure	"paragraph reference"	H
paragraph	Generic	66	段落	G1-Development	"paragraph development"	H
paragraph	Generic	329	段落	G1-Global Structure	"paragraph reference"	H
paragraph	Generic	716	段落	G1-Global Structure	"paragraph structure"	H
paragraph	Generic	106	段落	G1-Global Structure	"paragraph structure"	H
paragraph	Generic	464	段落	G1-Global Structure	"paragraph reference"	H
paragraph	Generic	476	段落	G1-Global Structure	"paragraph reference"	H
paragraph	Generic	484	段落	G1-Global Structure	"paragraph reference"	H
paragraph	Generic	493	段落	G1-Global Structure	"paragraph reference"	H
paragraph	Generic	423	段落	G1-Global Structure	"paragraph reference"	H
paragraph	Generic	437	段落	G1-Global Structure	"paragraph reference"	H
paragraph	Generic	707	段落	G1-Global Structure	"paragraph reference"	H
paragraph	Generic	321	段落	G1-Development	"paragraph development"	H
paragraph	Generic	336	段落	G1-Global Structure	"paragraph reference"	H
paragraph	Generic	374	段落	G1-Global Structure	"paragraph reference"	H
paragraph	Generic	627	段落	G1-Global Structure	"paragraph reference"	H
paragraph	Generic	646	段落	G1-Global Structure	"paragraph reference"	H
paragraph	Generic	660	段落	G1-Global Structure	"paragraph reference"	H
paragraph	Generic	111	段落	G1-Global Structure	"paragraph reference"	H
paragraph	Generic	264	段落	G1-Global Structure	"paragraph reference"	H
paragraph	Generic	279	段落	G1-Global Structure	"paragraph reference"	H
paragraph	Generic	295	段落	G1-Global Structure	"paragraph reference"	H
paragraph	Generic	313	段落	G1-Global Structure	"paragraph reference"	H
paragraph	Generic	209	段落	G1-Global Structure	"paragraph reference"	H
paragraph	Generic	348	段落	G1-Global Structure	"paragraph reference"	H
paragraph	Generic	363	段落	G1-Global Structure	"paragraph reference"	H
paragraph	Generic	380	段落	G1-Global Structure	"paragraph reference"	H
paragraph	Generic	391	段落	G1-Global Structure	"paragraph reference"	H
paragraph	Generic	407	段落	G1-Global Structure	"paragraph reference"	H
paragraph	Generic	444	段落	G1-Global Structure	"paragraph reference"	H
paragraph	Generic	400	段落	G1-Development	"paragraph development"	H
paragraph	Generic	414	段落	G1-Global Structure	"paragraph reference"	H
paragraph	Generic	423	段落	G1-Global Structure	"paragraph reference"	H
paragraph	Generic	426	段落	G1-Global Structure	"paragraph reference"	H
paragraph	Generic	431	段落	G1-Global Structure	"paragraph reference"	H
paragraph	Generic	435	段落	G1-Global Structure	"paragraph reference"	H
paragraph	Generic	443	段落	G1-Global Structure	"paragraph reference"	H
paragraph	Generic	748	段落	G1-Global Structure	"paragraph reference"	H
paragraph	Generic	223	段落	G1-Global Structure	"paragraph reference"	H
paragraph	Generic	231	段落	G1-Global Structure	"paragraph reference"	H
paragraph	Generic	241	段落	G1-Global Structure	"paragraph reference"	H
paragraph	Generic	256	段落	G1-Global Structure	"paragraph reference"	H
paragraph	Generic	619	段落	G1-Global Structure	"paragraph reference"	H
paragraph	Generic	280	段落	G1-Global Structure	"paragraph reference"	H
paragraph	Generic	323	段落	G1-Global Structure	"paragraph reference"	H
paragraph	Generic	213	段落	G1-Global Structure	"paragraph reference"	H
paragraph	Generic	225	段落	G1-Global Structure	"paragraph reference"	H
paragraph	Generic	800	段落	G1-Global Structure	"paragraph structure"	H
paragraph	Generic	285	段落	G1-Global Structure	"paragraph reference"	H
paragraph	Generic	312	段落	G1-Global Structure	"paragraph reference"	H
paragraph	Generic	337	段落	G1-Global Structure	"paragraph reference"	H
paragraph	Generic	609	段落	G1-Global Structure	"paragraph structure"	H
paragraph	Generic	627	段落	G1-Global Structure	"paragraph reference"	H
paragraph	Generic	641	段落	G1-Global Structure	"paragraph reference"	H
paragraph	Generic	654	段落	G1-Global Structure	"paragraph reference"	H
paragraph	Generic	664	段落	G1-Global Structure	"paragraph reference"	H
paragraph	Generic	675	段落	G1-Global Structure	"paragraph reference"	H
paragraph	Generic	767	段落	G1-Development	"paragraph development"	H
paragraph	Generic	328	段落	G1-Development	"paragraph development"	H
paragraph	Generic	344	段落	G1-Global Structure	"paragraph reference"	H
paragraph	Generic	370	段落	G1-Global Structure	"paragraph reference"	H
paragraph	Generic	629	段落	G1-Global Structure	"paragraph reference"	H
paragraph	Generic	752	段落	G1-Global Structure	"paragraph structure"	H
paragraph	Generic	288	段落	G1-Global Structure	"paragraph reference"	H
paragraph	Generic	362	段落	G1-Global Structure	"paragraph reference"	H
paragraph	Generic	364	段落	G1-Global Structure	"paragraph reference"	H
paragraph	Generic	147	段落	G1-Global Structure	"paragraph reference"	H
paragraph	Generic	224	段落	G1-Development	"paragraph development"	H
paragraph	Generic	236	段落	G1-Global Structure	"paragraph reference"	H
paragraph	Generic	255	段落	G1-Global Structure	"paragraph reference"	H
paragraph	Generic	708	段落	G1-Global Structure	"paragraph reference"	H
paragraph	Generic	464	段落	G1-Global Structure	"paragraph structure"	H
paragraph	Generic	474	段落	G1-Global Structure	"paragraph reference"	H
paragraph	Generic	489	段落	G1-Global Structure	"paragraph reference"	H
paragraph	Generic	219	段落	G1-Global Structure	"paragraph reference"	H
paragraph	Generic	273	段落	G1-Global Structure	"paragraph reference"	H
paragraph	Generic	281	段落	G1-Global Structure	"paragraph reference"	H
paragraph	Generic	277	段落	G1-Global Structure	"paragraph reference"	H
paragraph	Generic	739	段落	G1-Global Structure	"paragraph reference"	H
paragraph	Generic	418	段落	G1-Global Structure	"paragraph reference"	H
paragraph	Generic	429	段落	G1-Global Structure	"paragraph reference"	H
paragraph	Generic	442	段落	G1-Global Structure	"paragraph reference"	H
paragraph	Generic	460	段落	G1-Global Structure	"paragraph reference"	H
paragraph	Generic	269	段落	G1-Global Structure	"paragraph reference"	H
paragraph	Generic	289	段落	G1-Global Structure	"paragraph reference"	H
paragraph	Generic	298	段落	G1-Global Structure	"paragraph reference"	H
paragraph	Generic	306	段落	G1-Global Structure	"paragraph reference"	H
paragraph	Generic	313	段落	G1-Global Structure	"paragraph reference"	H
paragraph	Generic	338	段落	G1-Global Structure	"paragraph reference"	H
paragraph	Generic	723	段落	G1-Global Structure	"paragraph reference"	H
paragraph	Generic	258	段落	G1-Global Structure	"paragraph reference"	H
paragraph	Generic	274	段落	G1-Global Structure	"paragraph reference"	H
paragraph	Generic	297	段落	G1-Global Structure	"paragraph reference"	H
paragraph	Generic	564	段落	G1-Global Structure	"paragraph reference"	H
paragraph	Generic	172	段落	G1-Global Structure	"paragraph reference"	H
paragraph	Generic	192	段落	G1-Global Structure	"paragraph reference"	H
paragraph	Generic	209	段落	G1-Global Structure	"paragraph reference"	H
paragraph	Generic	223	段落	G1-Global Structure	"paragraph reference"	H
paragraph	Generic	237	段落	G1-Global Structure	"paragraph reference"	H
paragraph	Generic	250	段落	G1-Global Structure	"paragraph reference"	H
paragraph	Generic	257	段落	G1-Global Structure	"paragraph reference"	H
paragraph	Generic	463	段落	G1-Global Structure	"paragraph reference"	H
paragraph	Generic	191	段落	G1-Global Structure	"paragraph reference"	H
paragraph	Generic	435	段落	G1-Global Structure	"paragraph reference"	H
paragraph	Generic	148	段落	G1-Global Structure	"paragraph reference"	H
paragraph	Generic	165	段落	G1-Global Structure	"paragraph reference"	H
paragraph	Generic	176	段落	G1-Global Structure	"paragraph reference"	H
paragraph	Generic	187	段落	G1-Global Structure	"paragraph reference"	H
paragraph	Generic	285	段落	G1-Development	"paragraph development"	H
paragraph	Generic	288	段落	G1-Global Structure	"paragraph reference"	H
paragraph	Generic	122	段落	G1-Global Structure	"paragraph reference"	H
paragraph	Generic	480	段落	G1-Development	"paragraph development"	H
paragraph	Generic	494	段落	G1-Global Structure	"paragraph reference"	H
paragraph	Generic	507	段落	G1-Global Structure	"paragraph reference"	H
paragraph	Generic	614	段落	G1-Global Structure	"paragraph reference"	H
paragraph	Generic	182	段落	G1-Development	"paragraph development"	H
paragraph	Generic	220	段落	G1-Global Structure	"paragraph reference"	H
paragraph	Generic	241	段落	G1-Global Structure	"paragraph reference"	H
paragraph	Generic	268	段落	G1-Global Structure	"paragraph reference"	H
paragraph	Generic	737	段落	G1-Global Structure	"paragraph reference"	H
paragraph	Generic	295	段落	G1-Global Structure	"paragraph reference"	H
paragraph	Generic	313	段落	G1-Global Structure	"paragraph reference"	H
paragraph	Generic	340	段落	G1-Global Structure	"paragraph reference"	H
paragraph	Generic	368	段落	G1-Global Structure	"paragraph reference"	H
paragraph	Generic	280	段落	G1-Development	"paragraph development"	H
paragraph	Generic	295	段落	G1-Global Structure	"paragraph reference"	H
paragraph	Generic	810	段落	G1-Global Structure	"paragraph reference"	H
paragraph	Generic	70	段落	G1-Global Structure	"paragraph reference"	H
paragraph	Generic	270	段落	G1-Global Structure	"paragraph reference"	H
paragraph	Generic	288	段落	G1-Global Structure	"paragraph reference"	H
paragraph	Generic	617	段落	G1-Global Structure	"paragraph reference"	H
paragraph	Generic	630	段落	G1-Global Structure	"paragraph reference"	H
paragraph	Generic	642	段落	G1-Global Structure	"paragraph reference"	H
paragraph	Generic	654	段落	G1-Global Structure	"paragraph reference"	H
paragraph	Generic	252	段落	G1-Global Structure	"paragraph reference"	H
paragraph	Generic	258	段落	G1-Global Structure	"paragraph reference"	H
paragraph	Generic	267	段落	G1-Global Structure	"paragraph reference"	H
paragraph	Generic	274	段落	G1-Global Structure	"paragraph reference"	H
paragraph	Generic	303	段落	G1-Global Structure	"paragraph reference"	H
paragraph	Generic	394	段落	G1-Global Structure	"paragraph reference"	H
paragraph	Generic	701	段落	G1-Global Structure	"paragraph reference"	H
paragraph	Generic	295	段落	G1-Global Structure	"paragraph reference"	H
paragraph	Generic	310	段落	G1-Global Structure	"paragraph reference"	H
paragraph	Generic	322	段落	G1-Global Structure	"paragraph reference"	H
paragraph	Generic	332	段落	G1-Global Structure	"paragraph reference"	H
paragraph	Generic	730	段落	G1-Global Structure	"paragraph reference"	H
paragraph	Generic	197	段落	G1-Global Structure	"paragraph reference"	H
paragraph	Generic	239	段落	G1-Development	"paragraph development"	H
paragraph	Generic	243	段落	G1-Global Structure	"paragraph reference"	H
paragraph	Generic	275	段落	G1-Global Structure	"paragraph reference"	H
paragraph	Generic	751	段落	G1-Global Structure	"paragraph reference"	H
paragraph	Generic	200	段落	G1-Global Structure	"paragraph reference"	H
paragraph	Generic	267	段落	G1-Global Structure	"paragraph reference"	H
paragraph	Generic	270	段落	G1-Global Structure	"paragraph reference"	H
paragraph	Generic	701	段落	G1-Global Structure	"paragraph reference"	H
paragraph	Generic	121	段落	G1-Global Structure	"paragraph reference"	H
paragraph	Generic	153	段落	G1-Global Structure	"paragraph reference"	H
paragraph	Generic	163	段落	G1-Global Structure	"paragraph reference"	H
paragraph	Generic	175	段落	G1-Global Structure	"paragraph reference"	H
paragraph	Generic	187	段落	G1-Global Structure	"paragraph reference"	H
paragraph	Generic	196	段落	G1-Global Structure	"paragraph reference"	H
paragraph	Generic	204	段落	G1-Global Structure	"paragraph reference"	H
paragraph	Generic	212	段落	G1-Global Structure	"paragraph reference"	H
paragraph	Generic	219	段落	G1-Global Structure	"paragraph reference"	H
paragraph	Generic	239	段落	G1-Global Structure	"paragraph reference"	H
paragraph	Generic	246	段落	G1-Global Structure	"paragraph reference"	H
paragraph	Generic	253	段落	G1-Global Structure	"paragraph reference"	H
paragraph	Generic	260	段落	G1-Global Structure	"paragraph reference"	H
paragraph	Generic	267	段落	G1-Global Structure	"paragraph reference"	H
paragraph	Generic	633	段落	G1-Global Structure	"paragraph reference"	H
paragraph	Generic	767	段落	G1-Global Structure	"paragraph structure"	H
paragraph	Generic	294	段落	G1-Global Structure	"paragraph reference"	H
paragraph	Generic	313	段落	G1-Global Structure	"paragraph reference"	H
paragraph	Generic	342	段落	G1-Global Structure	"paragraph reference"	H
paragraph	Generic	359	段落	G1-Global Structure	"paragraph reference"	H
paragraph	Generic	282	段落	G1-Global Structure	"paragraph reference"	H
paragraph	Generic	289	段落	G1-Global Structure	"paragraph reference"	H
paragraph	Generic	312	段落	G1-Global Structure	"paragraph reference"	H
paragraph	Generic	322	段落	G1-Global Structure	"paragraph reference"	H
paragraph	Generic	239	段落	G1-Global Structure	"paragraph reference"	H
paragraph	Generic	265	段落	G1-Global Structure	"paragraph reference"	H
paragraph	Generic	291	段落	G1-Global Structure	"paragraph reference"	H
paragraph	Generic	317	段落	G1-Global Structure	"paragraph reference"	H
paragraph	Generic	778	段落	G1-Global Structure	"paragraph reference"	H
paragraph	Generic	199	段落	G1-Global Structure	"paragraph reference"	H
paragraph	Generic	478	段落	G1-Development	"paragraph development"	H
paragraph	Generic	491	段落	G1-Global Structure	"paragraph reference"	H
paragraph	Generic	202	段落	G1-Global Structure	"paragraph reference"	H
paragraph	Generic	254	段落	G1-Global Structure	"paragraph reference"	H
paragraph	Generic	268	段落	G1-Global Structure	"paragraph reference"	H
paragraph	Generic	282	段落	G1-Global Structure	"paragraph reference"	H
paragraph	Generic	294	段落	G1-Global Structure	"paragraph reference"	H
paragraph	Generic	751	段落	G1-Global Structure	"paragraph reference"	H
paragraph	Generic	295	段落	G1-Global Structure	"paragraph reference"	H
paragraph	Generic	720	段落	G1-Global Structure	"paragraph reference"	H
paragraph	Generic	488	段落	G1-Global Structure	"paragraph reference"	H
paragraph	Generic	505	段落	G1-Global Structure	"paragraph reference"	H
paragraph	Generic	521	段落	G1-Global Structure	"paragraph reference"	H
paragraph	Generic	171	段落	G1-Global Structure	"paragraph reference"	H
paragraph	Generic	187	段落	G1-Global Structure	"paragraph reference"	H
paragraph	Generic	345	段落	G1-Global Structure	"paragraph reference"	H
paragraph	Generic	168	段落	G1-Global Structure	"paragraph structure"	H
paragraph	Generic	208	段落	G1-Global Structure	"paragraph reference"	H
paragraph	Generic	214	段落	G1-Global Structure	"paragraph reference"	H
paragraph	Generic	222	段落	G1-Global Structure	"paragraph reference"	H
paragraph	Generic	231	段落	G1-Global Structure	"paragraph reference"	H
paragraph	Generic	256	段落	G1-Global Structure	"paragraph reference"	H
paragraph	Generic	743	段落	G1-Global Structure	"paragraph reference"	H
paragraph	Generic	222	段落	G1-Global Structure	"paragraph reference"	H
paragraph	Generic	227	段落	G1-Global Structure	"paragraph reference"	H
paragraph	Generic	233	段落	G1-Global Structure	"paragraph reference"	H
paragraph	Generic	239	段落	G1-Global Structure	"paragraph reference"	H
paragraph	Generic	531	段落	G1-Development	"paragraph development"	H
paragraph	Generic	549	段落	G1-Global Structure	"paragraph reference"	H
paragraph	Generic	693	段落	G1-Global Structure	"paragraph reference"	H
paragraph	Generic	209	段落	G1-Development	"paragraph development"	H
paragraph	Generic	285	段落	G1-Global Structure	"paragraph reference"	H
paragraph	Generic	141	段落	G1-Global Structure	"paragraph reference"	H
paragraph	Generic	206	段落	G1-Development	"paragraph development"	H
paragraph	Generic	218	段落	G1-Global Structure	"paragraph reference"	H
paragraph	Generic	244	段落	G1-Global Structure	"paragraph reference"	H
paragraph	Generic	261	段落	G1-Global Structure	"paragraph reference"	H
paragraph	Generic	232	段落	G1-Global Structure	"paragraph reference"	H
paragraph	Generic	251	段落	G1-Global Structure	"paragraph reference"	H
paragraph	Generic	269	段落	G1-Global Structure	"paragraph reference"	H
paragraph	Generic	283	段落	G1-Global Structure	"paragraph reference"	H
paragraph	Generic	263	段落	G1-Global Structure	"paragraph reference"	H
paragraph	Generic	267	段落	G1-Global Structure	"paragraph reference"	H
paragraph	Generic	272	段落	G1-Global Structure	"paragraph reference"	H
paragraph	Generic	279	段落	G1-Global Structure	"paragraph reference"	H
paragraph	Generic	300	段落	G1-Global Structure	"paragraph reference"	H
paragraph	Generic	234	段落	G1-Global Structure	"paragraph reference"	H
paragraph	Generic	237	段落	G1-Global Structure	"paragraph reference"	H
paragraph	Generic	247	段落	G1-Global Structure	"paragraph reference"	H
paragraph	Generic	256	段落	G1-Global Structure	"paragraph reference"	H
paragraph	Generic	265	段落	G1-Global Structure	"paragraph reference"	H
paragraph	Generic	556	段落	G1-Global Structure	"paragraph reference"	H
paragraph	Generic	126	段落	G1-Global Structure	"paragraph structure"	H
paragraph	Generic	184	段落	G1-Global Structure	"paragraph reference"	H
paragraph	Generic	215	段落	G1-Global Structure	"paragraph reference"	H
paragraph	Generic	313	段落	G1-Global Structure	"paragraph reference"	H
paragraph	Generic	547	段落	G1-Global Structure	"paragraph reference"	H
paragraph	Generic	594	段落	G1-Global Structure	"paragraph reference"	H
paragraph	Generic	600	段落	G1-Global Structure	"paragraph reference"	H
paragraph	Generic	708	段落	G1-Global Structure	"paragraph reference"	H
paragraph	Generic	299	段落	G1-Global Structure	"paragraph reference"	H
paragraph	Generic	321	段落	G1-Global Structure	"paragraph reference"	H
paragraph	Generic	339	段落	G1-Global Structure	"paragraph reference"	H
paragraph	Generic	359	段落	G1-Global Structure	"paragraph reference"	H
paragraph	Generic	388	段落	G1-Global Structure	"paragraph reference"	H
paragraph	Generic	750	段落	G1-Global Structure	"paragraph structure"	H
paragraph	Generic	89	段落	G1-Global Structure	"paragraph reference"	H
paragraph	Generic	556	段落	G1-Global Structure	"paragraph reference"	H
paragraph	Generic	574	段落	G1-Global Structure	"paragraph reference"	H
paragraph	Generic	601	段落	G1-Global Structure	"paragraph reference"	H
paragraph	Generic	604	段落	G1-Global Structure	"paragraph reference"	H
paragraph	Generic	632	段落	G1-Global Structure	"paragraph reference"	H
paragraph	Generic	144	段落	G1-Global Structure	"paragraph reference"	H
paragraph	Generic	239	段落	G1-Global Structure	"paragraph structure"	H
paragraph	Generic	327	段落	G1-Global Structure	"paragraph reference"	H
paragraph	Generic	711	段落	G1-Global Structure	"paragraph reference"	H
paragraph	Generic	734	段落	G1-Global Structure	"paragraph reference"	H
paragraph	Generic	779	段落	G1-Global Structure	"paragraph structure"	H
paragraph	Generic	129	段落	G1-Global Structure	"paragraph reference"	H
paragraph	Generic	199	段落	G1-Global Structure	"paragraph reference"	H
paragraph	Generic	209	段落	G1-Global Structure	"paragraph reference"	H
paragraph	Generic	242	段落	G1-Development	"paragraph development"	H
paragraph	Generic	780	段落	G1-Global Structure	"paragraph reference"	H
paragraph	Generic	280	段落	G1-Global Structure	"paragraph reference"	H
paragraph	Generic	337	段落	G1-Global Structure	"paragraph reference"	H
paragraph	Generic	214	段落	G1-Global Structure	"paragraph reference"	H
paragraph	Generic	222	段落	G2-Correctness-Grammar	"paragraph grammar"	H
paragraph	Generic	230	段落	G1-Global Structure	"paragraph reference"	H
paragraph	Generic	252	段落	G1-Global Structure	"paragraph reference"	H
paragraph	Generic	218	段落	G1-Global Structure	"paragraph reference"	H
paragraph	Generic	238	段落	G1-Global Structure	"paragraph reference"	H
paragraph	Generic	260	段落	G1-Global Structure	"paragraph reference"	H
paragraph	Generic	280	段落	G1-Global Structure	"paragraph reference"	H
paragraph	Generic	218	段落	G1-Global Structure	"paragraph reference"	H
paragraph	Generic	226	段落	G1-Global Structure	"paragraph reference"	H
paragraph	Generic	236	段落	G1-Global Structure	"paragraph reference"	H
paragraph	Generic	243	段落	G1-Global Structure	"paragraph reference"	H
paragraph	Generic	263	段落	G1-Global Structure	"paragraph reference"	H
paragraph	Generic	697	段落	G1-Global Structure	"paragraph reference"	H
paragraph	Generic	194	段落	G1-Global Structure	"paragraph reference"	H
paragraph	Generic	201	段落	G1-Global Structure	"paragraph reference"	H
paragraph	Generic	211	段落	G1-Global Structure	"paragraph reference"	H
paragraph	Generic	221	段落	G1-Global Structure	"paragraph reference"	H
paragraph	Generic	237	段落	G1-Global Structure	"paragraph reference"	H
paragraph	Generic	200	段落	G1-Global Structure	"paragraph structure"	H
paragraph	Generic	232	段落	G1-Global Structure	"paragraph reference"	H
paragraph	Generic	237	段落	G1-Global Structure	"paragraph reference"	H
paragraph	Generic	243	段落	G1-Global Structure	"paragraph reference"	H
paragraph	Generic	250	段落	G1-Global Structure	"paragraph reference"	H
paragraph	Generic	265	段落	G1-Global Structure	"paragraph reference"	H
paragraph	Generic	290	段落	G1-Global Structure	"paragraph reference"	H
paragraph	Generic	182	段落	G1-Global Structure	"paragraph reference"	H
paragraph	Generic	202	段落	G1-Global Structure	"paragraph reference"	H
paragraph	Generic	225	段落	G1-Global Structure	"paragraph reference"	H
paragraph	Generic	241	段落	G1-Global Structure	"paragraph reference"	H
paragraph	Generic	194	段落	G1-Global Structure	"paragraph reference"	H
paragraph	Generic	209	段落	G1-Global Structure	"paragraph reference"	H
paragraph	Generic	225	段落	G1-Global Structure	"paragraph reference"	H
paragraph	Generic	242	段落	G1-Global Structure	"paragraph reference"	H
paragraph	Generic	197	段落	G1-Global Structure	"paragraph reference"	H
paragraph	Generic	225	段落	G1-Global Structure	"paragraph reference"	H
paragraph	Generic	242	段落	G1-Global Structure	"paragraph reference"	H
paragraph	Generic	258	段落	G1-Global Structure	"paragraph reference"	H
paragraph	Generic	296	段落	G1-Global Structure	"paragraph reference"	H
paragraph	Generic	209	段落	G1-Global Structure	"paragraph reference"	H
paragraph	Generic	219	段落	G1-Global Structure	"paragraph reference"	H
paragraph	Generic	226	段落	G1-Global Structure	"paragraph reference"	H
paragraph	Generic	236	段落	G1-Global Structure	"paragraph reference"	H
paragraph	Generic	212	段落	G1-Global Structure	"paragraph reference"	H
paragraph	Generic	200	段落	G1-Global Structure	"paragraph reference"	H
paragraph	Generic	210	段落	G1-Global Structure	"paragraph reference"	H
paragraph	Generic	217	段落	G1-Global Structure	"paragraph reference"	H
paragraph	Generic	227	段落	G1-Global Structure	"paragraph reference"	H
paragraph	Generic	246	段落	G1-Global Structure	"paragraph reference"	H
paragraph	Generic	305	段落	G1-Global Structure	"paragraph reference"	H
paragraph	Generic	707	段落	G1-Global Structure	"paragraph reference"	H
paragraphs	Chinese	588	段落	G2-Correctness-Grammar	"paragraphs grammar"	H
paragraphs	Chinese	694	段落	G2-Correctness-Grammar	"paragraphs grammar"	H
paragraphs	Chinese	159	段落	G1-Global Structure	"paragraphs structure"	H
paragraphs	Chinese	475	段落	G1-Global Structure	"paragraphs structure"	H
paragraphs	Chinese	89	段落	G1-Global Structure	"paragraphs structure"	H
paragraphs	Chinese	218	段落	G1-Global Structure	"paragraphs structure"	H
paragraphs	Chinese	229	段落	G1-Global Structure	"paragraphs structure"	H
paragraphs	Chinese	249	段落	G1-Global Structure	"paragraphs structure"	H
paragraphs	Chinese	630	段落	G1-Global Structure	"paragraphs structure"	H
paragraphs	Chinese	637	段落	G1-Global Structure	"paragraphs structure"	H
paragraphs	Chinese	720	段落	G2-Correctness-Grammar	"paragraphs grammar"	H
paragraphs	Chinese	752	段落	G1-Global Structure	"paragraphs structure"	H
paragraphs	Chinese	197	段落	G1-Global Structure	"paragraphs structure"	H
paragraphs	Chinese	224	段落	G1-Global Structure	"paragraphs structure"	H
paragraphs	Chinese	295	段落	G1-Development	"paragraphs development"	H
paragraphs	Chinese	312	段落	G1-Global Structure	"paragraphs structure"	H
paragraphs	Chinese	722	段落	G1-Global Structure	"paragraphs structure"	H
paragraphs	Chinese	402	段落	G1-Global Structure	"paragraphs structure"	H
paragraphs	Chinese	733	段落	G2-Correctness-Grammar	"paragraphs grammar"	H
paragraphs	Chinese	244	段落	G1-Global Structure	"paragraphs structure"	H
paragraphs	Chinese	648	段落	G1-Global Structure	"paragraphs structure"	H
paragraphs	Chinese	305	段落	G1-Global Structure	"paragraphs structure"	H
paragraphs	Chinese	711	段落	G1-Global Structure	"paragraphs structure"	H
paragraphs	Chinese	359	段落	G1-Global Structure	"paragraphs structure"	H
paragraphs	Chinese	423	段落	G1-Global Structure	"paragraphs structure"	H
paragraphs	Chinese	737	段落	G1-Global Structure	"paragraphs structure"	H
paragraphs	Chinese	724	段落	G1-Global Structure	"paragraphs structure"	H
paragraphs	Chinese	114	段落	G1-Global Structure	"paragraphs structure"	H
paragraphs	Chinese	208	段落	G1-Global Structure	"paragraphs structure"	H
paragraphs	Chinese	420	段落	G1-Global Structure	"paragraphs structure"	H
paragraphs	Chinese	700	段落	G2-Correctness-Grammar	"paragraphs grammar"	H
paragraphs	Chinese	232	段落	G1-Global Structure	"paragraphs structure"	H
paragraphs	Chinese	648	段落	G1-Global Structure	"paragraphs structure"	H
paragraphs	Chinese	153	段落	G1-Global Structure	"paragraphs structure"	H
paragraphs	Chinese	199	段落	G1-Global Structure	"paragraphs structure"	H
paragraphs	Chinese	522	段落	G1-Global Structure	"paragraphs structure"	H
paragraphs	Chinese	301	段落	G1-Global Structure	"paragraphs structure"	H
paragraphs	Chinese	406	段落	G1-Global Structure	"paragraphs structure"	H
paragraphs	Chinese	444	段落	G1-Global Structure	"paragraphs structure"	H
paragraphs	Chinese	464	段落	G1-Global Structure	"paragraphs structure"	H
paragraphs	Chinese	146	段落	G1-Global Structure	"paragraphs structure"	H
paragraphs	Chinese	160	段落	G1-Global Structure	"paragraphs structure"	H
paragraphs	Chinese	645	段落	G1-Global Structure	"paragraphs structure"	H
paragraphs	Chinese	658	段落	G2-Correctness-Grammar	"paragraphs grammar"	H
paragraphs	Chinese	91	段落	G1-Global Structure	"paragraphs structure"	H
paragraphs	Chinese	102	段落	G1-Global Structure	"paragraphs structure"	H
paragraphs	Chinese	451	段落	G1-Global Structure	"paragraphs structure"	H
paragraphs	Chinese	324	段落	G1-Global Structure	"paragraphs structure"	H
paragraphs	Chinese	687	段落	G1-Global Structure	"paragraphs structure"	H
paragraphs	Chinese	384	段落	G1-Global Structure	"paragraphs structure"	H
paragraphs	Chinese	368	段落	G1-Global Structure	"paragraphs structure"	H
paragraphs	Chinese	670	段落	G1-Global Structure	"paragraphs structure"	H
paragraphs	Chinese	270	段落	G1-Global Structure	"paragraphs structure"	H
paragraphs	Chinese	287	段落	G1-Global Structure	"paragraphs structure"	H
paragraphs	Chinese	661	段落	G2-Correctness-Grammar	"paragraphs grammar"	H
paragraphs	Chinese	379	段落	G1-Global Structure	"paragraphs structure"	H
paragraphs	Chinese	693	段落	G1-Global Structure	"paragraphs structure"	H
paragraphs	Chinese	716	段落	G1-Global Structure	"paragraphs structure"	H
paragraphs	Chinese	732	段落	G1-Global Structure	"paragraphs structure"	H
paragraphs	Chinese	773	段落	G1-Global Structure	"paragraphs structure"	H
paragraphs	Chinese	50	段落	G1-Global Structure	"paragraphs structure"	H
paragraphs	Chinese	555	段落	G1-Global Structure	"paragraphs structure"	H
paragraphs	Chinese	603	段落	G1-Global Structure	"paragraphs structure"	H
paragraphs	Chinese	637	段落	G1-Global Structure	"paragraphs structure"	H
paragraphs	Chinese	134	段落	G1-Global Structure	"paragraphs structure"	H
paragraphs	Chinese	111	段落	G1-Global Structure	"paragraphs structure"	H
paragraphs	Chinese	324	段落	G1-Global Structure	"paragraphs structure"	H
paragraphs	Chinese	242	段落	G1-Global Structure	"paragraphs structure"	H
paragraphs	Chinese	148	段落	G1-Global Structure	"paragraphs structure"	H
paragraphs	Chinese	132	段落	G1-Global Structure	"paragraphs structure"	H
paragraphs	Chinese	681	段落	G1-Global Structure	"paragraphs structure"	H
paragraphs	Chinese	687	段落	G1-Global Structure	"paragraphs structure"	H
paragraphs	Chinese	304	段落	G1-Global Structure	"paragraphs structure"	H
paragraphs	Chinese	290	段落	G1-Global Structure	"paragraphs structure"	H
paragraphs	Chinese	514	段落	G1-Global Structure	"paragraphs structure"	H
paragraphs	Chinese	516	段落	G1-Global Structure	"paragraphs structure"	H
paragraphs	Chinese	137	段落	G1-Global Structure	"paragraphs structure"	H
paragraphs	Chinese	287	段落	G1-Global Structure	"paragraphs structure"	H
paragraphs	Chinese	611	段落	G1-Global Structure	"paragraphs structure"	H
paragraphs	Chinese	671	段落	G1-Global Structure	"paragraphs structure"	H
paragraphs	Chinese	241	段落	G1-Global Structure	"paragraphs structure"	H
paragraphs	Chinese	717	段落	G1-Global Structure	"paragraphs structure"	H
paragraphs	Chinese	757	段落	G1-Global Structure	"paragraphs structure"	H
paragraphs	Chinese	329	段落	G1-Global Structure	"paragraphs structure"	H
paragraphs	Chinese	389	段落	G1-Global Structure	"paragraphs structure"	H
paragraphs	Chinese	678	段落	G1-Global Structure	"paragraphs structure"	H
paragraphs	Chinese	618	段落	G1-Global Structure	"paragraphs structure"	H
paragraphs	Chinese	197	段落	G1-Global Structure	"paragraphs structure"	H
paragraphs	Chinese	334	段落	G1-Global Structure	"paragraphs structure"	H
paragraphs	Chinese	343	段落	G1-Global Structure	"paragraphs structure"	H
paragraphs	Chinese	218	段落	G1-Global Structure	"paragraphs structure"	H
paragraphs	Chinese	672	段落	G1-Global Structure	"paragraphs structure"	H
paragraphs	Chinese	133	段落	G1-Global Structure	"paragraphs structure"	H
paragraphs	Chinese	451	段落	G1-Global Structure	"paragraphs structure"	H
paragraphs	Chinese	637	段落	G1-Global Structure	"paragraphs structure"	H
paragraphs	Chinese	388	段落	G1-Global Structure	"paragraphs structure"	H
paragraphs	Chinese	59	段落	G1-Global Structure	"paragraphs structure"	H
paragraphs	Chinese	123	段落	G1-Global Structure	"paragraphs structure"	H
paragraphs	Chinese	358	段落	G1-Global Structure	"paragraphs structure"	H
paragraphs	Chinese	87	段落	G1-Global Structure	"paragraphs structure"	H
paragraphs	Chinese	194	段落	G1-Global Structure	"paragraphs structure"	H
paragraphs	Chinese	703	段落	G1-Global Structure	"paragraphs structure"	H
paragraphs	Chinese	445	段落	G1-Global Structure	"paragraphs structure"	H
paragraphs	Chinese	477	段落	G1-Global Structure	"paragraphs structure"	H
paragraphs	Chinese	720	段落	G2-Correctness-Grammar	"paragraphs grammar"	H
paragraphs	Chinese	104	段落	G1-Global Structure	"paragraphs structure"	H
paragraphs	Chinese	226	段落	G1-Global Structure	"paragraphs structure"	H
paragraphs	Chinese	453	段落	G1-Global Structure	"paragraphs structure"	H
paragraphs	Chinese	644	段落	G1-Global Structure	"paragraphs structure"	H
paragraphs	Chinese	238	段落	G1-Global Structure	"paragraphs structure"	H
paragraphs	Chinese	300	段落	G1-Global Structure	"paragraphs structure"	H
paragraphs	Chinese	653	段落	G1-Global Structure	"paragraphs structure"	H
paragraphs	Chinese	338	段落	G1-Global Structure	"paragraphs structure"	H
paragraphs	Chinese	619	段落	G1-Global Structure	"paragraphs structure"	H
paragraphs	Chinese	325	段落	G1-Global Structure	"paragraphs structure"	H
paragraphs	Chinese	355	段落	G1-Global Structure	"paragraphs structure"	H
paragraphs	Chinese	241	段落	G1-Development	"paragraphs development"	H
paragraphs	Chinese	260	段落	G1-Global Structure	"paragraphs structure"	H
paragraphs	Chinese	283	段落	G1-Global Structure	"paragraphs structure"	H
paragraphs	Chinese	671	段落	G1-Global Structure	"paragraphs structure"	H
paragraphs	Chinese	161	段落	G1-Global Structure	"paragraphs structure"	H
paragraphs	Chinese	186	段落	G1-Global Structure	"paragraphs structure"	H
paragraphs	Chinese	701	段落	G1-Global Structure	"paragraphs structure"	H
paragraphs	Chinese	116	段落	G1-Global Structure	"paragraphs structure"	H
paragraphs	Chinese	281	段落	G1-Global Structure	"paragraphs structure"	H
paragraphs	Chinese	804	段落	G1-Global Structure	"paragraphs structure"	H
paragraphs	Chinese	509	段落	G1-Global Structure	"paragraphs structure"	H
paragraphs	Chinese	425	段落	G1-Global Structure	"paragraphs structure"	H
paragraphs	Chinese	706	段落	G1-Global Structure	"paragraphs structure"	H
paragraphs	Chinese	44	段落	G1-Global Structure	"paragraphs structure"	H
paragraphs	Chinese	337	段落	G1-Global Structure	"paragraphs structure"	H
paragraphs	Chinese	394	段落	G1-Global Structure	"paragraphs structure"	H
paragraphs	Chinese	206	段落	G1-Global Structure	"paragraphs structure"	H
paragraphs	Chinese	622	段落	G1-Global Structure	"paragraphs structure"	H
paragraphs	Chinese	440	段落	G1-Global Structure	"paragraphs structure"	H
paragraphs	Chinese	486	段落	G1-Global Structure	"paragraphs structure"	H
paragraphs	Chinese	204	段落	G1-Global Structure	"paragraphs structure"	H
paragraphs	Chinese	168	段落	G1-Global Structure	"paragraphs structure"	H
paragraphs	Chinese	182	段落	G1-Global Structure	"paragraphs structure"	H
paragraphs	Chinese	203	段落	G1-Global Structure	"paragraphs structure"	H
paragraphs	Chinese	232	段落	G1-Global Structure	"paragraphs structure"	H
paragraphs	Chinese	569	段落	G1-Global Structure	"paragraphs structure"	H
paragraphs	Chinese	588	段落	G1-Global Structure	"paragraphs structure"	H
paragraphs	Chinese	620	段落	G1-Global Structure	"paragraphs structure"	H
paragraphs	Chinese	650	段落	G1-Global Structure	"paragraphs structure"	H
paragraphs	Chinese	591	段落	G1-Global Structure	"paragraphs structure"	H
paragraphs	Chinese	117	段落	G1-Global Structure	"paragraphs structure"	H
paragraphs	Chinese	371	段落	G1-Global Structure	"paragraphs structure"	H
paragraphs	Chinese	387	段落	G1-Global Structure	"paragraphs structure"	H
paragraphs	Chinese	605	段落	G1-Global Structure	"paragraphs structure"	H
paragraphs	Chinese	644	段落	G1-Global Structure	"paragraphs structure"	H
paragraphs	Chinese	689	段落	G2-Correctness-Grammar	"paragraphs grammar"	H
paragraphs	Chinese	642	段落	G1-Global Structure	"paragraphs structure"	H
paragraphs	Chinese	716	段落	G1-Global Structure	"paragraphs structure"	H
paragraphs	Chinese	294	段落	G1-Global Structure	"paragraphs structure"	H
paragraphs	Chinese	358	段落	G1-Global Structure	"paragraphs structure"	H
paragraphs	Chinese	380	段落	G1-Global Structure	"paragraphs structure"	H
paragraphs	Chinese	397	段落	G1-Global Structure	"paragraphs structure"	H
paragraphs	Chinese	291	段落	G1-Global Structure	"paragraphs structure"	H
paragraphs	Chinese	751	段落	G1-Global Structure	"paragraphs structure"	H
paragraphs	Chinese	278	段落	G1-Global Structure	"paragraphs structure"	H
paragraphs	Chinese	328	段落	G1-Global Structure	"paragraphs structure"	H
paragraphs	Chinese	746	段落	G1-Global Structure	"paragraphs structure"	H
paragraphs	Chinese	181	段落	G1-Global Structure	"paragraphs structure"	H
paragraphs	Chinese	244	段落	G1-Global Structure	"paragraphs structure"	H
paragraphs	Chinese	719	段落	G1-Global Structure	"paragraphs structure"	H
paragraphs	Chinese	593	段落	G1-Global Structure	"paragraphs structure"	H
paragraphs	Chinese	281	段落	G1-Global Structure	"paragraphs structure"	H
paragraphs	Chinese	411	段落	G1-Global Structure	"paragraphs structure"	H
paragraphs	Chinese	416	段落	G1-Global Structure	"paragraphs structure"	H
paragraphs	Chinese	515	段落	G1-Global Structure	"paragraphs structure"	H
paragraphs	Chinese	783	段落	G1-Global Structure	"paragraphs structure"	H
paragraphs	Chinese	88	段落	G1-Global Structure	"paragraphs structure"	H
paragraphs	Chinese	131	段落	G1-Global Structure	"paragraphs structure"	H
paragraphs	Chinese	404	段落	G1-Global Structure	"paragraphs structure"	H
paragraphs	Chinese	726	段落	G1-Global Structure	"paragraphs structure"	H
paragraphs	Chinese	592	段落	G1-Global Structure	"paragraphs structure"	H
paragraphs	Chinese	160	段落	G1-Global Structure	"paragraphs structure"	H
paragraphs	Chinese	706	段落	G1-Global Structure	"paragraphs structure"	H
paragraphs	Chinese	367	段落	G1-Global Structure	"paragraphs structure"	H
paragraphs	Chinese	372	段落	G1-Global Structure	"paragraphs structure"	H
paragraphs	Chinese	698	段落	G2-Correctness-Grammar	"paragraphs grammar"	H
paragraphs	Chinese	110	段落	G1-Global Structure	"paragraphs structure"	H
paragraphs	Chinese	485	段落	G1-Global Structure	"paragraphs structure"	H
paragraphs	Chinese	204	段落	G1-Global Structure	"paragraphs structure"	H
paragraphs	Chinese	270	段落	G1-Global Structure	"paragraphs structure"	H
paragraphs	Chinese	810	段落	G2-Correctness-Grammar	"paragraphs grammar"	H
paragraphs	Chinese	298	段落	G1-Global Structure	"paragraphs structure"	H
paragraphs	Chinese	241	段落	G1-Global Structure	"paragraphs structure"	H
paragraphs	Chinese	356	段落	G1-Global Structure	"paragraphs structure"	H
paragraphs	Chinese	630	段落	G1-Global Structure	"paragraphs structure"	H
paragraphs	Chinese	51	段落	G1-Global Structure	"paragraphs structure"	H
paragraphs	Chinese	579	段落	G1-Global Structure	"paragraphs structure"	H
paragraphs	Chinese	634	段落	G1-Global Structure	"paragraphs structure"	H
paragraphs	Chinese	223	段落	G1-Global Structure	"paragraphs structure"	H
paragraphs	Chinese	282	段落	G1-Global Structure	"paragraphs structure"	H
paragraphs	Chinese	509	段落	G1-Global Structure	"paragraphs structure"	H
paragraphs	Chinese	636	段落	G1-Global Structure	"paragraphs structure"	H
paragraphs	Chinese	325	段落	G1-Global Structure	"paragraphs structure"	H
paragraphs	Chinese	368	段落	G1-Global Structure	"paragraphs structure"	H
paragraphs	Chinese	382	段落	G1-Global Structure	"paragraphs structure"	H
paragraphs	Chinese	473	段落	G1-Global Structure	"paragraphs structure"	H
paragraphs	Chinese	740	段落	G1-Global Structure	"paragraphs structure"	H
paragraphs	Chinese	307	段落	G1-Global Structure	"paragraphs structure"	H
paragraphs	Chinese	669	段落	G1-Global Structure	"paragraphs structure"	H
paragraphs	Chinese	691	段落	G1-Global Structure	"paragraphs structure"	H
paragraphs	Chinese	270	段落	G1-Global Structure	"paragraphs structure"	H
paragraphs	Chinese	329	段落	G1-Global Structure	"paragraphs structure"	H
paragraphs	Chinese	254	段落	G1-Global Structure	"paragraphs structure"	H
paragraphs	Chinese	723	段落	G1-Global Structure	"paragraphs structure"	H
paragraphs	Chinese	225	段落	G1-Global Structure	"paragraphs structure"	H
paragraphs	Chinese	99	段落	G1-Global Structure	"paragraphs structure"	H
paragraphs	Chinese	199	段落	G1-Global Structure	"paragraphs structure"	H
paragraphs	Chinese	596	段落	G1-Global Structure	"paragraphs structure"	H
paragraphs	Chinese	619	段落	G1-Global Structure	"paragraphs structure"	H
paragraphs	Chinese	778	段落	G1-Global Structure	"paragraphs structure"	H
paragraphs	Chinese	136	段落	G1-Global Structure	"paragraphs structure"	H
paragraphs	Chinese	478	段落	G1-Global Structure	"paragraphs structure"	H
paragraphs	Chinese	737	段落	G1-Global Structure	"paragraphs structure"	H
paragraphs	Chinese	399	段落	G1-Global Structure	"paragraphs structure"	H
paragraphs	Chinese	258	段落	G1-Global Structure	"paragraphs structure"	H
paragraphs	Chinese	276	段落	G1-Global Structure	"paragraphs structure"	H
paragraphs	Chinese	292	段落	G1-Global Structure	"paragraphs structure"	H
paragraphs	Chinese	326	段落	G1-Global Structure	"paragraphs structure"	H
paragraphs	Chinese	711	段落	G1-Global Structure	"paragraphs structure"	H
paragraphs	Chinese	117	段落	G1-Global Structure	"paragraphs structure"	H
paragraphs	Chinese	314	段落	G1-Global Structure	"paragraphs structure"	H
paragraphs	Chinese	669	段落	G1-Global Structure	"paragraphs structure"	H
paragraphs	Chinese	118	段落	G1-Global Structure	"paragraphs structure"	H
paragraphs	Chinese	268	段落	G1-Global Structure	"paragraphs structure"	H
paragraphs	Chinese	490	段落	G1-Global Structure	"paragraphs structure"	H
paragraphs	Chinese	572	段落	G1-Global Structure	"paragraphs structure"	H
paragraphs	Chinese	528	段落	G1-Global Structure	"paragraphs structure"	H
paragraphs	Chinese	579	段落	G1-Global Structure	"paragraphs structure"	H
paragraphs	Chinese	668	段落	G1-Global Structure	"paragraphs structure"	H
paragraphs	Chinese	482	段落	G1-Global Structure	"paragraphs structure"	H
paragraphs	Chinese	640	段落	G1-Global Structure	"paragraphs structure"	H
paragraphs	Chinese	294	段落	G1-Global Structure	"paragraphs structure"	H
paragraphs	Chinese	412	段落	G1-Global Structure	"paragraphs structure"	H
paragraphs	Chinese	430	段落	G1-Global Structure	"paragraphs structure"	H
paragraphs	Chinese	703	段落	G1-Global Structure	"paragraphs structure"	H
paragraphs	Chinese	752	段落	G1-Global Structure	"paragraphs structure"	H
paragraphs	Chinese	175	段落	G1-Global Structure	"paragraphs structure"	H
paragraphs	Chinese	305	段落	G1-Global Structure	"paragraphs structure"	H
paragraphs	Chinese	177	段落	G1-Global Structure	"paragraphs structure"	H
paragraphs	Chinese	209	段落	G1-Global Structure	"paragraphs structure"	H
paragraphs	Chinese	647	段落	G1-Global Structure	"paragraphs structure"	H
paragraphs	Chinese	525	段落	G1-Global Structure	"paragraphs structure"	H
paragraphs	Chinese	539	段落	G1-Global Structure	"paragraphs structure"	H
paragraphs	Chinese	328	段落	G1-Global Structure	"paragraphs structure"	H
paragraphs	Chinese	110	段落	G1-Global Structure	"paragraphs structure"	H
paragraphs	Chinese	176	段落	G1-Development	"paragraphs development"	H
paragraphs	Chinese	215	段落	G1-Global Structure	"paragraphs structure"	H
paragraphs	Chinese	224	段落	G1-Global Structure	"paragraphs structure"	H
paragraphs	Chinese	254	段落	G1-Global Structure	"paragraphs structure"	H
paragraphs	Chinese	328	段落	G1-Global Structure	"paragraphs structure"	H
paragraphs	Chinese	389	段落	G1-Global Structure	"paragraphs structure"	H
paragraphs	Chinese	701	段落	G1-Global Structure	"paragraphs structure"	H
paragraphs	Chinese	270	段落	G1-Global Structure	"paragraphs structure"	H
paragraphs	Chinese	294	段落	G1-Global Structure	"paragraphs structure"	H
paragraphs	Chinese	313	段落	G1-Global Structure	"paragraphs structure"	H
paragraphs	Chinese	711	段落	G1-Global Structure	"paragraphs structure"	H
paragraphs	Chinese	702	段落	G1-Global Structure	"paragraphs structure"	H
paragraphs	Chinese	148	段落	G1-Global Structure	"paragraphs structure"	H
paragraphs	Chinese	258	段落	G1-Global Structure	"paragraphs structure"	H
paragraphs	Chinese	731	段落	G1-Global Structure	"paragraphs structure"	H
paragraphs	Chinese	78	段落	G1-Global Structure	"paragraphs structure"	H
paragraphs	Chinese	204	段落	G1-Global Structure	"paragraphs structure"	H
paragraphs	Chinese	734	段落	G1-Global Structure	"paragraphs structure"	H
paragraphs	Chinese	95	段落	G1-Global Structure	"paragraphs structure"	H
paragraphs	Chinese	217	段落	G1-Global Structure	"paragraphs structure"	H
paragraphs	Chinese	777	段落	G1-Global Structure	"paragraphs structure"	H
paragraphs	Chinese	790	段落	G2-Correctness-Grammar	"paragraphs grammar"	H
paragraphs	Chinese	113	段落	G1-Global Structure	"paragraphs structure"	H
paragraphs	Chinese	380	段落	G1-Global Structure	"paragraphs structure"	H
paragraphs	Chinese	602	段落	G1-Global Structure	"paragraphs structure"	H
paragraphs	Chinese	107	段落	G1-Global Structure	"paragraphs structure"	H
paragraphs	Chinese	478	段落	G1-Global Structure	"paragraphs structure"	H
paragraphs	Chinese	514	段落	G1-Global Structure	"paragraphs structure"	H
paragraphs	Chinese	715	段落	G1-Global Structure	"paragraphs structure"	H
paragraphs	Chinese	755	段落	G1-Global Structure	"paragraphs structure"	H
paragraphs	Chinese	91	段落	G1-Global Structure	"paragraphs structure"	H
paragraphs	Chinese	102	段落	G1-Global Structure	"paragraphs structure"	H
paragraphs	Chinese	159	段落	G1-Development	"paragraphs development"	H
paragraphs	Chinese	447	段落	G1-Global Structure	"paragraphs structure"	H
paragraphs	Chinese	501	段落	G1-Global Structure	"paragraphs structure"	H
paragraphs	Chinese	256	段落	G1-Global Structure	"paragraphs structure"	H
paragraphs	Chinese	257	段落	G1-Global Structure	"paragraphs structure"	H
paragraphs	Chinese	302	段落	G1-Global Structure	"paragraphs structure"	H
paragraphs	Chinese	694	段落	G1-Global Structure	"paragraphs structure"	H
paragraphs	Chinese	717	段落	G1-Global Structure	"paragraphs structure"	H
paragraphs	Chinese	221	段落	G1-Global Structure	"paragraphs structure"	H
paragraphs	Chinese	129	段落	G1-Global Structure	"paragraphs structure"	H
paragraphs	Chinese	584	段落	G1-Global Structure	"paragraphs structure"	H
paragraphs	Chinese	162	段落	G1-Global Structure	"paragraphs structure"	H
paragraphs	Chinese	231	段落	G1-Global Structure	"paragraphs structure"	H
paragraphs	Chinese	563	段落	G1-Global Structure	"paragraphs structure"	H
paragraphs	Chinese	628	段落	G1-Global Structure	"paragraphs structure"	H
paragraphs	Chinese	700	段落	G1-Global Structure	"paragraphs structure"	H
paragraphs	Chinese	36	段落	G1-Global Structure	"paragraphs structure"	H
paragraphs	Chinese	107	段落	G1-Global Structure	"paragraphs structure"	H
paragraphs	Chinese	400	段落	G1-Global Structure	"paragraphs structure"	H
paragraphs	Chinese	259	段落	G1-Global Structure	"paragraphs structure"	H
paragraphs	Chinese	329	段落	G1-Global Structure	"paragraphs structure"	H
paragraphs	Chinese	428	段落	G1-Global Structure	"paragraphs structure"	H
paragraphs	Chinese	184	段落	G1-Global Structure	"paragraphs structure"	H
paragraphs	Chinese	97	段落	G1-Global Structure	"paragraphs structure"	H
paragraphs	Chinese	185	段落	G1-Global Structure	"paragraphs structure"	H
paragraphs	Chinese	270	段落	G1-Global Structure	"paragraphs structure"	H
paragraphs	Chinese	510	段落	G1-Global Structure	"paragraphs structure"	H
paragraphs	Chinese	324	段落	G1-Global Structure	"paragraphs structure"	H
paragraphs	Chinese	160	段落	G1-Global Structure	"paragraphs structure"	H
paragraphs	Chinese	181	段落	G1-Global Structure	"paragraphs structure"	H
paragraphs	Chinese	672	段落	G1-Global Structure	"paragraphs structure"	H
paragraphs	Chinese	166	段落	G1-Global Structure	"paragraphs structure"	H
paragraphs	Chinese	390	段落	G1-Global Structure	"paragraphs structure"	H
paragraphs	Chinese	415	段落	G1-Global Structure	"paragraphs structure"	H
paragraphs	Chinese	704	段落	G2-Correctness-Grammar	"paragraphs grammar"	H
paragraphs	Chinese	432	段落	G1-Global Structure	"paragraphs structure"	H
paragraphs	Chinese	468	段落	G1-Global Structure	"paragraphs structure"	H
paragraphs	Chinese	476	段落	G1-Global Structure	"paragraphs structure"	H
paragraphs	Chinese	611	段落	G1-Global Structure	"paragraphs structure"	H
paragraphs	Chinese	734	段落	G1-Global Structure	"paragraphs structure"	H
paragraphs	Chinese	251	段落	G1-Global Structure	"paragraphs structure"	H
paragraphs	Chinese	680	段落	G1-Global Structure	"paragraphs structure"	H
paragraphs	Chinese	643	段落	G1-Global Structure	"paragraphs structure"	H
paragraphs	Chinese	165	段落	G1-Global Structure	"paragraphs structure"	H
paragraphs	Chinese	720	段落	G1-Global Structure	"paragraphs structure"	H
paragraphs	Chinese	113	段落	G1-Global Structure	"paragraphs structure"	H
paragraphs	Chinese	285	段落	G1-Development	"paragraphs development"	H
paragraphs	Chinese	305	段落	G1-Global Structure	"paragraphs structure"	H
paragraphs	Chinese	645	段落	G1-Global Structure	"paragraphs structure"	H
paragraphs	Chinese	99	段落	G1-Global Structure	"paragraphs structure"	H
paragraphs	Chinese	649	段落	G1-Global Structure	"paragraphs structure"	H
paragraphs	Chinese	674	段落	G1-Global Structure	"paragraphs structure"	H
paragraphs	Chinese	729	段落	G1-Global Structure	"paragraphs structure"	H
paragraphs	Chinese	393	段落	G1-Global Structure	"paragraphs structure"	H
paragraphs	Chinese	683	段落	G1-Global Structure	"paragraphs structure"	H
paragraphs	Chinese	217	段落	G1-Global Structure	"paragraphs structure"	H
paragraphs	Chinese	94	段落	G1-Global Structure	"paragraphs structure"	H
paragraphs	Chinese	216	段落	G1-Global Structure	"paragraphs structure"	H
paragraphs	Chinese	765	段落	G1-Global Structure	"paragraphs structure"	H
paragraphs	Chinese	227	段落	G1-Global Structure	"paragraphs structure"	H
paragraphs	Chinese	688	段落	G1-Global Structure	"paragraphs structure"	H
paragraphs	Chinese	214	段落	G1-Global Structure	"paragraphs structure"	H
paragraphs	Chinese	235	段落	G1-Global Structure	"paragraphs structure"	H
paragraphs	Chinese	295	段落	G1-Global Structure	"paragraphs structure"	H
paragraphs	Chinese	56	段落	G1-Global Structure	"paragraphs structure"	H
paragraphs	Chinese	212	段落	G1-Global Structure	"paragraphs structure"	H
paragraphs	Chinese	223	段落	G1-Global Structure	"paragraphs structure"	H
paragraphs	Chinese	661	段落	G1-Global Structure	"paragraphs structure"	H
paragraphs	Chinese	435	段落	G1-Global Structure	"paragraphs structure"	H
paragraphs	Chinese	313	段落	G1-Global Structure	"paragraphs structure"	H
paragraphs	Chinese	684	段落	G1-Global Structure	"paragraphs structure"	H
paragraphs	Chinese	243	段落	G1-Global Structure	"paragraphs structure"	H
paragraphs	Chinese	739	段落	G1-Global Structure	"paragraphs structure"	H
paragraphs	Chinese	89	段落	G1-Global Structure	"paragraphs structure"	H
paragraphs	Chinese	225	段落	G1-Global Structure	"paragraphs structure"	H
paragraphs	Chinese	429	段落	G1-Global Structure	"paragraphs structure"	H
paragraphs	Chinese	444	段落	G1-Global Structure	"paragraphs structure"	H
paragraphs	Chinese	241	段落	G1-Global Structure	"paragraphs structure"	H
paragraphs	Chinese	737	段落	G1-Global Structure	"paragraphs structure"	H
paragraphs	Chinese	454	段落	G1-Global Structure	"paragraphs structure"	H
paragraphs	Chinese	152	段落	G1-Global Structure	"paragraphs structure"	H
paragraphs	Chinese	516	段落	G1-Global Structure	"paragraphs structure"	H
paragraphs	Chinese	192	段落	G1-Global Structure	"paragraphs structure"	H
paragraphs	Chinese	191	段落	G1-Global Structure	"paragraphs structure"	H
paragraphs	Chinese	430	段落	G1-Global Structure	"paragraphs structure"	H
paragraphs	Chinese	434	段落	G1-Global Structure	"paragraphs structure"	H
paragraphs	Chinese	277	段落	G1-Global Structure	"paragraphs structure"	H
paragraphs	Chinese	166	段落	G1-Global Structure	"paragraphs structure"	H
paragraphs	Chinese	171	段落	G1-Global Structure	"paragraphs structure"	H
paragraphs	Chinese	202	段落	G1-Global Structure	"paragraphs structure"	H
paragraphs	Chinese	327	段落	G1-Global Structure	"paragraphs structure"	H
paragraphs	Chinese	207	段落	G1-Global Structure	"paragraphs structure"	H
paragraphs	Chinese	171	段落	G1-Global Structure	"paragraphs structure"	H
paragraphs	Chinese	37	段落	G1-Global Structure	"paragraphs structure"	H
paragraphs	Chinese	199	段落	G1-Global Structure	"paragraphs structure"	H
paragraphs	Chinese	204	段落	G1-Global Structure	"paragraphs structure"	H
paragraphs	Chinese	182	段落	G1-Global Structure	"paragraphs structure"	H
paragraphs	Chinese	684	段落	G1-Global Structure	"paragraphs structure"	H
paragraphs	Chinese	234	段落	G1-Global Structure	"paragraphs structure"	H
paragraphs	Chinese	239	段落	G1-Global Structure	"paragraphs structure"	H
paragraphs	Chinese	642	段落	G1-Global Structure	"paragraphs structure"	H
paragraphs	Chinese	185	段落	G1-Global Structure	"paragraphs structure"	H
paragraphs	Chinese	193	段落	G1-Global Structure	"paragraphs structure"	H
paragraphs	Chinese	300	段落	G1-Global Structure	"paragraphs structure"	H
paragraphs	Chinese	196	段落	G1-Global Structure	"paragraphs structure"	H
paragraphs	Chinese	396	段落	G1-Global Structure	"paragraphs structure"	H
paragraphs	Chinese	129	段落	G1-Global Structure	"paragraphs structure"	H
paragraphs	Chinese	334	段落	G1-Global Structure	"paragraphs structure"	H
paragraphs	Chinese	384	段落	G1-Global Structure	"paragraphs structure"	H
paragraphs	Chinese	280	段落	G1-Global Structure	"paragraphs structure"	H
paragraphs	Chinese	669	段落	G1-Global Structure	"paragraphs structure"	H
paragraphs	Chinese	216	段落	G1-Global Structure	"paragraphs structure"	H
paragraphs	Chinese	645	段落	G2-Correctness-Grammar	"paragraphs grammar"	H
paragraphs	Chinese	363	段落	G1-Global Structure	"paragraphs structure"	H
paragraphs	Chinese	372	段落	G1-Global Structure	"paragraphs structure"	H
paragraphs	Chinese	161	段落	G1-Global Structure	"paragraphs structure"	H
paragraphs	Chinese	172	段落	G1-Development	"paragraphs development"	H
paragraphs	Chinese	672	段落	G1-Global Structure	"paragraphs structure"	H
paragraphs	Chinese	87	段落	G1-Global Structure	"paragraphs structure"	H
paragraphs	Chinese	484	段落	G1-Global Structure	"paragraphs structure"	H
paragraphs	Chinese	171	段落	G1-Global Structure	"paragraphs structure"	H
paragraphs	Chinese	220	段落	G1-Global Structure	"paragraphs structure"	H
paragraphs	Chinese	225	段落	G1-Global Structure	"paragraphs structure"	H
paragraphs	Chinese	214	段落	G1-Global Structure	"paragraphs structure"	H
paragraphs	Chinese	221	段落	G1-Development	"paragraphs development"	H
paragraphs	Chinese	670	段落	G1-Global Structure	"paragraphs structure"	H
paragraphs	Chinese	674	段落	G1-Global Structure	"paragraphs structure"	H
paragraphs	Chinese	227	段落	G1-Global Structure	"paragraphs structure"	H
paragraphs	Chinese	236	段落	G1-Global Structure	"paragraphs structure"	H
paragraphs	Chinese	118	段落	G1-Global Structure	"paragraphs structure"	H
paragraphs	Chinese	124	段落	G1-Global Structure	"paragraphs structure"	H
paragraphs	Chinese	325	段落	G1-Global Structure	"paragraphs structure"	H
paragraphs	Chinese	300	段落	G1-Global Structure	"paragraphs structure"	H
paragraphs	Chinese	90	段落	G1-Global Structure	"paragraphs structure"	H
paragraphs	Chinese	331	段落	G1-Global Structure	"paragraphs structure"	H
paragraphs	Chinese	345	段落	G1-Global Structure	"paragraphs structure"	H
paragraphs	Chinese	223	段落	G1-Global Structure	"paragraphs structure"	H
paragraphs	Chinese	303	段落	G1-Global Structure	"paragraphs structure"	H
paragraphs	Chinese	287	段落	G1-Global Structure	"paragraphs structure"	H
paragraphs	Chinese	39	段落	G1-Global Structure	"paragraphs structure"	H
paragraphs	Chinese	164	段落	G1-Global Structure	"paragraphs structure"	H
paragraphs	Chinese	591	段落	G1-Global Structure	"paragraphs structure"	H
paragraphs	Chinese	161	段落	G1-Global Structure	"paragraphs structure"	H
paragraphs	Chinese	692	段落	G1-Global Structure	"paragraphs structure"	H
paragraphs	Chinese	220	段落	G1-Global Structure	"paragraphs structure"	H
paragraphs	Chinese	214	段落	G1-Global Structure	"paragraphs structure"	H
paragraphs	Chinese	731	段落	G1-Global Structure	"paragraphs structure"	H
paragraphs	Chinese	259	段落	G1-Global Structure	"paragraphs structure"	H
paragraphs	Chinese	326	段落	G1-Global Structure	"paragraphs structure"	H
paragraphs	Chinese	677	段落	G1-Global Structure	"paragraphs structure"	H
paragraphs	Chinese	402	段落	G1-Global Structure	"paragraphs structure"	H
paragraphs	Chinese	670	段落	G1-Global Structure	"paragraphs structure"	H
paragraphs	Chinese	182	段落	G1-Global Structure	"paragraphs structure"	H
paragraphs	Chinese	254	段落	G1-Global Structure	"paragraphs structure"	H
paragraphs	Chinese	219	段落	G1-Global Structure	"paragraphs structure"	H
paragraphs	Chinese	241	段落	G1-Global Structure	"paragraphs structure"	H
paragraphs	Chinese	770	段落	G1-Global Structure	"paragraphs structure"	H
paragraphs	Chinese	224	段落	G1-Global Structure	"paragraphs structure"	H
paragraphs	Chinese	411	段落	G1-Global Structure	"paragraphs structure"	H
paragraphs	Chinese	169	段落	G1-Development	"paragraphs development"	H
paragraphs	Chinese	203	段落	G1-Global Structure	"paragraphs structure"	H
paragraphs	Chinese	143	段落	G1-Global Structure	"paragraphs structure"	H
paragraphs	Chinese	359	段落	G1-Global Structure	"paragraphs structure"	H
paragraphs	Chinese	200	段落	G1-Global Structure	"paragraphs structure"	H
paragraphs	Chinese	273	段落	G1-Global Structure	"paragraphs structure"	H
paragraphs	Chinese	146	段落	G1-Global Structure	"paragraphs structure"	H
paragraphs	Chinese	241	段落	G1-Global Structure	"paragraphs structure"	H
paragraphs	Chinese	272	段落	G1-Global Structure	"paragraphs structure"	H
paragraphs	Chinese	574	段落	G1-Global Structure	"paragraphs structure"	H
paragraphs	Chinese	71	段落	G1-Global Structure	"paragraphs structure"	H
paragraphs	Chinese	197	段落	G1-Global Structure	"paragraphs structure"	H
paragraphs	Chinese	612	段落	G1-Global Structure	"paragraphs structure"	H
paragraphs	Chinese	94	段落	G1-Global Structure	"paragraphs structure"	H
paragraphs	Chinese	32	段落	G1-Global Structure	"paragraphs structure"	H
paragraphs	Chinese	513	段落	G1-Global Structure	"paragraphs structure"	H
paragraphs	Chinese	96	段落	G1-Global Structure	"paragraphs structure"	H
paragraphs	Chinese	140	段落	G1-Global Structure	"paragraphs structure"	H
paragraphs	Chinese	463	段落	G1-Global Structure	"paragraphs structure"	H
paragraphs	Chinese	188	段落	G1-Global Structure	"paragraphs structure"	H
paragraphs	Chinese	176	段落	G1-Global Structure	"paragraphs structure"	H
paragraphs	Chinese	819	段落	G1-Global Structure	"paragraphs structure"	H
paragraphs	Chinese	174	段落	G1-Global Structure	"paragraphs structure"	H
paragraphs	Chinese	248	段落	G1-Global Structure	"paragraphs structure"	H
paragraphs	Chinese	250	段落	G1-Global Structure	"paragraphs structure"	H
paragraphs	Chinese	635	段落	G1-Global Structure	"paragraphs structure"	H
paragraphs	Chinese	291	段落	G1-Global Structure	"paragraphs structure"	H
paragraphs	Chinese	303	段落	G1-Global Structure	"paragraphs structure"	H
paragraphs	Chinese	94	段落	G1-Global Structure	"paragraphs structure"	H
paragraphs	Chinese	161	段落	G1-Global Structure	"paragraphs structure"	H
paragraphs	Chinese	322	段落	G1-Global Structure	"paragraphs structure"	H
paragraphs	Chinese	51	段落	G1-Global Structure	"paragraphs structure"	H
paragraphs	Chinese	356	段落	G1-Global Structure	"paragraphs structure"	H
paragraphs	Chinese	263	段落	G1-Global Structure	"paragraphs structure"	H
paragraphs	Chinese	762	段落	G1-Global Structure	"paragraphs structure"	H
paragraphs	Chinese	150	段落	G1-Global Structure	"paragraphs structure"	H
paragraphs	Chinese	249	段落	G1-Global Structure	"paragraphs structure"	H
paragraphs	Chinese	308	段落	G1-Global Structure	"paragraphs structure"	H
paragraphs	Chinese	199	段落	G1-Global Structure	"paragraphs structure"	H
paragraphs	Chinese	746	段落	G1-Global Structure	"paragraphs structure"	H
paragraphs	Chinese	307	段落	G1-Global Structure	"paragraphs structure"	H
paragraphs	Chinese	142	段落	G1-Global Structure	"paragraphs structure"	H
paragraphs	Chinese	84	段落	G1-Global Structure	"paragraphs structure"	H
paragraphs	Chinese	328	段落	G1-Global Structure	"paragraphs structure"	H
paragraphs	Chinese	379	段落	G1-Development	"paragraphs development"	H
paragraphs	Chinese	244	段落	G1-Development	"paragraphs development"	H
paragraphs	Chinese	325	段落	G1-Global Structure	"paragraphs structure"	H
paragraphs	Chinese	198	段落	G1-Global Structure	"paragraphs structure"	H
paragraphs	Chinese	748	段落	G1-Global Structure	"paragraphs structure"	H
paragraphs	Chinese	106	段落	G1-Global Structure	"paragraphs structure"	H
paragraphs	Chinese	281	段落	G1-Global Structure	"paragraphs structure"	H
paragraphs	Chinese	123	段落	G1-Global Structure	"paragraphs structure"	H
paragraphs	Chinese	78	段落	G1-Global Structure	"paragraphs structure"	H
paragraphs	Chinese	190	段落	G1-Global Structure	"paragraphs structure"	H
paragraphs	Chinese	214	段落	G1-Global Structure	"paragraphs structure"	H
paragraphs	Chinese	46	段落	G1-Global Structure	"paragraphs structure"	H
paragraphs	Chinese	108	段落	G1-Global Structure	"paragraphs structure"	H
paragraphs	Chinese	139	段落	G1-Global Structure	"paragraphs structure"	H
paragraphs	Chinese	419	段落	G1-Global Structure	"paragraphs structure"	H
paragraphs	Chinese	179	段落	G1-Global Structure	"paragraphs structure"	H
paragraphs	Chinese	736	段落	G1-Global Structure	"paragraphs structure"	H
paragraphs	Chinese	349	段落	G1-Global Structure	"paragraphs structure"	H
paragraphs	Chinese	498	段落	G1-Global Structure	"paragraphs structure"	H
paragraphs	Chinese	582	段落	G1-Global Structure	"paragraphs structure"	H
paragraphs	Chinese	239	段落	G1-Global Structure	"paragraphs structure"	H
paragraphs	Chinese	245	段落	G1-Global Structure	"paragraphs structure"	H
paragraphs	Chinese	189	段落	G1-Global Structure	"paragraphs structure"	H
paragraphs	Chinese	726	段落	G1-Global Structure	"paragraphs structure"	H
paragraphs	Chinese	289	段落	G1-Development	"paragraphs development"	H
paragraphs	Chinese	748	段落	G1-Global Structure	"paragraphs structure"	H
paragraphs	Chinese	136	段落	G1-Global Structure	"paragraphs structure"	H
paragraphs	Chinese	333	段落	G1-Development	"paragraphs development"	H
paragraphs	Chinese	246	段落	G1-Global Structure	"paragraphs structure"	H
paragraphs	Chinese	206	段落	G1-Global Structure	"paragraphs structure"	H
paragraphs	Chinese	226	段落	G1-Global Structure	"paragraphs structure"	H
paragraphs	Chinese	191	段落	G1-Global Structure	"paragraphs structure"	H
paragraphs	Chinese	201	段落	G1-Global Structure	"paragraphs structure"	H
paragraphs	Chinese	681	段落	G1-Global Structure	"paragraphs structure"	H
paragraphs	Chinese	399	段落	G1-Global Structure	"paragraphs structure"	H
paragraphs	Chinese	137	段落	G1-Global Structure	"paragraphs structure"	H
paragraphs	Chinese	454	段落	G1-Global Structure	"paragraphs structure"	H
paragraphs	Chinese	460	段落	G1-Development	"paragraphs development"	H
paragraphs	Chinese	254	段落	G1-Global Structure	"paragraphs structure"	H
paragraphs	Chinese	149	段落	G1-Global Structure	"paragraphs structure"	H
paragraphs	Chinese	211	段落	G1-Global Structure	"paragraphs structure"	H
paragraphs	Chinese	359	段落	G1-Global Structure	"paragraphs structure"	H
paragraphs	Chinese	44	段落	G1-Global Structure	"paragraphs structure"	H
paragraphs	Chinese	80	段落	G1-Global Structure	"paragraphs structure"	H
paragraphs	Chinese	592	段落	G1-Global Structure	"paragraphs structure"	H
paragraphs	Chinese	31	段落	G1-Global Structure	"paragraphs structure"	H
paragraphs	Chinese	117	段落	G1-Global Structure	"paragraphs structure"	H
paragraphs	Chinese	183	段落	G1-Global Structure	"paragraphs structure"	H
paragraphs	Chinese	612	段落	G1-Global Structure	"paragraphs structure"	H
paragraphs	Chinese	71	段落	G1-Global Structure	"paragraphs structure"	H
paragraphs	Chinese	194	段落	G1-Global Structure	"paragraphs structure"	H
paragraphs	Chinese	640	段落	G1-Global Structure	"paragraphs structure"	H
paragraphs	Chinese	103	段落	G1-Global Structure	"paragraphs structure"	H
paragraphs	Chinese	275	段落	G1-Global Structure	"paragraphs structure"	H
paragraphs	Chinese	693	段落	G1-Global Structure	"paragraphs structure"	H
paragraphs	Chinese	157	段落	G1-Global Structure	"paragraphs structure"	H
paragraphs	Chinese	705	段落	G1-Global Structure	"paragraphs structure"	H
paragraphs	Chinese	251	段落	G1-Global Structure	"paragraphs structure"	H
paragraphs	Chinese	641	段落	G1-Global Structure	"paragraphs structure"	H
paragraphs	Chinese	715	段落	G1-Global Structure	"paragraphs structure"	H
paragraphs	Chinese	134	段落	G1-Global Structure	"paragraphs structure"	H
paragraphs	Chinese	673	段落	G1-Global Structure	"paragraphs structure"	H
paragraphs	Chinese	208	段落	G1-Global Structure	"paragraphs structure"	H
paragraphs	Chinese	387	段落	G1-Global Structure	"paragraphs structure"	H
paragraphs	Chinese	208	段落	G1-Global Structure	"paragraphs structure"	H
paragraphs	Chinese	386	段落	G1-Global Structure	"paragraphs structure"	H
paragraphs	Chinese	412	段落	G1-Global Structure	"paragraphs structure"	H
paragraphs	Chinese	754	段落	G1-Global Structure	"paragraphs structure"	H
paragraphs	Chinese	258	段落	G1-Global Structure	"paragraphs structure"	H
paragraphs	Chinese	137	段落	G1-Global Structure	"paragraphs structure"	H
paragraphs	Chinese	176	段落	G1-Global Structure	"paragraphs structure"	H
paragraphs	Chinese	734	段落	G1-Global Structure	"paragraphs structure"	H
paragraphs	Chinese	85	段落	G1-Global Structure	"paragraphs structure"	H
paragraphs	Chinese	365	段落	G1-Global Structure	"paragraphs structure"	H
paragraphs	Chinese	690	段落	G1-Global Structure	"paragraphs structure"	H
paragraphs	Chinese	213	段落	G1-Development	"paragraphs development"	H
paragraphs	Chinese	581	段落	G1-Global Structure	"paragraphs structure"	H
paragraphs	Chinese	309	段落	G1-Development	"paragraphs development"	H
paragraphs	Chinese	645	段落	G1-Global Structure	"paragraphs structure"	H
paragraphs	Chinese	188	段落	G1-Global Structure	"paragraphs structure"	H
paragraphs	Chinese	691	段落	G1-Global Structure	"paragraphs structure"	H
paragraphs	Chinese	195	段落	G1-Global Structure	"paragraphs structure"	H
paragraphs	Chinese	211	段落	G1-Global Structure	"paragraphs structure"	H
paragraphs	Chinese	752	段落	G1-Global Structure	"paragraphs structure"	H
paragraphs	Chinese	195	段落	G1-Global Structure	"paragraphs structure"	H
paragraphs	Chinese	227	段落	G1-Global Structure	"paragraphs structure"	H
paragraphs	Chinese	724	段落	G1-Global Structure	"paragraphs structure"	H
paragraphs	Chinese	308	段落	G1-Development	"paragraphs development"	H
paragraphs	Chinese	726	段落	G1-Global Structure	"paragraphs structure"	H
paragraphs	Chinese	197	段落	G1-Global Structure	"paragraphs structure"	H
paragraphs	Chinese	709	段落	G1-Global Structure	"paragraphs structure"	H
paragraphs	Chinese	98	段落	G1-Global Structure	"paragraphs structure"	H
paragraphs	Chinese	117	段落	G1-Global Structure	"paragraphs structure"	H
paragraphs	Chinese	214	段落	G1-Global Structure	"paragraphs structure"	H
paragraphs	Chinese	297	段落	G1-Global Structure	"paragraphs structure"	H
paragraphs	Chinese	194	段落	G1-Global Structure	"paragraphs structure"	H
paragraphs	Chinese	38	段落	G1-Global Structure	"paragraphs structure"	H
paragraphs	Chinese	607	段落	G1-Global Structure	"paragraphs structure"	H
paragraphs	Chinese	221	段落	G1-Global Structure	"paragraphs structure"	H
paragraphs	Chinese	714	段落	G1-Global Structure	"paragraphs structure"	H
paragraphs	Chinese	224	段落	G1-Global Structure	"paragraphs structure"	H
paragraphs	Chinese	618	段落	G1-Global Structure	"paragraphs structure"	H
paragraphs	Chinese	638	段落	G1-Global Structure	"paragraphs structure"	H
paragraphs	Chinese	98	段落	G1-Global Structure	"paragraphs structure"	H
paragraphs	Chinese	214	段落	G1-Global Structure	"paragraphs structure"	H
paragraphs	Chinese	676	段落	G1-Global Structure	"paragraphs structure"	H
paragraphs	Chinese	291	段落	G1-Global Structure	"paragraphs structure"	H
paragraphs	Chinese	713	段落	G1-Global Structure	"paragraphs structure"	H
paragraphs	Chinese	156	段落	G1-Global Structure	"paragraphs structure"	H
paragraphs	Chinese	776	段落	G1-Global Structure	"paragraphs structure"	H
paragraphs	Chinese	179	段落	G1-Development	"paragraphs development"	H
paragraphs	Chinese	720	段落	G1-Global Structure	"paragraphs structure"	H
paragraphs	Chinese	190	段落	G1-Global Structure	"paragraphs structure"	H
paragraphs	Chinese	196	段落	G1-Global Structure	"paragraphs structure"	H
paragraphs	Chinese	616	段落	G1-Global Structure	"paragraphs structure"	H
paragraphs	Chinese	189	段落	G1-Global Structure	"paragraphs structure"	H
paragraphs	Chinese	693	段落	G1-Global Structure	"paragraphs structure"	H
paragraphs	Chinese	691	段落	G1-Global Structure	"paragraphs structure"	H
paragraphs	Chinese	158	段落	G1-Global Structure	"paragraphs structure"	H
